{
    "card": {
        "atk_init": "955",
        "atk_max": "3182",
        "aura_id": "",
        "aura_offset_x": "",
        "aura_offset_y": "",
        "aura_scale": "",
        "awakening_element_type": "2",
        "awakening_number": "",
        "bg_effect_id": "",
        "card_unique_info_id": "14",
        "character_id": "14",
        "collectable_type": "1",
        "cost": "10",
        "def_init": "954",
        "def_max": "3181",
        "eball_mod_max": "150",
        "eball_mod_max_num": "12",
        "eball_mod_mid": "0",
        "eball_mod_mid_num": "0",
        "eball_mod_min": "40",
        "eball_mod_num100": "5",
        "element": "1",
        "exp_type": "5",
        "face_x": "328",
        "face_y": "868",
        "grow_type": "23",
        "hp_init": "1469",
        "hp_max": "4897",
        "id": "1000160",
        "is_aura_front": "0",
        "is_selling_only": "0",
        "leader_skill_set_id": "100016",
        "link_skill1_id": "34",
        "link_skill2_id": "22",
        "link_skill3_id": "32",
        "link_skill4_id": "",
        "link_skill5_id": "",
        "link_skill6_id": "",
        "link_skill7_id": "",
        "lv_max": "60",
        "max_level_reward_id": "1",
        "max_level_reward_type": "1",
        "name": "Raditz",
        "optimal_awakening_grow_type": "",
        "passive_skill_set_id": "72",
        "potential_board_id": "",
        "price": "3355",
        "rarity": "2",
        "resource_id": "",
        "selling_exchange_point": "500",
        "skill_lv_max": "10",
        "special_motion": "1",
        "training_exp": "2765"
    },
    "card_specials": {
        "16": {
            "bonus_view_id1": "0",
            "bonus_view_id2": "0",
            "card_costume_condition_id": "0",
            "causality_conditions": "",
            "eball_num_start": "12",
            "lv_start": "0",
            "priority": "0",
            "special_asset_id": "",
            "special_bonus_id1": "0",
            "special_bonus_id2": "0",
            "special_bonus_lv1": "0",
            "special_bonus_lv2": "0",
            "special_set_id": "19",
            "style": "Normal",
            "view_id": "16"
        }
    },
    "categories": [
        {
            "id": "11"
        },
        {
            "id": "17"
        },
        {
            "id": "30"
        },
        {
            "id": "41"
        },
        {
            "id": "62"
        },
        {
            "id": "86"
        },
        {
            "id": "97"
        }
    ],
    "leader_skill": {
        "description": "ATK +25% when HP is 30% or less",
        "id": "100016",
        "name": "Peerless Saiyan",
        "skills": [
            {
                "calc_option": "2",
                "causality_conditions": "{\"source\": \"15\", \"compiled\": 15}",
                "efficacy_type": "1",
                "efficacy_values": "[25, 0, 0]",
                "exec_timing_type": "1",
                "sub_target_type_set_id": "0",
                "target_type": "2"
            },
            {
                "calc_option": "0",
                "causality_conditions": "{\"source\": \"15\", \"compiled\": 15}",
                "efficacy_type": "0",
                "efficacy_values": "[0, 0, 0]",
                "exec_timing_type": "1",
                "sub_target_type_set_id": "0",
                "target_type": "2"
            },
            {
                "calc_option": "0",
                "causality_conditions": "{\"source\": \"15\", \"compiled\": 15}",
                "efficacy_type": "0",
                "efficacy_values": "[0, 0, 0]",
                "exec_timing_type": "1",
                "sub_target_type_set_id": "0",
                "target_type": "2"
            },
            {
                "calc_option": "0",
                "causality_conditions": "{\"source\": \"15\", \"compiled\": 15}",
                "efficacy_type": "0",
                "efficacy_values": "[0, 0, 0]",
                "exec_timing_type": "1",
                "sub_target_type_set_id": "0",
                "target_type": "2"
            },
            {
                "calc_option": "0",
                "causality_conditions": "{\"source\": \"15\", \"compiled\": 15}",
                "efficacy_type": "0",
                "efficacy_values": "[0, 0, 0]",
                "exec_timing_type": "1",
                "sub_target_type_set_id": "0",
                "target_type": "2"
            }
        ]
    },
    "passive_skill": {
        "id": "72",
        "itemized_description": "*When HP is 30% or less*\r\n- All enemies' and all allies' ATK 25%{passiveImg:up_g}",
        "name": "Desperation",
        "skills": [
            {
                "calc_option": "2",
                "causality_conditions": "{\"source\": \"15\", \"compiled\": 15}",
                "eff_value1": "25",
                "eff_value2": "0",
                "eff_value3": "0",
                "efficacy_type": "1",
                "efficacy_values": "{}",
                "exec_timing_type": "1",
                "is_once": "1",
                "passive_skill_effect_id": "",
                "probability": "100",
                "sub_target_type_set_id": "0",
                "target_type": "4",
                "turn": "1"
            },
            {
                "calc_option": "2",
                "causality_conditions": "{\"source\": \"15\", \"compiled\": 15}",
                "eff_value1": "25",
                "eff_value2": "0",
                "eff_value3": "0",
                "efficacy_type": "1",
                "efficacy_values": "{}",
                "exec_timing_type": "1",
                "is_once": "1",
                "passive_skill_effect_id": "",
                "probability": "100",
                "sub_target_type_set_id": "0",
                "target_type": "2",
                "turn": "1"
            }
        ]
    },
    "special_sets": {
        "19": [
            {
                "aim_target": "0",
                "causality_description": "",
                "description": "Causes huge damage to enemy",
                "increase_rate": "100",
                "is_inactive": "0",
                "lv_bonus": "10",
                "name": "Double Sunday"
            }
        ]
    },
    "specials": {
        "19": [
        ]
    }
}
