{
    "card": {
        "atk_init": "933",
        "atk_max": "3109",
        "aura_id": "",
        "aura_offset_x": "",
        "aura_offset_y": "",
        "aura_scale": "",
        "awakening_element_type": "2",
        "awakening_number": "",
        "bg_effect_id": "",
        "card_unique_info_id": "20",
        "character_id": "21",
        "collectable_type": "1",
        "cost": "8",
        "def_init": "924",
        "def_max": "3079",
        "eball_mod_max": "150",
        "eball_mod_max_num": "12",
        "eball_mod_mid": "0",
        "eball_mod_mid_num": "0",
        "eball_mod_min": "40",
        "eball_mod_num100": "5",
        "element": "1",
        "exp_type": "4",
        "face_x": "439",
        "face_y": "771",
        "grow_type": "21",
        "hp_init": "1595",
        "hp_max": "5315",
        "id": "1000220",
        "is_aura_front": "0",
        "is_selling_only": "0",
        "leader_skill_set_id": "100022",
        "link_skill1_id": "35",
        "link_skill2_id": "31",
        "link_skill3_id": "4",
        "link_skill4_id": "1001",
        "link_skill5_id": "110",
        "link_skill6_id": "",
        "link_skill7_id": "",
        "lv_max": "60",
        "max_level_reward_id": "1",
        "max_level_reward_type": "1",
        "name": "Android #17",
        "optimal_awakening_grow_type": "",
        "passive_skill_set_id": "137",
        "potential_board_id": "",
        "price": "3090",
        "rarity": "2",
        "resource_id": "",
        "selling_exchange_point": "500",
        "skill_lv_max": "10",
        "special_motion": "1",
        "training_exp": "2765"
    },
    "card_specials": {
        "22": {
            "bonus_view_id1": "0",
            "bonus_view_id2": "0",
            "card_costume_condition_id": "0",
            "causality_conditions": "",
            "eball_num_start": "12",
            "lv_start": "0",
            "priority": "0",
            "special_asset_id": "",
            "special_bonus_id1": "0",
            "special_bonus_id2": "0",
            "special_bonus_lv1": "0",
            "special_bonus_lv2": "0",
            "special_set_id": "26",
            "style": "Normal",
            "view_id": "22"
        }
    },
    "categories": [
        {
            "id": "21"
        },
        {
            "id": "35"
        },
        {
            "id": "38"
        },
        {
            "id": "43"
        },
        {
            "id": "94"
        },
        {
            "id": "97"
        }
    ],
    "leader_skill": {
        "description": "AGL Type enemies' ATK -25%",
        "id": "100022",
        "name": "Infinite Fighting Spirit",
        "skills": [
            {
                "calc_option": "3",
                "causality_conditions": "",
                "efficacy_type": "16",
                "efficacy_values": "[0, 25, 0]",
                "exec_timing_type": "1",
                "sub_target_type_set_id": "0",
                "target_type": "4"
            },
            {
                "calc_option": "0",
                "causality_conditions": "",
                "efficacy_type": "0",
                "efficacy_values": "[0, 0, 0]",
                "exec_timing_type": "1",
                "sub_target_type_set_id": "0",
                "target_type": "4"
            },
            {
                "calc_option": "0",
                "causality_conditions": "",
                "efficacy_type": "0",
                "efficacy_values": "[0, 0, 0]",
                "exec_timing_type": "1",
                "sub_target_type_set_id": "0",
                "target_type": "4"
            },
            {
                "calc_option": "0",
                "causality_conditions": "",
                "efficacy_type": "0",
                "efficacy_values": "[0, 0, 0]",
                "exec_timing_type": "1",
                "sub_target_type_set_id": "0",
                "target_type": "4"
            },
            {
                "calc_option": "0",
                "causality_conditions": "",
                "efficacy_type": "0",
                "efficacy_values": "[0, 0, 0]",
                "exec_timing_type": "1",
                "sub_target_type_set_id": "0",
                "target_type": "4"
            }
        ]
    },
    "passive_skill": {
        "id": "137",
        "itemized_description": "*Basic effect(s)*\r\n- Chance of all enemies' DEF 100%{passiveImg:down_y}",
        "name": "Overwhelming Pressure",
        "skills": [
            {
                "calc_option": "3",
                "causality_conditions": "",
                "eff_value1": "100",
                "eff_value2": "0",
                "eff_value3": "0",
                "efficacy_type": "2",
                "efficacy_values": "{}",
                "exec_timing_type": "1",
                "is_once": "0",
                "passive_skill_effect_id": "",
                "probability": "10",
                "sub_target_type_set_id": "0",
                "target_type": "4",
                "turn": "1"
            }
        ]
    },
    "special_sets": {
        "26": [
            {
                "aim_target": "0",
                "causality_description": "",
                "description": "Causes huge damage to enemy",
                "increase_rate": "100",
                "is_inactive": "0",
                "lv_bonus": "10",
                "name": "Full Power Energy Ball"
            }
        ]
    },
    "specials": {
        "26": [
        ]
    }
}
