{
    "card": {
        "atk_init": "702",
        "atk_max": "2340",
        "aura_id": "",
        "aura_offset_x": "",
        "aura_offset_y": "",
        "aura_scale": "",
        "awakening_element_type": "1",
        "awakening_number": "",
        "bg_effect_id": "",
        "card_unique_info_id": "11",
        "character_id": "11",
        "collectable_type": "1",
        "cost": "5",
        "def_init": "653",
        "def_max": "2176",
        "eball_mod_max": "110",
        "eball_mod_max_num": "12",
        "eball_mod_mid": "0",
        "eball_mod_mid_num": "0",
        "eball_mod_min": "50",
        "eball_mod_num100": "4",
        "element": "0",
        "exp_type": "1",
        "face_x": "431",
        "face_y": "914",
        "grow_type": "11",
        "hp_init": "774",
        "hp_max": "2580",
        "id": "1000310",
        "is_aura_front": "0",
        "is_selling_only": "0",
        "leader_skill_set_id": "100031",
        "link_skill1_id": "45",
        "link_skill2_id": "24",
        "link_skill3_id": "5",
        "link_skill4_id": "39",
        "link_skill5_id": "37",
        "link_skill6_id": "",
        "link_skill7_id": "",
        "lv_max": "40",
        "max_level_reward_id": "1",
        "max_level_reward_type": "1",
        "name": "Tien",
        "optimal_awakening_grow_type": "",
        "passive_skill_set_id": "39",
        "potential_board_id": "",
        "price": "1283",
        "rarity": "1",
        "resource_id": "",
        "selling_exchange_point": "50",
        "skill_lv_max": "10",
        "special_motion": "1",
        "training_exp": "1489"
    },
    "card_specials": {
        "31": {
            "bonus_view_id1": "0",
            "bonus_view_id2": "0",
            "card_costume_condition_id": "0",
            "causality_conditions": "",
            "eball_num_start": "12",
            "lv_start": "0",
            "priority": "0",
            "special_asset_id": "",
            "special_bonus_id1": "0",
            "special_bonus_id2": "0",
            "special_bonus_lv1": "0",
            "special_bonus_lv2": "0",
            "special_set_id": "13",
            "style": "Normal",
            "view_id": "31"
        }
    },
    "categories": [
        {
            "id": "37"
        },
        {
            "id": "51"
        },
        {
            "id": "79"
        },
        {
            "id": "86"
        },
        {
            "id": "89"
        }
    ],
    "leader_skill": {
        "description": "HP + 15%",
        "id": "100031",
        "name": "Unfaltering Spirit",
        "skills": [
            {
                "calc_option": "2",
                "causality_conditions": "",
                "efficacy_type": "19",
                "efficacy_values": "[0, 15, 0]",
                "exec_timing_type": "1",
                "sub_target_type_set_id": "0",
                "target_type": "2"
            },
            {
                "calc_option": "2",
                "causality_conditions": "",
                "efficacy_type": "19",
                "efficacy_values": "[1, 15, 0]",
                "exec_timing_type": "1",
                "sub_target_type_set_id": "0",
                "target_type": "2"
            },
            {
                "calc_option": "2",
                "causality_conditions": "",
                "efficacy_type": "19",
                "efficacy_values": "[2, 15, 0]",
                "exec_timing_type": "1",
                "sub_target_type_set_id": "0",
                "target_type": "2"
            },
            {
                "calc_option": "2",
                "causality_conditions": "",
                "efficacy_type": "19",
                "efficacy_values": "[3, 15, 0]",
                "exec_timing_type": "1",
                "sub_target_type_set_id": "0",
                "target_type": "2"
            },
            {
                "calc_option": "2",
                "causality_conditions": "",
                "efficacy_type": "19",
                "efficacy_values": "[4, 15, 0]",
                "exec_timing_type": "1",
                "sub_target_type_set_id": "0",
                "target_type": "2"
            }
        ]
    },
    "passive_skill": {
        "id": "39",
        "itemized_description": "*Basic effect(s)*\n- Rare chance of stunning all enemies",
        "name": "Restraint",
        "skills": [
            {
                "calc_option": "0",
                "causality_conditions": "",
                "eff_value1": "0",
                "eff_value2": "0",
                "eff_value3": "0",
                "efficacy_type": "9",
                "efficacy_values": "{}",
                "exec_timing_type": "1",
                "is_once": "0",
                "passive_skill_effect_id": "",
                "probability": "7",
                "sub_target_type_set_id": "0",
                "target_type": "4",
                "turn": "1"
            }
        ]
    },
    "special_sets": {
        "13": [
            {
                "aim_target": "0",
                "causality_description": "",
                "description": "Causes extreme damage to enemy",
                "increase_rate": "120",
                "is_inactive": "0",
                "lv_bonus": "15",
                "name": "Tri-Beam"
            }
        ]
    },
    "specials": {
        "13": [
        ]
    }
}
