{
    "card": {
        "atk_init": "2082",
        "atk_max": "3124",
        "aura_id": "",
        "aura_offset_x": "",
        "aura_offset_y": "",
        "aura_scale": "",
        "awakening_element_type": "2",
        "awakening_number": "",
        "bg_effect_id": "",
        "card_unique_info_id": "28",
        "character_id": "28",
        "collectable_type": "1",
        "cost": "5",
        "def_init": "2084",
        "def_max": "2813",
        "eball_mod_max": "140",
        "eball_mod_max_num": "12",
        "eball_mod_mid": "0",
        "eball_mod_mid_num": "0",
        "eball_mod_min": "50",
        "eball_mod_num100": "5",
        "element": "24",
        "exp_type": "1",
        "face_x": "464",
        "face_y": "790",
        "grow_type": "20",
        "hp_init": "2693",
        "hp_max": "4039",
        "id": "1000481",
        "is_aura_front": "0",
        "is_selling_only": "0",
        "leader_skill_set_id": "100048",
        "link_skill1_id": "6",
        "link_skill2_id": "90",
        "link_skill3_id": "",
        "link_skill4_id": "",
        "link_skill5_id": "",
        "link_skill6_id": "",
        "link_skill7_id": "",
        "lv_max": "60",
        "max_level_reward_id": "1",
        "max_level_reward_type": "1",
        "name": "Cymbal",
        "optimal_awakening_grow_type": "",
        "passive_skill_set_id": "83",
        "potential_board_id": "24",
        "price": "3093",
        "rarity": "2",
        "resource_id": "",
        "selling_exchange_point": "60",
        "skill_lv_max": "10",
        "special_motion": "1",
        "training_exp": "2765"
    },
    "card_specials": {
        "202": {
            "bonus_view_id1": "0",
            "bonus_view_id2": "0",
            "card_costume_condition_id": "0",
            "causality_conditions": "",
            "eball_num_start": "12",
            "lv_start": "0",
            "priority": "0",
            "special_asset_id": "",
            "special_bonus_id1": "0",
            "special_bonus_id2": "0",
            "special_bonus_lv1": "0",
            "special_bonus_lv2": "0",
            "special_set_id": "35",
            "style": "Normal",
            "view_id": "202"
        }
    },
    "categories": [
        {
            "id": "25"
        },
        {
            "id": "34"
        },
        {
            "id": "41"
        },
        {
            "id": "93"
        },
        {
            "id": "97"
        }
    ],
    "leader_skill": {
        "description": "PHY Type ATK + 15%",
        "id": "100048",
        "name": "Demon's Disciple",
        "skills": [
            {
                "calc_option": "2",
                "causality_conditions": "",
                "efficacy_type": "16",
                "efficacy_values": "[4, 15, 0]",
                "exec_timing_type": "1",
                "sub_target_type_set_id": "0",
                "target_type": "2"
            },
            {
                "calc_option": "0",
                "causality_conditions": "",
                "efficacy_type": "0",
                "efficacy_values": "[0, 0, 0]",
                "exec_timing_type": "1",
                "sub_target_type_set_id": "0",
                "target_type": "2"
            },
            {
                "calc_option": "0",
                "causality_conditions": "",
                "efficacy_type": "0",
                "efficacy_values": "[0, 0, 0]",
                "exec_timing_type": "1",
                "sub_target_type_set_id": "0",
                "target_type": "2"
            },
            {
                "calc_option": "0",
                "causality_conditions": "",
                "efficacy_type": "0",
                "efficacy_values": "[0, 0, 0]",
                "exec_timing_type": "1",
                "sub_target_type_set_id": "0",
                "target_type": "2"
            },
            {
                "calc_option": "0",
                "causality_conditions": "",
                "efficacy_type": "0",
                "efficacy_values": "[0, 0, 0]",
                "exec_timing_type": "1",
                "sub_target_type_set_id": "0",
                "target_type": "2"
            }
        ]
    },
    "passive_skill": {
        "id": "83",
        "itemized_description": "*When attacking with 10 or more Ki*\r\n- ATK 1500{passiveImg:up_g}",
        "name": "Latent Power",
        "skills": [
            {
                "calc_option": "0",
                "causality_conditions": "{\"source\": \"35\", \"compiled\": 35}",
                "eff_value1": "1500",
                "eff_value2": "0",
                "eff_value3": "0",
                "efficacy_type": "1",
                "efficacy_values": "{}",
                "exec_timing_type": "3",
                "is_once": "0",
                "passive_skill_effect_id": "",
                "probability": "100",
                "sub_target_type_set_id": "0",
                "target_type": "1",
                "turn": "1"
            }
        ]
    },
    "special_sets": {
        "35": [
            {
                "aim_target": "0",
                "causality_description": "",
                "description": "Causes huge damage to enemy",
                "increase_rate": "100",
                "is_inactive": "0",
                "lv_bonus": "10",
                "name": "Electromagnetic Wave"
            }
        ]
    },
    "specials": {
        "35": [
        ]
    }
}
