{
    "card": {
        "atk_init": "5875",
        "atk_max": "6700",
        "aura_id": "",
        "aura_offset_x": "",
        "aura_offset_y": "",
        "aura_scale": "",
        "awakening_element_type": "2",
        "awakening_number": "",
        "bg_effect_id": "",
        "card_unique_info_id": "2",
        "character_id": "2",
        "collectable_type": "1",
        "cost": "23",
        "def_init": "3949",
        "def_max": "4325",
        "eball_mod_max": "130",
        "eball_mod_max_num": "12",
        "eball_mod_mid": "0",
        "eball_mod_mid_num": "0",
        "eball_mod_min": "35",
        "eball_mod_num100": "5",
        "element": "21",
        "exp_type": "5",
        "face_x": "598",
        "face_y": "934",
        "grow_type": "40",
        "hp_init": "7116",
        "hp_max": "7920",
        "id": "1000021",
        "is_aura_front": "0",
        "is_selling_only": "0",
        "leader_skill_set_id": "100002",
        "link_skill1_id": "1000",
        "link_skill2_id": "29",
        "link_skill3_id": "22",
        "link_skill4_id": "9",
        "link_skill5_id": "40",
        "link_skill6_id": "",
        "link_skill7_id": "",
        "lv_max": "100",
        "max_level_reward_id": "1",
        "max_level_reward_type": "1",
        "name": "Super Saiyan Vegeta",
        "optimal_awakening_grow_type": "",
        "passive_skill_set_id": "4",
        "potential_board_id": "121",
        "price": "29302",
        "rarity": "4",
        "resource_id": "",
        "selling_exchange_point": "15000",
        "skill_lv_max": "10",
        "special_motion": "1",
        "training_exp": "6000"
    },
    "card_specials": {
        "156": {
            "bonus_view_id1": "0",
            "bonus_view_id2": "0",
            "card_costume_condition_id": "0",
            "causality_conditions": "",
            "eball_num_start": "12",
            "lv_start": "0",
            "priority": "0",
            "special_asset_id": "",
            "special_bonus_id1": "0",
            "special_bonus_id2": "0",
            "special_bonus_lv1": "0",
            "special_bonus_lv2": "0",
            "special_set_id": "2",
            "style": "Normal",
            "view_id": "156"
        }
    },
    "categories": [
        {
            "id": "17"
        },
        {
            "id": "31"
        },
        {
            "id": "36"
        },
        {
            "id": "38"
        },
        {
            "id": "68"
        },
        {
            "id": "76"
        },
        {
            "id": "96"
        }
    ],
    "leader_skill": {
        "description": "TEQ, INT and STR Type ATK +30%",
        "id": "100002",
        "name": "Pride Regained",
        "skills": [
            {
                "calc_option": "2",
                "causality_conditions": "",
                "efficacy_type": "16",
                "efficacy_values": "[1, 30, 0]",
                "exec_timing_type": "1",
                "sub_target_type_set_id": "0",
                "target_type": "2"
            },
            {
                "calc_option": "2",
                "causality_conditions": "",
                "efficacy_type": "16",
                "efficacy_values": "[2, 30, 0]",
                "exec_timing_type": "1",
                "sub_target_type_set_id": "0",
                "target_type": "2"
            },
            {
                "calc_option": "2",
                "causality_conditions": "",
                "efficacy_type": "16",
                "efficacy_values": "[3, 30, 0]",
                "exec_timing_type": "1",
                "sub_target_type_set_id": "0",
                "target_type": "2"
            },
            {
                "calc_option": "0",
                "causality_conditions": "",
                "efficacy_type": "0",
                "efficacy_values": "[0, 0, 0]",
                "exec_timing_type": "1",
                "sub_target_type_set_id": "0",
                "target_type": "2"
            },
            {
                "calc_option": "0",
                "causality_conditions": "",
                "efficacy_type": "0",
                "efficacy_values": "[0, 0, 0]",
                "exec_timing_type": "1",
                "sub_target_type_set_id": "0",
                "target_type": "2"
            }
        ]
    },
    "passive_skill": {
        "id": "4",
        "itemized_description": "*When HP is 30% or less*\n- Ki +2 and ATK 2000{passiveImg:up_g}",
        "name": "Saiyan's Pride",
        "skills": [
            {
                "calc_option": "0",
                "causality_conditions": "{\"source\": \"15\", \"compiled\": 15}",
                "eff_value1": "2",
                "eff_value2": "0",
                "eff_value3": "0",
                "efficacy_type": "5",
                "efficacy_values": "{}",
                "exec_timing_type": "1",
                "is_once": "0",
                "passive_skill_effect_id": "",
                "probability": "100",
                "sub_target_type_set_id": "0",
                "target_type": "1",
                "turn": "1"
            },
            {
                "calc_option": "0",
                "causality_conditions": "{\"source\": \"15\", \"compiled\": 15}",
                "eff_value1": "2000",
                "eff_value2": "0",
                "eff_value3": "0",
                "efficacy_type": "1",
                "efficacy_values": "{}",
                "exec_timing_type": "1",
                "is_once": "0",
                "passive_skill_effect_id": "",
                "probability": "100",
                "sub_target_type_set_id": "0",
                "target_type": "1",
                "turn": "1"
            }
        ]
    },
    "special_sets": {
        "2": [
            {
                "aim_target": "0",
                "causality_description": "",
                "description": "Causes extreme damage to enemy",
                "increase_rate": "120",
                "is_inactive": "0",
                "lv_bonus": "15",
                "name": "Big Bang Attack"
            }
        ]
    },
    "specials": {
        "2": [
        ]
    }
}
