{
    "card": {
        "atk_init": "329",
        "atk_max": "1098",
        "aura_id": "",
        "aura_offset_x": "",
        "aura_offset_y": "",
        "aura_scale": "",
        "awakening_element_type": "1",
        "awakening_number": "",
        "bg_effect_id": "",
        "card_unique_info_id": "39",
        "character_id": "39",
        "collectable_type": "1",
        "cost": "4",
        "def_init": "211",
        "def_max": "702",
        "eball_mod_max": "140",
        "eball_mod_max_num": "12",
        "eball_mod_mid": "0",
        "eball_mod_mid_num": "0",
        "eball_mod_min": "50",
        "eball_mod_num100": "6",
        "element": "3",
        "exp_type": "0",
        "face_x": "426",
        "face_y": "821",
        "grow_type": "2",
        "hp_init": "478",
        "hp_max": "1592",
        "id": "1000650",
        "is_aura_front": "0",
        "is_selling_only": "0",
        "leader_skill_set_id": "100065",
        "link_skill1_id": "44",
        "link_skill2_id": "39",
        "link_skill3_id": "10",
        "link_skill4_id": "42",
        "link_skill5_id": "64",
        "link_skill6_id": "",
        "link_skill7_id": "",
        "lv_max": "20",
        "max_level_reward_id": "1",
        "max_level_reward_type": "1",
        "name": "Videl",
        "optimal_awakening_grow_type": "",
        "passive_skill_set_id": "",
        "potential_board_id": "",
        "price": "726",
        "rarity": "0",
        "resource_id": "",
        "selling_exchange_point": "0",
        "skill_lv_max": "10",
        "special_motion": "1",
        "training_exp": "106"
    },
    "card_specials": {
        "65": {
            "bonus_view_id1": "0",
            "bonus_view_id2": "0",
            "card_costume_condition_id": "0",
            "causality_conditions": "",
            "eball_num_start": "12",
            "lv_start": "0",
            "priority": "0",
            "special_asset_id": "",
            "special_bonus_id1": "0",
            "special_bonus_id2": "0",
            "special_bonus_lv1": "0",
            "special_bonus_lv2": "0",
            "special_set_id": "47",
            "style": "Normal",
            "view_id": "65"
        }
    },
    "categories": [
        {
            "id": "4"
        },
        {
            "id": "9"
        },
        {
            "id": "51"
        },
        {
            "id": "70"
        },
        {
            "id": "87"
        },
        {
            "id": "89"
        }
    ],
    "leader_skill": {
        "description": "None",
        "id": "100065",
        "name": "Slayer of Evil",
        "skills": [
            {
                "calc_option": "0",
                "causality_conditions": "",
                "efficacy_type": "0",
                "efficacy_values": "[0, 0, 0]",
                "exec_timing_type": "0",
                "sub_target_type_set_id": "0",
                "target_type": "0"
            },
            {
                "calc_option": "0",
                "causality_conditions": "",
                "efficacy_type": "0",
                "efficacy_values": "[0, 0, 0]",
                "exec_timing_type": "0",
                "sub_target_type_set_id": "0",
                "target_type": "0"
            },
            {
                "calc_option": "0",
                "causality_conditions": "",
                "efficacy_type": "0",
                "efficacy_values": "[0, 0, 0]",
                "exec_timing_type": "0",
                "sub_target_type_set_id": "0",
                "target_type": "0"
            },
            {
                "calc_option": "0",
                "causality_conditions": "",
                "efficacy_type": "0",
                "efficacy_values": "[0, 0, 0]",
                "exec_timing_type": "0",
                "sub_target_type_set_id": "0",
                "target_type": "0"
            },
            {
                "calc_option": "0",
                "causality_conditions": "",
                "efficacy_type": "0",
                "efficacy_values": "[0, 0, 0]",
                "exec_timing_type": "0",
                "sub_target_type_set_id": "0",
                "target_type": "0"
            }
        ]
    },
    "passive_skill": {
        "id": "",
        "itemized_description": "",
        "name": "",
        "skills": [
        ]
    },
    "special_sets": {
        "47": [
            {
                "aim_target": "0",
                "causality_description": "",
                "description": "Causes huge damage to enemy",
                "increase_rate": "100",
                "is_inactive": "0",
                "lv_bonus": "10",
                "name": "Eagle Kick"
            }
        ]
    },
    "specials": {
        "47": [
        ]
    }
}
