{
    "card": {
        "atk_init": "3474",
        "atk_max": "5522",
        "aura_id": "",
        "aura_offset_x": "",
        "aura_offset_y": "",
        "aura_scale": "",
        "awakening_element_type": "1",
        "awakening_number": "",
        "bg_effect_id": "",
        "card_unique_info_id": "4",
        "character_id": "4",
        "collectable_type": "1",
        "cost": "12",
        "def_init": "4361",
        "def_max": "5081",
        "eball_mod_max": "140",
        "eball_mod_max_num": "12",
        "eball_mod_mid": "0",
        "eball_mod_mid_num": "0",
        "eball_mod_min": "40",
        "eball_mod_num100": "5",
        "element": "14",
        "exp_type": "4",
        "face_x": "428",
        "face_y": "707",
        "grow_type": "30",
        "hp_init": "5157",
        "hp_max": "6590",
        "id": "1000861",
        "is_aura_front": "0",
        "is_selling_only": "0",
        "leader_skill_set_id": "100086",
        "link_skill1_id": "22",
        "link_skill2_id": "40",
        "link_skill3_id": "50",
        "link_skill4_id": "26",
        "link_skill5_id": "",
        "link_skill6_id": "",
        "link_skill7_id": "",
        "lv_max": "80",
        "max_level_reward_id": "1",
        "max_level_reward_type": "1",
        "name": "Vegeta",
        "optimal_awakening_grow_type": "",
        "passive_skill_set_id": "60",
        "potential_board_id": "",
        "price": "12841",
        "rarity": "3",
        "resource_id": "",
        "selling_exchange_point": "600",
        "skill_lv_max": "10",
        "special_motion": "1",
        "training_exp": "4280"
    },
    "card_specials": {
        "240": {
            "bonus_view_id1": "0",
            "bonus_view_id2": "0",
            "card_costume_condition_id": "0",
            "causality_conditions": "",
            "eball_num_start": "12",
            "lv_start": "0",
            "priority": "0",
            "special_asset_id": "",
            "special_bonus_id1": "0",
            "special_bonus_id2": "0",
            "special_bonus_lv1": "0",
            "special_bonus_lv2": "0",
            "special_set_id": "4",
            "style": "Normal",
            "view_id": "240"
        }
    },
    "categories": [
        {
            "id": "17"
        },
        {
            "id": "25"
        },
        {
            "id": "31"
        },
        {
            "id": "41"
        },
        {
            "id": "50"
        },
        {
            "id": "62"
        },
        {
            "id": "68"
        },
        {
            "id": "69"
        },
        {
            "id": "80"
        },
        {
            "id": "83"
        },
        {
            "id": "86"
        },
        {
            "id": "96"
        }
    ],
    "leader_skill": {
        "description": "PHY Type ATK & DEF +20%",
        "id": "100086",
        "name": "Extreme Elite's Pride",
        "skills": [
            {
                "calc_option": "2",
                "causality_conditions": "",
                "efficacy_type": "18",
                "efficacy_values": "[4, 20, 20]",
                "exec_timing_type": "1",
                "sub_target_type_set_id": "0",
                "target_type": "2"
            },
            {
                "calc_option": "0",
                "causality_conditions": "",
                "efficacy_type": "0",
                "efficacy_values": "[0, 0, 0]",
                "exec_timing_type": "1",
                "sub_target_type_set_id": "0",
                "target_type": "2"
            },
            {
                "calc_option": "0",
                "causality_conditions": "",
                "efficacy_type": "0",
                "efficacy_values": "[0, 0, 0]",
                "exec_timing_type": "1",
                "sub_target_type_set_id": "0",
                "target_type": "2"
            },
            {
                "calc_option": "0",
                "causality_conditions": "",
                "efficacy_type": "0",
                "efficacy_values": "[0, 0, 0]",
                "exec_timing_type": "1",
                "sub_target_type_set_id": "0",
                "target_type": "2"
            },
            {
                "calc_option": "0",
                "causality_conditions": "",
                "efficacy_type": "0",
                "efficacy_values": "[0, 0, 0]",
                "exec_timing_type": "1",
                "sub_target_type_set_id": "0",
                "target_type": "2"
            }
        ]
    },
    "passive_skill": {
        "id": "60",
        "itemized_description": "*When attacking with 8 or more Ki*\n- ATK 30%{passiveImg:up_g}",
        "name": "Warrior Race",
        "skills": [
            {
                "calc_option": "2",
                "causality_conditions": "{\"source\": \"35\", \"compiled\": 35}",
                "eff_value1": "30",
                "eff_value2": "0",
                "eff_value3": "0",
                "efficacy_type": "1",
                "efficacy_values": "{}",
                "exec_timing_type": "4",
                "is_once": "0",
                "passive_skill_effect_id": "",
                "probability": "100",
                "sub_target_type_set_id": "0",
                "target_type": "1",
                "turn": "1"
            }
        ]
    },
    "special_sets": {
        "4": [
            {
                "aim_target": "0",
                "causality_description": "",
                "description": "Causes huge damage to enemy",
                "increase_rate": "100",
                "is_inactive": "0",
                "lv_bonus": "10",
                "name": "Galick Gun"
            }
        ]
    },
    "specials": {
        "4": [
        ]
    }
}
