{
    "card": {
        "atk_init": "2005",
        "atk_max": "3007",
        "aura_id": "",
        "aura_offset_x": "",
        "aura_offset_y": "",
        "aura_scale": "",
        "awakening_element_type": "1",
        "awakening_number": "",
        "bg_effect_id": "",
        "card_unique_info_id": "26",
        "character_id": "26",
        "collectable_type": "1",
        "cost": "5",
        "def_init": "2345",
        "def_max": "3205",
        "eball_mod_max": "118",
        "eball_mod_max_num": "12",
        "eball_mod_mid": "0",
        "eball_mod_mid_num": "0",
        "eball_mod_min": "50",
        "eball_mod_num100": "4",
        "element": "12",
        "exp_type": "1",
        "face_x": "339",
        "face_y": "743",
        "grow_type": "20",
        "hp_init": "2716",
        "hp_max": "4279",
        "id": "1000461",
        "is_aura_front": "0",
        "is_selling_only": "0",
        "leader_skill_set_id": "100046",
        "link_skill1_id": "42",
        "link_skill2_id": "17",
        "link_skill3_id": "84",
        "link_skill4_id": "",
        "link_skill5_id": "",
        "link_skill6_id": "",
        "link_skill7_id": "",
        "lv_max": "60",
        "max_level_reward_id": "1",
        "max_level_reward_type": "1",
        "name": "Shen",
        "optimal_awakening_grow_type": "",
        "passive_skill_set_id": "1",
        "potential_board_id": "",
        "price": "3093",
        "rarity": "2",
        "resource_id": "",
        "selling_exchange_point": "60",
        "skill_lv_max": "10",
        "special_motion": "1",
        "training_exp": "2765"
    },
    "card_specials": {
        "200": {
            "bonus_view_id1": "0",
            "bonus_view_id2": "0",
            "card_costume_condition_id": "0",
            "causality_conditions": "",
            "eball_num_start": "12",
            "lv_start": "0",
            "priority": "0",
            "special_asset_id": "",
            "special_bonus_id1": "0",
            "special_bonus_id2": "0",
            "special_bonus_lv1": "0",
            "special_bonus_lv2": "0",
            "special_set_id": "33",
            "style": "Normal",
            "view_id": "200"
        }
    },
    "categories": [
        {
            "id": "3"
        },
        {
            "id": "8"
        },
        {
            "id": "46"
        },
        {
            "id": "89"
        },
        {
            "id": "91"
        },
        {
            "id": "93"
        },
        {
            "id": "96"
        }
    ],
    "leader_skill": {
        "description": "Damage received reduced by 10%",
        "id": "100046",
        "name": "Exquisite Technique",
        "skills": [
            {
                "calc_option": "3",
                "causality_conditions": "",
                "efficacy_type": "13",
                "efficacy_values": "[90, 0, 0]",
                "exec_timing_type": "1",
                "sub_target_type_set_id": "0",
                "target_type": "2"
            },
            {
                "calc_option": "0",
                "causality_conditions": "",
                "efficacy_type": "0",
                "efficacy_values": "[0, 0, 0]",
                "exec_timing_type": "1",
                "sub_target_type_set_id": "0",
                "target_type": "2"
            },
            {
                "calc_option": "0",
                "causality_conditions": "",
                "efficacy_type": "0",
                "efficacy_values": "[0, 0, 0]",
                "exec_timing_type": "1",
                "sub_target_type_set_id": "0",
                "target_type": "2"
            },
            {
                "calc_option": "0",
                "causality_conditions": "",
                "efficacy_type": "0",
                "efficacy_values": "[0, 0, 0]",
                "exec_timing_type": "1",
                "sub_target_type_set_id": "0",
                "target_type": "2"
            },
            {
                "calc_option": "0",
                "causality_conditions": "",
                "efficacy_type": "0",
                "efficacy_values": "[0, 0, 0]",
                "exec_timing_type": "1",
                "sub_target_type_set_id": "0",
                "target_type": "2"
            }
        ]
    },
    "passive_skill": {
        "id": "1",
        "itemized_description": "*After delivering a final blow*\n- ATK 25%{passiveImg:up_g} for 3 turn(s) after the end of the turn",
        "name": "Barrage",
        "skills": [
            {
                "calc_option": "2",
                "causality_conditions": "{\"source\": \"13\", \"compiled\": 13}",
                "eff_value1": "25",
                "eff_value2": "0",
                "eff_value3": "0",
                "efficacy_type": "1",
                "efficacy_values": "{}",
                "exec_timing_type": "9",
                "is_once": "0",
                "passive_skill_effect_id": "",
                "probability": "100",
                "sub_target_type_set_id": "0",
                "target_type": "1",
                "turn": "4"
            }
        ]
    },
    "special_sets": {
        "33": [
            {
                "aim_target": "0",
                "causality_description": "",
                "description": "Causes huge damage to enemy",
                "increase_rate": "100",
                "is_inactive": "0",
                "lv_bonus": "10",
                "name": "Evil Containment Wave"
            }
        ]
    },
    "specials": {
        "33": [
        ]
    }
}
