{
    "card": {
        "atk_init": "1180",
        "atk_max": "2260",
        "aura_id": "",
        "aura_offset_x": "",
        "aura_offset_y": "",
        "aura_scale": "",
        "awakening_element_type": "2",
        "awakening_number": "",
        "bg_effect_id": "",
        "card_unique_info_id": "43",
        "character_id": "43",
        "collectable_type": "1",
        "cost": "4",
        "def_init": "703",
        "def_max": "1926",
        "eball_mod_max": "110",
        "eball_mod_max_num": "12",
        "eball_mod_mid": "0",
        "eball_mod_mid_num": "0",
        "eball_mod_min": "50",
        "eball_mod_num100": "4",
        "element": "20",
        "exp_type": "0",
        "face_x": "415",
        "face_y": "814",
        "grow_type": "10",
        "hp_init": "1645",
        "hp_max": "2981",
        "id": "1000691",
        "is_aura_front": "0",
        "is_selling_only": "0",
        "leader_skill_set_id": "100069",
        "link_skill1_id": "11",
        "link_skill2_id": "",
        "link_skill3_id": "",
        "link_skill4_id": "",
        "link_skill5_id": "",
        "link_skill6_id": "",
        "link_skill7_id": "",
        "lv_max": "40",
        "max_level_reward_id": "1",
        "max_level_reward_type": "1",
        "name": "Yakon",
        "optimal_awakening_grow_type": "",
        "passive_skill_set_id": "",
        "potential_board_id": "",
        "price": "1358",
        "rarity": "1",
        "resource_id": "",
        "selling_exchange_point": "1",
        "skill_lv_max": "10",
        "special_motion": "1",
        "training_exp": "1489"
    },
    "card_specials": {
        "223": {
            "bonus_view_id1": "0",
            "bonus_view_id2": "0",
            "card_costume_condition_id": "0",
            "causality_conditions": "",
            "eball_num_start": "12",
            "lv_start": "0",
            "priority": "0",
            "special_asset_id": "",
            "special_bonus_id1": "0",
            "special_bonus_id2": "0",
            "special_bonus_lv1": "0",
            "special_bonus_lv2": "0",
            "special_set_id": "51",
            "style": "Normal",
            "view_id": "223"
        }
    },
    "categories": [
        {
            "id": "9"
        },
        {
            "id": "41"
        },
        {
            "id": "64"
        },
        {
            "id": "93"
        },
        {
            "id": "97"
        }
    ],
    "leader_skill": {
        "description": "None",
        "id": "100069",
        "name": "Assassin in the Shadows",
        "skills": [
            {
                "calc_option": "0",
                "causality_conditions": "",
                "efficacy_type": "0",
                "efficacy_values": "[0, 0, 0]",
                "exec_timing_type": "0",
                "sub_target_type_set_id": "0",
                "target_type": "0"
            },
            {
                "calc_option": "0",
                "causality_conditions": "",
                "efficacy_type": "0",
                "efficacy_values": "[0, 0, 0]",
                "exec_timing_type": "0",
                "sub_target_type_set_id": "0",
                "target_type": "0"
            },
            {
                "calc_option": "0",
                "causality_conditions": "",
                "efficacy_type": "0",
                "efficacy_values": "[0, 0, 0]",
                "exec_timing_type": "0",
                "sub_target_type_set_id": "0",
                "target_type": "0"
            },
            {
                "calc_option": "0",
                "causality_conditions": "",
                "efficacy_type": "0",
                "efficacy_values": "[0, 0, 0]",
                "exec_timing_type": "0",
                "sub_target_type_set_id": "0",
                "target_type": "0"
            },
            {
                "calc_option": "0",
                "causality_conditions": "",
                "efficacy_type": "0",
                "efficacy_values": "[0, 0, 0]",
                "exec_timing_type": "0",
                "sub_target_type_set_id": "0",
                "target_type": "0"
            }
        ]
    },
    "passive_skill": {
        "id": "",
        "itemized_description": "",
        "name": "",
        "skills": [
        ]
    },
    "special_sets": {
        "51": [
            {
                "aim_target": "0",
                "causality_description": "",
                "description": "Causes huge damage to enemy",
                "increase_rate": "100",
                "is_inactive": "0",
                "lv_bonus": "10",
                "name": "Light Absorber"
            }
        ]
    },
    "specials": {
        "51": [
        ]
    }
}
