{
    "card": {
        "atk_init": "6325",
        "atk_max": "7136",
        "aura_id": "",
        "aura_offset_x": "",
        "aura_offset_y": "",
        "aura_scale": "",
        "awakening_element_type": "1",
        "awakening_number": "",
        "bg_effect_id": "",
        "card_unique_info_id": "1",
        "character_id": "1",
        "collectable_type": "1",
        "cost": "23",
        "def_init": "3500",
        "def_max": "3857",
        "eball_mod_max": "115",
        "eball_mod_max_num": "12",
        "eball_mod_mid": "0",
        "eball_mod_mid_num": "0",
        "eball_mod_min": "35",
        "eball_mod_num100": "4",
        "element": "10",
        "exp_type": "5",
        "face_x": "499",
        "face_y": "843",
        "grow_type": "40",
        "hp_init": "7367",
        "hp_max": "8282",
        "id": "1000011",
        "is_aura_front": "0",
        "is_selling_only": "0",
        "leader_skill_set_id": "100001",
        "link_skill1_id": "1000",
        "link_skill2_id": "29",
        "link_skill3_id": "22",
        "link_skill4_id": "9",
        "link_skill5_id": "47",
        "link_skill6_id": "",
        "link_skill7_id": "",
        "lv_max": "100",
        "max_level_reward_id": "1",
        "max_level_reward_type": "1",
        "name": "Super Saiyan Goku",
        "optimal_awakening_grow_type": "",
        "passive_skill_set_id": "65",
        "potential_board_id": "120",
        "price": "29253",
        "rarity": "4",
        "resource_id": "",
        "selling_exchange_point": "15000",
        "skill_lv_max": "10",
        "special_motion": "1",
        "training_exp": "6000"
    },
    "card_specials": {
        "155": {
            "bonus_view_id1": "0",
            "bonus_view_id2": "0",
            "card_costume_condition_id": "0",
            "causality_conditions": "",
            "eball_num_start": "12",
            "lv_start": "0",
            "priority": "0",
            "special_asset_id": "",
            "special_bonus_id1": "0",
            "special_bonus_id2": "0",
            "special_bonus_lv1": "0",
            "special_bonus_lv2": "0",
            "special_set_id": "1",
            "style": "Normal",
            "view_id": "155"
        }
    },
    "categories": [
        {
            "id": "17"
        },
        {
            "id": "30"
        },
        {
            "id": "36"
        },
        {
            "id": "39"
        },
        {
            "id": "65"
        },
        {
            "id": "79"
        },
        {
            "id": "87"
        },
        {
            "id": "89"
        }
    ],
    "leader_skill": {
        "description": "AGL, INT & PHY Type ATK +30%",
        "id": "100001",
        "name": "Supreme Warrior Awakened",
        "skills": [
            {
                "calc_option": "2",
                "causality_conditions": "",
                "efficacy_type": "16",
                "efficacy_values": "[0, 30, 0]",
                "exec_timing_type": "1",
                "sub_target_type_set_id": "0",
                "target_type": "2"
            },
            {
                "calc_option": "2",
                "causality_conditions": "",
                "efficacy_type": "16",
                "efficacy_values": "[2, 30, 0]",
                "exec_timing_type": "1",
                "sub_target_type_set_id": "0",
                "target_type": "2"
            },
            {
                "calc_option": "2",
                "causality_conditions": "",
                "efficacy_type": "16",
                "efficacy_values": "[4, 30, 0]",
                "exec_timing_type": "1",
                "sub_target_type_set_id": "0",
                "target_type": "2"
            },
            {
                "calc_option": "0",
                "causality_conditions": "",
                "efficacy_type": "0",
                "efficacy_values": "[0, 0, 0]",
                "exec_timing_type": "1",
                "sub_target_type_set_id": "0",
                "target_type": "2"
            },
            {
                "calc_option": "0",
                "causality_conditions": "",
                "efficacy_type": "0",
                "efficacy_values": "[0, 0, 0]",
                "exec_timing_type": "1",
                "sub_target_type_set_id": "0",
                "target_type": "2"
            }
        ]
    },
    "passive_skill": {
        "id": "65",
        "itemized_description": "*When HP is 30% or less*\n- Ki +5",
        "name": "Berserker's Rage",
        "skills": [
            {
                "calc_option": "0",
                "causality_conditions": "{\"source\": \"15\", \"compiled\": 15}",
                "eff_value1": "5",
                "eff_value2": "0",
                "eff_value3": "0",
                "efficacy_type": "5",
                "efficacy_values": "{}",
                "exec_timing_type": "1",
                "is_once": "0",
                "passive_skill_effect_id": "",
                "probability": "100",
                "sub_target_type_set_id": "0",
                "target_type": "1",
                "turn": "1"
            }
        ]
    },
    "special_sets": {
        "1": [
            {
                "aim_target": "0",
                "causality_description": "",
                "description": "Causes extreme damage to enemy",
                "increase_rate": "120",
                "is_inactive": "0",
                "lv_bonus": "15",
                "name": "Kamehameha"
            }
        ]
    },
    "specials": {
        "1": [
        ]
    }
}
