{
    "card": {
        "atk_init": "2121",
        "atk_max": "3021",
        "aura_id": "",
        "aura_offset_x": "",
        "aura_offset_y": "",
        "aura_scale": "",
        "awakening_element_type": "2",
        "awakening_number": "",
        "bg_effect_id": "",
        "card_unique_info_id": "41",
        "character_id": "41",
        "collectable_type": "1",
        "cost": "6",
        "def_init": "1759",
        "def_max": "2164",
        "eball_mod_max": "150",
        "eball_mod_max_num": "12",
        "eball_mod_mid": "0",
        "eball_mod_mid_num": "0",
        "eball_mod_min": "50",
        "eball_mod_num100": "5",
        "element": "21",
        "exp_type": "2",
        "face_x": "438",
        "face_y": "705",
        "grow_type": "20",
        "hp_init": "3989",
        "hp_max": "5414",
        "id": "1000611",
        "is_aura_front": "0",
        "is_selling_only": "0",
        "leader_skill_set_id": "100061",
        "link_skill1_id": "18",
        "link_skill2_id": "52",
        "link_skill3_id": "11",
        "link_skill4_id": "7",
        "link_skill5_id": "",
        "link_skill6_id": "",
        "link_skill7_id": "",
        "lv_max": "60",
        "max_level_reward_id": "1",
        "max_level_reward_type": "1",
        "name": "Spopovich",
        "optimal_awakening_grow_type": "",
        "passive_skill_set_id": "",
        "potential_board_id": "21",
        "price": "3208",
        "rarity": "2",
        "resource_id": "",
        "selling_exchange_point": "60",
        "skill_lv_max": "10",
        "special_motion": "1",
        "training_exp": "2765"
    },
    "card_specials": {
        "215": {
            "bonus_view_id1": "0",
            "bonus_view_id2": "0",
            "card_costume_condition_id": "0",
            "causality_conditions": "",
            "eball_num_start": "12",
            "lv_start": "0",
            "priority": "0",
            "special_asset_id": "",
            "special_bonus_id1": "0",
            "special_bonus_id2": "0",
            "special_bonus_lv1": "0",
            "special_bonus_lv2": "0",
            "special_set_id": "49",
            "style": "Normal",
            "view_id": "215"
        }
    },
    "categories": [
        {
            "id": "3"
        },
        {
            "id": "9"
        },
        {
            "id": "41"
        },
        {
            "id": "51"
        },
        {
            "id": "64"
        },
        {
            "id": "89"
        },
        {
            "id": "91"
        },
        {
            "id": "97"
        }
    ],
    "leader_skill": {
        "description": "TEQ Type ATK + 15%",
        "id": "100061",
        "name": "Savagery Unleashed",
        "skills": [
            {
                "calc_option": "2",
                "causality_conditions": "",
                "efficacy_type": "16",
                "efficacy_values": "[1, 15, 0]",
                "exec_timing_type": "1",
                "sub_target_type_set_id": "0",
                "target_type": "2"
            },
            {
                "calc_option": "0",
                "causality_conditions": "",
                "efficacy_type": "0",
                "efficacy_values": "[0, 0, 0]",
                "exec_timing_type": "1",
                "sub_target_type_set_id": "0",
                "target_type": "2"
            },
            {
                "calc_option": "0",
                "causality_conditions": "",
                "efficacy_type": "0",
                "efficacy_values": "[0, 0, 0]",
                "exec_timing_type": "1",
                "sub_target_type_set_id": "0",
                "target_type": "2"
            },
            {
                "calc_option": "0",
                "causality_conditions": "",
                "efficacy_type": "0",
                "efficacy_values": "[0, 0, 0]",
                "exec_timing_type": "1",
                "sub_target_type_set_id": "0",
                "target_type": "2"
            },
            {
                "calc_option": "0",
                "causality_conditions": "",
                "efficacy_type": "0",
                "efficacy_values": "[0, 0, 0]",
                "exec_timing_type": "1",
                "sub_target_type_set_id": "0",
                "target_type": "2"
            }
        ]
    },
    "passive_skill": {
        "id": "",
        "itemized_description": "",
        "name": "",
        "skills": [
        ]
    },
    "special_sets": {
        "49": [
            {
                "aim_target": "0",
                "causality_description": "",
                "description": "Causes huge damage to enemy",
                "increase_rate": "100",
                "is_inactive": "0",
                "lv_bonus": "10",
                "name": "Crash Launcher"
            }
        ]
    },
    "specials": {
        "49": [
        ]
    }
}
