{
    "card": {
        "atk_init": "671",
        "atk_max": "2236",
        "aura_id": "",
        "aura_offset_x": "",
        "aura_offset_y": "",
        "aura_scale": "",
        "awakening_element_type": "2",
        "awakening_number": "",
        "bg_effect_id": "",
        "card_unique_info_id": "25",
        "character_id": "25",
        "collectable_type": "1",
        "cost": "5",
        "def_init": "572",
        "def_max": "1908",
        "eball_mod_max": "128",
        "eball_mod_max_num": "12",
        "eball_mod_mid": "0",
        "eball_mod_mid_num": "0",
        "eball_mod_min": "50",
        "eball_mod_num100": "5",
        "element": "2",
        "exp_type": "1",
        "face_x": "429",
        "face_y": "867",
        "grow_type": "11",
        "hp_init": "932",
        "hp_max": "3105",
        "id": "1000450",
        "is_aura_front": "0",
        "is_selling_only": "0",
        "leader_skill_set_id": "100045",
        "link_skill1_id": "38",
        "link_skill2_id": "18",
        "link_skill3_id": "8",
        "link_skill4_id": "86",
        "link_skill5_id": "90",
        "link_skill6_id": "",
        "link_skill7_id": "",
        "lv_max": "40",
        "max_level_reward_id": "1",
        "max_level_reward_type": "1",
        "name": "Fusion Machine Pilaf",
        "optimal_awakening_grow_type": "",
        "passive_skill_set_id": "114",
        "potential_board_id": "",
        "price": "1286",
        "rarity": "1",
        "resource_id": "",
        "selling_exchange_point": "50",
        "skill_lv_max": "10",
        "special_motion": "1",
        "training_exp": "1489"
    },
    "card_specials": {
        "45": {
            "bonus_view_id1": "0",
            "bonus_view_id2": "0",
            "card_costume_condition_id": "0",
            "causality_conditions": "",
            "eball_num_start": "12",
            "lv_start": "0",
            "priority": "0",
            "special_asset_id": "",
            "special_bonus_id1": "0",
            "special_bonus_id2": "0",
            "special_bonus_lv1": "0",
            "special_bonus_lv2": "0",
            "special_set_id": "32",
            "style": "Normal",
            "view_id": "45"
        }
    },
    "categories": [
        {
            "id": "25"
        },
        {
            "id": "34"
        },
        {
            "id": "41"
        }
    ],
    "leader_skill": {
        "description": "HP + 15%",
        "id": "100045",
        "name": "Unquenchable Ambition",
        "skills": [
            {
                "calc_option": "2",
                "causality_conditions": "",
                "efficacy_type": "19",
                "efficacy_values": "[0, 15, 0]",
                "exec_timing_type": "1",
                "sub_target_type_set_id": "0",
                "target_type": "2"
            },
            {
                "calc_option": "2",
                "causality_conditions": "",
                "efficacy_type": "19",
                "efficacy_values": "[1, 15, 0]",
                "exec_timing_type": "1",
                "sub_target_type_set_id": "0",
                "target_type": "2"
            },
            {
                "calc_option": "2",
                "causality_conditions": "",
                "efficacy_type": "19",
                "efficacy_values": "[2, 15, 0]",
                "exec_timing_type": "1",
                "sub_target_type_set_id": "0",
                "target_type": "2"
            },
            {
                "calc_option": "2",
                "causality_conditions": "",
                "efficacy_type": "19",
                "efficacy_values": "[3, 15, 0]",
                "exec_timing_type": "1",
                "sub_target_type_set_id": "0",
                "target_type": "2"
            },
            {
                "calc_option": "2",
                "causality_conditions": "",
                "efficacy_type": "19",
                "efficacy_values": "[4, 15, 0]",
                "exec_timing_type": "1",
                "sub_target_type_set_id": "0",
                "target_type": "2"
            }
        ]
    },
    "passive_skill": {
        "id": "114",
        "itemized_description": "*When attacking with 5 or more Ki*\n- ATK 1200{passiveImg:up_g}",
        "name": "Pure Tenacity",
        "skills": [
            {
                "calc_option": "0",
                "causality_conditions": "{\"source\": \"19\", \"compiled\": 19}",
                "eff_value1": "1200",
                "eff_value2": "0",
                "eff_value3": "0",
                "efficacy_type": "1",
                "efficacy_values": "{}",
                "exec_timing_type": "4",
                "is_once": "0",
                "passive_skill_effect_id": "",
                "probability": "100",
                "sub_target_type_set_id": "0",
                "target_type": "1",
                "turn": "1"
            }
        ]
    },
    "special_sets": {
        "32": [
            {
                "aim_target": "0",
                "causality_description": "",
                "description": "Causes huge damage to enemy",
                "increase_rate": "100",
                "is_inactive": "0",
                "lv_bonus": "10",
                "name": "Double Buster"
            }
        ]
    },
    "specials": {
        "32": [
        ]
    }
}
