{
    "card": {
        "atk_init": "1082",
        "atk_max": "3606",
        "aura_id": "",
        "aura_offset_x": "",
        "aura_offset_y": "",
        "aura_scale": "",
        "awakening_element_type": "2",
        "awakening_number": "",
        "bg_effect_id": "",
        "card_unique_info_id": "17",
        "character_id": "17",
        "collectable_type": "1",
        "cost": "10",
        "def_init": "1095",
        "def_max": "3651",
        "eball_mod_max": "123",
        "eball_mod_max_num": "12",
        "eball_mod_mid": "0",
        "eball_mod_mid_num": "0",
        "eball_mod_min": "40",
        "eball_mod_num100": "5",
        "element": "2",
        "exp_type": "5",
        "face_x": "310",
        "face_y": "685",
        "grow_type": "23",
        "hp_init": "1968",
        "hp_max": "6560",
        "id": "1000950",
        "is_aura_front": "0",
        "is_selling_only": "0",
        "leader_skill_set_id": "100095",
        "link_skill1_id": "41",
        "link_skill2_id": "17",
        "link_skill3_id": "25",
        "link_skill4_id": "73",
        "link_skill5_id": "94",
        "link_skill6_id": "",
        "link_skill7_id": "",
        "lv_max": "60",
        "max_level_reward_id": "1",
        "max_level_reward_type": "1",
        "name": "Captain Ginyu",
        "optimal_awakening_grow_type": "",
        "passive_skill_set_id": "75",
        "potential_board_id": "",
        "price": "3337",
        "rarity": "2",
        "resource_id": "",
        "selling_exchange_point": "500",
        "skill_lv_max": "10",
        "special_motion": "1",
        "training_exp": "2765"
    },
    "card_specials": {
        "95": {
            "bonus_view_id1": "0",
            "bonus_view_id2": "0",
            "card_costume_condition_id": "0",
            "causality_conditions": "",
            "eball_num_start": "12",
            "lv_start": "0",
            "priority": "0",
            "special_asset_id": "",
            "special_bonus_id1": "0",
            "special_bonus_id2": "0",
            "special_bonus_lv1": "0",
            "special_bonus_lv2": "0",
            "special_set_id": "23",
            "style": "Normal",
            "view_id": "95"
        }
    },
    "categories": [
        {
            "id": "14"
        },
        {
            "id": "15"
        },
        {
            "id": "25"
        },
        {
            "id": "41"
        },
        {
            "id": "52"
        },
        {
            "id": "62"
        },
        {
            "id": "97"
        }
    ],
    "leader_skill": {
        "description": "INT Type ATK +25%",
        "id": "100095",
        "name": "Brilliant Battle Prowess",
        "skills": [
            {
                "calc_option": "2",
                "causality_conditions": "",
                "efficacy_type": "16",
                "efficacy_values": "[2, 25, 0]",
                "exec_timing_type": "1",
                "sub_target_type_set_id": "0",
                "target_type": "2"
            },
            {
                "calc_option": "0",
                "causality_conditions": "",
                "efficacy_type": "0",
                "efficacy_values": "[0, 0, 0]",
                "exec_timing_type": "1",
                "sub_target_type_set_id": "0",
                "target_type": "2"
            },
            {
                "calc_option": "0",
                "causality_conditions": "",
                "efficacy_type": "0",
                "efficacy_values": "[0, 0, 0]",
                "exec_timing_type": "1",
                "sub_target_type_set_id": "0",
                "target_type": "2"
            },
            {
                "calc_option": "0",
                "causality_conditions": "",
                "efficacy_type": "0",
                "efficacy_values": "[0, 0, 0]",
                "exec_timing_type": "1",
                "sub_target_type_set_id": "0",
                "target_type": "2"
            },
            {
                "calc_option": "0",
                "causality_conditions": "",
                "efficacy_type": "0",
                "efficacy_values": "[0, 0, 0]",
                "exec_timing_type": "1",
                "sub_target_type_set_id": "0",
                "target_type": "2"
            }
        ]
    },
    "passive_skill": {
        "id": "75",
        "itemized_description": "*When attacking with 5 or more Ki*\n- Medium chance of sealing the enemy's Super Attack",
        "name": "My Choice",
        "skills": [
            {
                "calc_option": "0",
                "causality_conditions": "{\"source\": \"19\", \"compiled\": 19}",
                "eff_value1": "0",
                "eff_value2": "0",
                "eff_value3": "0",
                "efficacy_type": "48",
                "efficacy_values": "{}",
                "exec_timing_type": "3",
                "is_once": "0",
                "passive_skill_effect_id": "",
                "probability": "30",
                "sub_target_type_set_id": "0",
                "target_type": "3",
                "turn": "3"
            }
        ]
    },
    "special_sets": {
        "23": [
            {
                "aim_target": "0",
                "causality_description": "",
                "description": "Causes huge damage to enemy",
                "increase_rate": "100",
                "is_inactive": "0",
                "lv_bonus": "10",
                "name": "Milky Cannon"
            }
        ]
    },
    "specials": {
        "23": [
        ]
    }
}
