{
    "card": {
        "atk_init": "1040",
        "atk_max": "2000",
        "aura_id": "",
        "aura_offset_x": "",
        "aura_offset_y": "",
        "aura_scale": "",
        "awakening_element_type": "2",
        "awakening_number": "",
        "bg_effect_id": "",
        "card_unique_info_id": "52",
        "character_id": "52",
        "collectable_type": "1",
        "cost": "4",
        "def_init": "967",
        "def_max": "2417",
        "eball_mod_max": "140",
        "eball_mod_max_num": "12",
        "eball_mod_mid": "0",
        "eball_mod_mid_num": "0",
        "eball_mod_min": "50",
        "eball_mod_num100": "4",
        "element": "24",
        "exp_type": "0",
        "face_x": "399",
        "face_y": "689",
        "grow_type": "10",
        "hp_init": "1690",
        "hp_max": "3130",
        "id": "1000781",
        "is_aura_front": "0",
        "is_selling_only": "0",
        "leader_skill_set_id": "100078",
        "link_skill1_id": "42",
        "link_skill2_id": "21",
        "link_skill3_id": "",
        "link_skill4_id": "",
        "link_skill5_id": "",
        "link_skill6_id": "",
        "link_skill7_id": "",
        "lv_max": "40",
        "max_level_reward_id": "1",
        "max_level_reward_type": "1",
        "name": "Saibaiman",
        "optimal_awakening_grow_type": "",
        "passive_skill_set_id": "1",
        "potential_board_id": "",
        "price": "1376",
        "rarity": "1",
        "resource_id": "",
        "selling_exchange_point": "1",
        "skill_lv_max": "10",
        "special_motion": "1",
        "training_exp": "1489"
    },
    "card_specials": {
        "232": {
            "bonus_view_id1": "0",
            "bonus_view_id2": "0",
            "card_costume_condition_id": "0",
            "causality_conditions": "",
            "eball_num_start": "12",
            "lv_start": "0",
            "priority": "0",
            "special_asset_id": "",
            "special_bonus_id1": "0",
            "special_bonus_id2": "0",
            "special_bonus_lv1": "0",
            "special_bonus_lv2": "0",
            "special_set_id": "60",
            "style": "Normal",
            "view_id": "232"
        }
    },
    "categories": [
        {
            "id": "86"
        },
        {
            "id": "97"
        }
    ],
    "leader_skill": {
        "description": "None",
        "id": "100078",
        "name": "Earthborn Warrior",
        "skills": [
            {
                "calc_option": "0",
                "causality_conditions": "",
                "efficacy_type": "0",
                "efficacy_values": "[0, 0, 0]",
                "exec_timing_type": "0",
                "sub_target_type_set_id": "0",
                "target_type": "0"
            },
            {
                "calc_option": "0",
                "causality_conditions": "",
                "efficacy_type": "0",
                "efficacy_values": "[0, 0, 0]",
                "exec_timing_type": "0",
                "sub_target_type_set_id": "0",
                "target_type": "0"
            },
            {
                "calc_option": "0",
                "causality_conditions": "",
                "efficacy_type": "0",
                "efficacy_values": "[0, 0, 0]",
                "exec_timing_type": "0",
                "sub_target_type_set_id": "0",
                "target_type": "0"
            },
            {
                "calc_option": "0",
                "causality_conditions": "",
                "efficacy_type": "0",
                "efficacy_values": "[0, 0, 0]",
                "exec_timing_type": "0",
                "sub_target_type_set_id": "0",
                "target_type": "0"
            },
            {
                "calc_option": "0",
                "causality_conditions": "",
                "efficacy_type": "0",
                "efficacy_values": "[0, 0, 0]",
                "exec_timing_type": "0",
                "sub_target_type_set_id": "0",
                "target_type": "0"
            }
        ]
    },
    "passive_skill": {
        "id": "1",
        "itemized_description": "*After delivering a final blow*\n- ATK 25%{passiveImg:up_g} for 3 turn(s) after the end of the turn",
        "name": "Barrage",
        "skills": [
            {
                "calc_option": "2",
                "causality_conditions": "{\"source\": \"13\", \"compiled\": 13}",
                "eff_value1": "25",
                "eff_value2": "0",
                "eff_value3": "0",
                "efficacy_type": "1",
                "efficacy_values": "{}",
                "exec_timing_type": "9",
                "is_once": "0",
                "passive_skill_effect_id": "",
                "probability": "100",
                "sub_target_type_set_id": "0",
                "target_type": "1",
                "turn": "4"
            }
        ]
    },
    "special_sets": {
        "60": [
            {
                "aim_target": "0",
                "causality_description": "",
                "description": "Causes huge damage to enemy",
                "increase_rate": "100",
                "is_inactive": "0",
                "lv_bonus": "10",
                "name": "Acid"
            }
        ]
    },
    "specials": {
        "60": [
        ]
    }
}
