{
    "card": {
        "atk_init": "3945",
        "atk_max": "6010",
        "aura_id": "",
        "aura_offset_x": "",
        "aura_offset_y": "",
        "aura_scale": "",
        "awakening_element_type": "1",
        "awakening_number": "",
        "bg_effect_id": "",
        "card_unique_info_id": "8",
        "character_id": "8",
        "collectable_type": "1",
        "cost": "14",
        "def_init": "2783",
        "def_max": "3282",
        "eball_mod_max": "110",
        "eball_mod_max_num": "12",
        "eball_mod_mid": "0",
        "eball_mod_mid_num": "0",
        "eball_mod_min": "40",
        "eball_mod_num100": "4",
        "element": "10",
        "exp_type": "5",
        "face_x": "495",
        "face_y": "712",
        "grow_type": "30",
        "hp_init": "5523",
        "hp_max": "6798",
        "id": "1000101",
        "is_aura_front": "0",
        "is_selling_only": "0",
        "leader_skill_set_id": "100010",
        "link_skill1_id": "40",
        "link_skill2_id": "39",
        "link_skill3_id": "19",
        "link_skill4_id": "45",
        "link_skill5_id": "",
        "link_skill6_id": "",
        "link_skill7_id": "",
        "lv_max": "80",
        "max_level_reward_id": "1",
        "max_level_reward_type": "1",
        "name": "Trunks (Teen)",
        "optimal_awakening_grow_type": "",
        "passive_skill_set_id": "1",
        "potential_board_id": "",
        "price": "13374",
        "rarity": "3",
        "resource_id": "",
        "selling_exchange_point": "600",
        "skill_lv_max": "10",
        "special_motion": "1",
        "training_exp": "4280"
    },
    "card_specials": {
        "164": {
            "bonus_view_id1": "0",
            "bonus_view_id2": "0",
            "card_costume_condition_id": "0",
            "causality_conditions": "",
            "eball_num_start": "12",
            "lv_start": "0",
            "priority": "0",
            "special_asset_id": "",
            "special_bonus_id1": "0",
            "special_bonus_id2": "0",
            "special_bonus_lv1": "0",
            "special_bonus_lv2": "0",
            "special_set_id": "9",
            "style": "Normal",
            "view_id": "164"
        }
    },
    "categories": [
        {
            "id": "5"
        },
        {
            "id": "19"
        },
        {
            "id": "26"
        },
        {
            "id": "31"
        },
        {
            "id": "38"
        },
        {
            "id": "40"
        },
        {
            "id": "57"
        },
        {
            "id": "58"
        },
        {
            "id": "81"
        },
        {
            "id": "89"
        },
        {
            "id": "95"
        }
    ],
    "leader_skill": {
        "description": "AGL & PHY Types ATK +25%",
        "id": "100010",
        "name": "Hawk Eyes",
        "skills": [
            {
                "calc_option": "2",
                "causality_conditions": "",
                "efficacy_type": "16",
                "efficacy_values": "[0, 25, 0]",
                "exec_timing_type": "1",
                "sub_target_type_set_id": "0",
                "target_type": "2"
            },
            {
                "calc_option": "2",
                "causality_conditions": "",
                "efficacy_type": "16",
                "efficacy_values": "[4, 25, 0]",
                "exec_timing_type": "1",
                "sub_target_type_set_id": "0",
                "target_type": "2"
            },
            {
                "calc_option": "0",
                "causality_conditions": "",
                "efficacy_type": "0",
                "efficacy_values": "[0, 0, 0]",
                "exec_timing_type": "1",
                "sub_target_type_set_id": "0",
                "target_type": "2"
            },
            {
                "calc_option": "0",
                "causality_conditions": "",
                "efficacy_type": "0",
                "efficacy_values": "[0, 0, 0]",
                "exec_timing_type": "1",
                "sub_target_type_set_id": "0",
                "target_type": "2"
            },
            {
                "calc_option": "0",
                "causality_conditions": "",
                "efficacy_type": "0",
                "efficacy_values": "[0, 0, 0]",
                "exec_timing_type": "1",
                "sub_target_type_set_id": "0",
                "target_type": "2"
            }
        ]
    },
    "passive_skill": {
        "id": "1",
        "itemized_description": "*After delivering a final blow*\n- ATK 25%{passiveImg:up_g} for 3 turn(s) after the end of the turn",
        "name": "Barrage",
        "skills": [
            {
                "calc_option": "2",
                "causality_conditions": "{\"source\": \"13\", \"compiled\": 13}",
                "eff_value1": "25",
                "eff_value2": "0",
                "eff_value3": "0",
                "efficacy_type": "1",
                "efficacy_values": "{}",
                "exec_timing_type": "9",
                "is_once": "0",
                "passive_skill_effect_id": "",
                "probability": "100",
                "sub_target_type_set_id": "0",
                "target_type": "1",
                "turn": "4"
            }
        ]
    },
    "special_sets": {
        "9": [
            {
                "aim_target": "0",
                "causality_description": "",
                "description": "Causes huge damage to enemy",
                "increase_rate": "100",
                "is_inactive": "0",
                "lv_bonus": "10",
                "name": "Shining Slash"
            }
        ]
    },
    "specials": {
        "9": [
        ]
    }
}
