{
    "card": {
        "atk_init": "4168",
        "atk_max": "6192",
        "aura_id": "",
        "aura_offset_x": "",
        "aura_offset_y": "",
        "aura_scale": "",
        "awakening_element_type": "1",
        "awakening_number": "",
        "bg_effect_id": "",
        "card_unique_info_id": "3",
        "character_id": "3",
        "collectable_type": "1",
        "cost": "14",
        "def_init": "2848",
        "def_max": "3361",
        "eball_mod_max": "120",
        "eball_mod_max_num": "12",
        "eball_mod_mid": "0",
        "eball_mod_mid_num": "0",
        "eball_mod_min": "40",
        "eball_mod_num100": "6",
        "element": "13",
        "exp_type": "5",
        "face_x": "438",
        "face_y": "755",
        "grow_type": "30",
        "hp_init": "5441",
        "hp_max": "6696",
        "id": "1000031",
        "is_aura_front": "0",
        "is_selling_only": "0",
        "leader_skill_set_id": "100003",
        "link_skill1_id": "45",
        "link_skill2_id": "23",
        "link_skill3_id": "42",
        "link_skill4_id": "47",
        "link_skill5_id": "1",
        "link_skill6_id": "",
        "link_skill7_id": "",
        "lv_max": "80",
        "max_level_reward_id": "1",
        "max_level_reward_type": "1",
        "name": "Goku",
        "optimal_awakening_grow_type": "",
        "passive_skill_set_id": "49",
        "potential_board_id": "",
        "price": "13320",
        "rarity": "3",
        "resource_id": "",
        "selling_exchange_point": "600",
        "skill_lv_max": "10",
        "special_motion": "1",
        "training_exp": "4280"
    },
    "card_specials": {
        "157": {
            "bonus_view_id1": "0",
            "bonus_view_id2": "0",
            "card_costume_condition_id": "0",
            "causality_conditions": "",
            "eball_num_start": "12",
            "lv_start": "0",
            "priority": "0",
            "special_asset_id": "",
            "special_bonus_id1": "0",
            "special_bonus_id2": "0",
            "special_bonus_lv1": "0",
            "special_bonus_lv2": "0",
            "special_set_id": "3",
            "style": "Normal",
            "view_id": "157"
        }
    },
    "categories": [
        {
            "id": "11"
        },
        {
            "id": "14"
        },
        {
            "id": "17"
        },
        {
            "id": "30"
        },
        {
            "id": "39"
        },
        {
            "id": "57"
        },
        {
            "id": "65"
        },
        {
            "id": "79"
        },
        {
            "id": "87"
        },
        {
            "id": "89"
        }
    ],
    "leader_skill": {
        "description": "TEQ & STR Types Ki +2",
        "id": "100003",
        "name": "The Saiyan Among Us",
        "skills": [
            {
                "calc_option": "0",
                "causality_conditions": "",
                "efficacy_type": "20",
                "efficacy_values": "[1, 2, 0]",
                "exec_timing_type": "1",
                "sub_target_type_set_id": "0",
                "target_type": "2"
            },
            {
                "calc_option": "0",
                "causality_conditions": "",
                "efficacy_type": "20",
                "efficacy_values": "[3, 2, 0]",
                "exec_timing_type": "1",
                "sub_target_type_set_id": "0",
                "target_type": "2"
            },
            {
                "calc_option": "0",
                "causality_conditions": "",
                "efficacy_type": "0",
                "efficacy_values": "[0, 0, 0]",
                "exec_timing_type": "1",
                "sub_target_type_set_id": "0",
                "target_type": "2"
            },
            {
                "calc_option": "0",
                "causality_conditions": "",
                "efficacy_type": "0",
                "efficacy_values": "[0, 0, 0]",
                "exec_timing_type": "1",
                "sub_target_type_set_id": "0",
                "target_type": "2"
            },
            {
                "calc_option": "0",
                "causality_conditions": "",
                "efficacy_type": "0",
                "efficacy_values": "[0, 0, 0]",
                "exec_timing_type": "1",
                "sub_target_type_set_id": "0",
                "target_type": "2"
            }
        ]
    },
    "passive_skill": {
        "id": "49",
        "itemized_description": "*When attacking with 12 or more Ki*\n- ATK 2500{passiveImg:up_g}",
        "name": "Latent Power",
        "skills": [
            {
                "calc_option": "0",
                "causality_conditions": "{\"source\": \"31\", \"compiled\": 31}",
                "eff_value1": "2500",
                "eff_value2": "0",
                "eff_value3": "0",
                "efficacy_type": "1",
                "efficacy_values": "{}",
                "exec_timing_type": "4",
                "is_once": "0",
                "passive_skill_effect_id": "",
                "probability": "100",
                "sub_target_type_set_id": "0",
                "target_type": "1",
                "turn": "1"
            }
        ]
    },
    "special_sets": {
        "3": [
            {
                "aim_target": "0",
                "causality_description": "",
                "description": "Causes huge damage to enemy",
                "increase_rate": "100",
                "is_inactive": "0",
                "lv_bonus": "10",
                "name": "Kamehameha"
            }
        ]
    },
    "specials": {
        "3": [
        ]
    }
}
