{
    "card": {
        "atk_init": "696",
        "atk_max": "2319",
        "aura_id": "",
        "aura_offset_x": "",
        "aura_offset_y": "",
        "aura_scale": "",
        "awakening_element_type": "2",
        "awakening_number": "",
        "bg_effect_id": "",
        "card_unique_info_id": "43",
        "character_id": "43",
        "collectable_type": "1",
        "cost": "6",
        "def_init": "613",
        "def_max": "2042",
        "eball_mod_max": "110",
        "eball_mod_max_num": "12",
        "eball_mod_mid": "0",
        "eball_mod_mid_num": "0",
        "eball_mod_min": "50",
        "eball_mod_num100": "4",
        "element": "0",
        "exp_type": "2",
        "face_x": "429",
        "face_y": "836",
        "grow_type": "13",
        "hp_init": "1003",
        "hp_max": "3344",
        "id": "1000630",
        "is_aura_front": "0",
        "is_selling_only": "0",
        "leader_skill_set_id": "100063",
        "link_skill1_id": "11",
        "link_skill2_id": "73",
        "link_skill3_id": "60",
        "link_skill4_id": "77",
        "link_skill5_id": "",
        "link_skill6_id": "",
        "link_skill7_id": "",
        "lv_max": "40",
        "max_level_reward_id": "1",
        "max_level_reward_type": "1",
        "name": "Yakon",
        "optimal_awakening_grow_type": "",
        "passive_skill_set_id": "1",
        "potential_board_id": "",
        "price": "1419",
        "rarity": "1",
        "resource_id": "",
        "selling_exchange_point": "50",
        "skill_lv_max": "10",
        "special_motion": "1",
        "training_exp": "1489"
    },
    "card_specials": {
        "63": {
            "bonus_view_id1": "0",
            "bonus_view_id2": "0",
            "card_costume_condition_id": "0",
            "causality_conditions": "",
            "eball_num_start": "12",
            "lv_start": "0",
            "priority": "0",
            "special_asset_id": "",
            "special_bonus_id1": "0",
            "special_bonus_id2": "0",
            "special_bonus_lv1": "0",
            "special_bonus_lv2": "0",
            "special_set_id": "51",
            "style": "Normal",
            "view_id": "63"
        }
    },
    "categories": [
        {
            "id": "9"
        },
        {
            "id": "41"
        },
        {
            "id": "64"
        },
        {
            "id": "93"
        },
        {
            "id": "97"
        }
    ],
    "leader_skill": {
        "description": "AGL Type ATK + 15%",
        "id": "100063",
        "name": "Light-Devouring Beast",
        "skills": [
            {
                "calc_option": "2",
                "causality_conditions": "",
                "efficacy_type": "16",
                "efficacy_values": "[0, 15, 0]",
                "exec_timing_type": "1",
                "sub_target_type_set_id": "0",
                "target_type": "2"
            },
            {
                "calc_option": "0",
                "causality_conditions": "",
                "efficacy_type": "0",
                "efficacy_values": "[0, 0, 0]",
                "exec_timing_type": "1",
                "sub_target_type_set_id": "0",
                "target_type": "2"
            },
            {
                "calc_option": "0",
                "causality_conditions": "",
                "efficacy_type": "0",
                "efficacy_values": "[0, 0, 0]",
                "exec_timing_type": "1",
                "sub_target_type_set_id": "0",
                "target_type": "2"
            },
            {
                "calc_option": "0",
                "causality_conditions": "",
                "efficacy_type": "0",
                "efficacy_values": "[0, 0, 0]",
                "exec_timing_type": "1",
                "sub_target_type_set_id": "0",
                "target_type": "2"
            },
            {
                "calc_option": "0",
                "causality_conditions": "",
                "efficacy_type": "0",
                "efficacy_values": "[0, 0, 0]",
                "exec_timing_type": "1",
                "sub_target_type_set_id": "0",
                "target_type": "2"
            }
        ]
    },
    "passive_skill": {
        "id": "1",
        "itemized_description": "*After delivering a final blow*\n- ATK 25%{passiveImg:up_g} for 3 turn(s) after the end of the turn",
        "name": "Barrage",
        "skills": [
            {
                "calc_option": "2",
                "causality_conditions": "{\"source\": \"13\", \"compiled\": 13}",
                "eff_value1": "25",
                "eff_value2": "0",
                "eff_value3": "0",
                "efficacy_type": "1",
                "efficacy_values": "{}",
                "exec_timing_type": "9",
                "is_once": "0",
                "passive_skill_effect_id": "",
                "probability": "100",
                "sub_target_type_set_id": "0",
                "target_type": "1",
                "turn": "4"
            }
        ]
    },
    "special_sets": {
        "51": [
            {
                "aim_target": "0",
                "causality_description": "",
                "description": "Causes huge damage to enemy",
                "increase_rate": "100",
                "is_inactive": "0",
                "lv_bonus": "10",
                "name": "Light Absorber"
            }
        ]
    },
    "specials": {
        "51": [
        ]
    }
}
