{
    "card": {
        "atk_init": "934",
        "atk_max": "1858",
        "aura_id": "",
        "aura_offset_x": "",
        "aura_offset_y": "",
        "aura_scale": "",
        "awakening_element_type": "2",
        "awakening_number": "",
        "bg_effect_id": "",
        "card_unique_info_id": "54",
        "character_id": "54",
        "collectable_type": "1",
        "cost": "4",
        "def_init": "747",
        "def_max": "2101",
        "eball_mod_max": "150",
        "eball_mod_max_num": "12",
        "eball_mod_mid": "0",
        "eball_mod_mid_num": "0",
        "eball_mod_min": "50",
        "eball_mod_num100": "5",
        "element": "21",
        "exp_type": "0",
        "face_x": "399",
        "face_y": "907",
        "grow_type": "10",
        "hp_init": "1336",
        "hp_max": "2639",
        "id": "1000801",
        "is_aura_front": "0",
        "is_selling_only": "0",
        "leader_skill_set_id": "100080",
        "link_skill1_id": "55",
        "link_skill2_id": "",
        "link_skill3_id": "",
        "link_skill4_id": "",
        "link_skill5_id": "",
        "link_skill6_id": "",
        "link_skill7_id": "",
        "lv_max": "40",
        "max_level_reward_id": "1",
        "max_level_reward_type": "1",
        "name": "Red Ribbon Soldier",
        "optimal_awakening_grow_type": "",
        "passive_skill_set_id": "",
        "potential_board_id": "",
        "price": "1362",
        "rarity": "1",
        "resource_id": "",
        "selling_exchange_point": "1",
        "skill_lv_max": "10",
        "special_motion": "1",
        "training_exp": "1489"
    },
    "card_specials": {
        "234": {
            "bonus_view_id1": "0",
            "bonus_view_id2": "0",
            "card_costume_condition_id": "0",
            "causality_conditions": "",
            "eball_num_start": "12",
            "lv_start": "0",
            "priority": "0",
            "special_asset_id": "",
            "special_bonus_id1": "0",
            "special_bonus_id2": "0",
            "special_bonus_lv1": "0",
            "special_bonus_lv2": "0",
            "special_set_id": "62",
            "style": "Normal",
            "view_id": "234"
        }
    },
    "categories": [
        {
            "id": "34"
        },
        {
            "id": "41"
        },
        {
            "id": "51"
        },
        {
            "id": "89"
        },
        {
            "id": "97"
        }
    ],
    "leader_skill": {
        "description": "None",
        "id": "100080",
        "name": "Infamous Army",
        "skills": [
            {
                "calc_option": "0",
                "causality_conditions": "",
                "efficacy_type": "0",
                "efficacy_values": "[0, 0, 0]",
                "exec_timing_type": "0",
                "sub_target_type_set_id": "0",
                "target_type": "0"
            },
            {
                "calc_option": "0",
                "causality_conditions": "",
                "efficacy_type": "0",
                "efficacy_values": "[0, 0, 0]",
                "exec_timing_type": "0",
                "sub_target_type_set_id": "0",
                "target_type": "0"
            },
            {
                "calc_option": "0",
                "causality_conditions": "",
                "efficacy_type": "0",
                "efficacy_values": "[0, 0, 0]",
                "exec_timing_type": "0",
                "sub_target_type_set_id": "0",
                "target_type": "0"
            },
            {
                "calc_option": "0",
                "causality_conditions": "",
                "efficacy_type": "0",
                "efficacy_values": "[0, 0, 0]",
                "exec_timing_type": "0",
                "sub_target_type_set_id": "0",
                "target_type": "0"
            },
            {
                "calc_option": "0",
                "causality_conditions": "",
                "efficacy_type": "0",
                "efficacy_values": "[0, 0, 0]",
                "exec_timing_type": "0",
                "sub_target_type_set_id": "0",
                "target_type": "0"
            }
        ]
    },
    "passive_skill": {
        "id": "",
        "itemized_description": "",
        "name": "",
        "skills": [
        ]
    },
    "special_sets": {
        "62": [
            {
                "aim_target": "0",
                "causality_description": "",
                "description": "Causes huge damage to enemy",
                "increase_rate": "100",
                "is_inactive": "0",
                "lv_bonus": "10",
                "name": "R2 Gun"
            }
        ]
    },
    "specials": {
        "62": [
        ]
    }
}
