{
    "card": {
        "atk_init": "1226",
        "atk_max": "4088",
        "aura_id": "",
        "aura_offset_x": "",
        "aura_offset_y": "",
        "aura_scale": "",
        "awakening_element_type": "2",
        "awakening_number": "",
        "bg_effect_id": "",
        "card_unique_info_id": "21",
        "character_id": "20",
        "collectable_type": "1",
        "cost": "10",
        "def_init": "929",
        "def_max": "3096",
        "eball_mod_max": "120",
        "eball_mod_max_num": "12",
        "eball_mod_mid": "0",
        "eball_mod_mid_num": "0",
        "eball_mod_min": "40",
        "eball_mod_num100": "6",
        "element": "3",
        "exp_type": "5",
        "face_x": "469",
        "face_y": "829",
        "grow_type": "23",
        "hp_init": "1450",
        "hp_max": "4832",
        "id": "1000230",
        "is_aura_front": "0",
        "is_selling_only": "0",
        "leader_skill_set_id": "100023",
        "link_skill1_id": "35",
        "link_skill2_id": "31",
        "link_skill3_id": "4",
        "link_skill4_id": "64",
        "link_skill5_id": "1001",
        "link_skill6_id": "110",
        "link_skill7_id": "",
        "lv_max": "60",
        "max_level_reward_id": "1",
        "max_level_reward_type": "1",
        "name": "Android #18",
        "optimal_awakening_grow_type": "",
        "passive_skill_set_id": "20",
        "potential_board_id": "",
        "price": "3345",
        "rarity": "2",
        "resource_id": "",
        "selling_exchange_point": "500",
        "skill_lv_max": "10",
        "special_motion": "1",
        "training_exp": "2765"
    },
    "card_specials": {
        "23": {
            "bonus_view_id1": "0",
            "bonus_view_id2": "0",
            "card_costume_condition_id": "0",
            "causality_conditions": "",
            "eball_num_start": "12",
            "lv_start": "0",
            "priority": "0",
            "special_asset_id": "",
            "special_bonus_id1": "0",
            "special_bonus_id2": "0",
            "special_bonus_lv1": "0",
            "special_bonus_lv2": "0",
            "special_set_id": "27",
            "style": "Normal",
            "view_id": "23"
        }
    },
    "categories": [
        {
            "id": "4"
        },
        {
            "id": "21"
        },
        {
            "id": "35"
        },
        {
            "id": "38"
        },
        {
            "id": "43"
        },
        {
            "id": "58"
        },
        {
            "id": "94"
        },
        {
            "id": "97"
        }
    ],
    "leader_skill": {
        "description": "INT & STR Types ATK +25%",
        "id": "100023",
        "name": "Alluring Assassin",
        "skills": [
            {
                "calc_option": "2",
                "causality_conditions": "",
                "efficacy_type": "16",
                "efficacy_values": "[2, 25, 0]",
                "exec_timing_type": "1",
                "sub_target_type_set_id": "0",
                "target_type": "2"
            },
            {
                "calc_option": "2",
                "causality_conditions": "",
                "efficacy_type": "16",
                "efficacy_values": "[3, 25, 0]",
                "exec_timing_type": "1",
                "sub_target_type_set_id": "0",
                "target_type": "2"
            },
            {
                "calc_option": "0",
                "causality_conditions": "",
                "efficacy_type": "0",
                "efficacy_values": "[0, 0, 0]",
                "exec_timing_type": "1",
                "sub_target_type_set_id": "0",
                "target_type": "2"
            },
            {
                "calc_option": "0",
                "causality_conditions": "",
                "efficacy_type": "0",
                "efficacy_values": "[0, 0, 0]",
                "exec_timing_type": "1",
                "sub_target_type_set_id": "0",
                "target_type": "2"
            },
            {
                "calc_option": "0",
                "causality_conditions": "",
                "efficacy_type": "0",
                "efficacy_values": "[0, 0, 0]",
                "exec_timing_type": "1",
                "sub_target_type_set_id": "0",
                "target_type": "2"
            }
        ]
    },
    "passive_skill": {
        "id": "20",
        "itemized_description": "*When HP is 50% or more*\n- ATK 25%{passiveImg:up_g}",
        "name": "Full Power",
        "skills": [
            {
                "calc_option": "2",
                "causality_conditions": "{\"source\": \"21\", \"compiled\": 21}",
                "eff_value1": "25",
                "eff_value2": "0",
                "eff_value3": "0",
                "efficacy_type": "1",
                "efficacy_values": "{}",
                "exec_timing_type": "1",
                "is_once": "0",
                "passive_skill_effect_id": "",
                "probability": "100",
                "sub_target_type_set_id": "0",
                "target_type": "1",
                "turn": "1"
            }
        ]
    },
    "special_sets": {
        "27": [
            {
                "aim_target": "0",
                "causality_description": "",
                "description": "Causes huge damage to enemy",
                "increase_rate": "100",
                "is_inactive": "0",
                "lv_bonus": "10",
                "name": "Infinity Bullet"
            }
        ]
    },
    "specials": {
        "27": [
        ]
    }
}
