{
    "card": {
        "atk_init": "1066",
        "atk_max": "3553",
        "aura_id": "",
        "aura_offset_x": "",
        "aura_offset_y": "",
        "aura_scale": "",
        "awakening_element_type": "2",
        "awakening_number": "",
        "bg_effect_id": "",
        "card_unique_info_id": "24",
        "character_id": "24",
        "collectable_type": "1",
        "cost": "8",
        "def_init": "709",
        "def_max": "2364",
        "eball_mod_max": "110",
        "eball_mod_max_num": "12",
        "eball_mod_mid": "0",
        "eball_mod_mid_num": "0",
        "eball_mod_min": "40",
        "eball_mod_num100": "4",
        "element": "0",
        "exp_type": "4",
        "face_x": "544",
        "face_y": "788",
        "grow_type": "21",
        "hp_init": "1161",
        "hp_max": "3871",
        "id": "1000260",
        "is_aura_front": "0",
        "is_selling_only": "0",
        "leader_skill_set_id": "100026",
        "link_skill1_id": "5",
        "link_skill2_id": "16",
        "link_skill3_id": "18",
        "link_skill4_id": "32",
        "link_skill5_id": "90",
        "link_skill6_id": "",
        "link_skill7_id": "",
        "lv_max": "60",
        "max_level_reward_id": "1",
        "max_level_reward_type": "1",
        "name": "Mercenary Tao",
        "optimal_awakening_grow_type": "",
        "passive_skill_set_id": "82",
        "potential_board_id": "",
        "price": "3096",
        "rarity": "2",
        "resource_id": "",
        "selling_exchange_point": "500",
        "skill_lv_max": "10",
        "special_motion": "1",
        "training_exp": "2765"
    },
    "card_specials": {
        "26": {
            "bonus_view_id1": "0",
            "bonus_view_id2": "0",
            "card_costume_condition_id": "0",
            "causality_conditions": "",
            "eball_num_start": "12",
            "lv_start": "0",
            "priority": "0",
            "special_asset_id": "",
            "special_bonus_id1": "0",
            "special_bonus_id2": "0",
            "special_bonus_lv1": "0",
            "special_bonus_lv2": "0",
            "special_set_id": "31",
            "style": "Normal",
            "view_id": "26"
        }
    },
    "categories": [
        {
            "id": "25"
        },
        {
            "id": "34"
        },
        {
            "id": "35"
        },
        {
            "id": "43"
        },
        {
            "id": "51"
        },
        {
            "id": "78"
        },
        {
            "id": "89"
        },
        {
            "id": "97"
        }
    ],
    "leader_skill": {
        "description": "AGL Type Ki +2",
        "id": "100026",
        "name": "Unrivaled Assassin",
        "skills": [
            {
                "calc_option": "0",
                "causality_conditions": "",
                "efficacy_type": "20",
                "efficacy_values": "[0, 2, 0]",
                "exec_timing_type": "1",
                "sub_target_type_set_id": "0",
                "target_type": "2"
            },
            {
                "calc_option": "0",
                "causality_conditions": "",
                "efficacy_type": "0",
                "efficacy_values": "[0, 0, 0]",
                "exec_timing_type": "1",
                "sub_target_type_set_id": "0",
                "target_type": "2"
            },
            {
                "calc_option": "0",
                "causality_conditions": "",
                "efficacy_type": "0",
                "efficacy_values": "[0, 0, 0]",
                "exec_timing_type": "1",
                "sub_target_type_set_id": "0",
                "target_type": "2"
            },
            {
                "calc_option": "0",
                "causality_conditions": "",
                "efficacy_type": "0",
                "efficacy_values": "[0, 0, 0]",
                "exec_timing_type": "1",
                "sub_target_type_set_id": "0",
                "target_type": "2"
            },
            {
                "calc_option": "0",
                "causality_conditions": "",
                "efficacy_type": "0",
                "efficacy_values": "[0, 0, 0]",
                "exec_timing_type": "1",
                "sub_target_type_set_id": "0",
                "target_type": "2"
            }
        ]
    },
    "passive_skill": {
        "id": "82",
        "itemized_description": "*Basic effect(s)*\r\n- Rare chance of stunning all enemies",
        "name": "Assassin's 20th Anniversary",
        "skills": [
            {
                "calc_option": "0",
                "causality_conditions": "",
                "eff_value1": "0",
                "eff_value2": "0",
                "eff_value3": "0",
                "efficacy_type": "9",
                "efficacy_values": "{}",
                "exec_timing_type": "1",
                "is_once": "0",
                "passive_skill_effect_id": "",
                "probability": "7",
                "sub_target_type_set_id": "0",
                "target_type": "4",
                "turn": "1"
            }
        ]
    },
    "special_sets": {
        "31": [
            {
                "aim_target": "0",
                "causality_description": "",
                "description": "Huge damage \r\nand rare chance to stun the enemy",
                "increase_rate": "100",
                "is_inactive": "0",
                "lv_bonus": "10",
                "name": "Dodon Ray"
            }
        ]
    },
    "specials": {
        "31": [
            {
                "calc_option": "0",
                "causality_conditions": "",
                "eff_value1": "0",
                "eff_value2": "0",
                "eff_value3": "0",
                "efficacy_type": "9",
                "prob": "10",
                "target_type": "3",
                "turn": "2",
                "type": "Special::ExtraEfficacySpecial"
            }
        ]
    }
}
