{
    "card": {
        "atk_init": "611",
        "atk_max": "2036",
        "aura_id": "",
        "aura_offset_x": "",
        "aura_offset_y": "",
        "aura_scale": "",
        "awakening_element_type": "2",
        "awakening_number": "",
        "bg_effect_id": "",
        "card_unique_info_id": "40",
        "character_id": "40",
        "collectable_type": "1",
        "cost": "5",
        "def_init": "861",
        "def_max": "2871",
        "eball_mod_max": "140",
        "eball_mod_max_num": "12",
        "eball_mod_mid": "0",
        "eball_mod_mid_num": "0",
        "eball_mod_min": "50",
        "eball_mod_num100": "4",
        "element": "4",
        "exp_type": "1",
        "face_x": "336",
        "face_y": "692",
        "grow_type": "11",
        "hp_init": "824",
        "hp_max": "2746",
        "id": "1000600",
        "is_aura_front": "0",
        "is_selling_only": "0",
        "leader_skill_set_id": "100060",
        "link_skill1_id": "33",
        "link_skill2_id": "18",
        "link_skill3_id": "4",
        "link_skill4_id": "47",
        "link_skill5_id": "",
        "link_skill6_id": "",
        "link_skill7_id": "",
        "lv_max": "40",
        "max_level_reward_id": "1",
        "max_level_reward_type": "1",
        "name": "Cell Jr.",
        "optimal_awakening_grow_type": "",
        "passive_skill_set_id": "34",
        "potential_board_id": "",
        "price": "1288",
        "rarity": "1",
        "resource_id": "",
        "selling_exchange_point": "50",
        "skill_lv_max": "10",
        "special_motion": "1",
        "training_exp": "1489"
    },
    "card_specials": {
        "60": {
            "bonus_view_id1": "0",
            "bonus_view_id2": "0",
            "card_costume_condition_id": "0",
            "causality_conditions": "",
            "eball_num_start": "12",
            "lv_start": "0",
            "priority": "0",
            "special_asset_id": "",
            "special_bonus_id1": "0",
            "special_bonus_id2": "0",
            "special_bonus_lv1": "0",
            "special_bonus_lv2": "0",
            "special_set_id": "48",
            "style": "Normal",
            "view_id": "60"
        }
    },
    "categories": [
        {
            "id": "21"
        },
        {
            "id": "32"
        },
        {
            "id": "38"
        },
        {
            "id": "39"
        },
        {
            "id": "91"
        },
        {
            "id": "97"
        }
    ],
    "leader_skill": {
        "description": "Damage received reduced by 10%",
        "id": "100060",
        "name": "Tiny Terror",
        "skills": [
            {
                "calc_option": "3",
                "causality_conditions": "",
                "efficacy_type": "13",
                "efficacy_values": "[90, 0, 0]",
                "exec_timing_type": "1",
                "sub_target_type_set_id": "0",
                "target_type": "2"
            },
            {
                "calc_option": "0",
                "causality_conditions": "",
                "efficacy_type": "0",
                "efficacy_values": "[0, 0, 0]",
                "exec_timing_type": "1",
                "sub_target_type_set_id": "0",
                "target_type": "2"
            },
            {
                "calc_option": "0",
                "causality_conditions": "",
                "efficacy_type": "0",
                "efficacy_values": "[0, 0, 0]",
                "exec_timing_type": "1",
                "sub_target_type_set_id": "0",
                "target_type": "2"
            },
            {
                "calc_option": "0",
                "causality_conditions": "",
                "efficacy_type": "0",
                "efficacy_values": "[0, 0, 0]",
                "exec_timing_type": "1",
                "sub_target_type_set_id": "0",
                "target_type": "2"
            },
            {
                "calc_option": "0",
                "causality_conditions": "",
                "efficacy_type": "0",
                "efficacy_values": "[0, 0, 0]",
                "exec_timing_type": "1",
                "sub_target_type_set_id": "0",
                "target_type": "2"
            }
        ]
    },
    "passive_skill": {
        "id": "34",
        "itemized_description": "*After guard is activated*\n- Damage reduction rate 30%{passiveImg:up_g}",
        "name": "Perfect Guard",
        "skills": [
            {
                "calc_option": "3",
                "causality_conditions": "{\"source\": \"29\", \"compiled\": 29}",
                "eff_value1": "70",
                "eff_value2": "0",
                "eff_value3": "0",
                "efficacy_type": "13",
                "efficacy_values": "{}",
                "exec_timing_type": "6",
                "is_once": "0",
                "passive_skill_effect_id": "",
                "probability": "100",
                "sub_target_type_set_id": "0",
                "target_type": "1",
                "turn": "1"
            }
        ]
    },
    "special_sets": {
        "48": [
            {
                "aim_target": "0",
                "causality_description": "",
                "description": "Causes huge damage to enemy",
                "increase_rate": "100",
                "is_inactive": "0",
                "lv_bonus": "10",
                "name": "Kamehameha"
            }
        ]
    },
    "specials": {
        "48": [
        ]
    }
}
