{
    "card": {
        "atk_init": "3046",
        "atk_max": "4902",
        "aura_id": "",
        "aura_offset_x": "",
        "aura_offset_y": "",
        "aura_scale": "",
        "awakening_element_type": "1",
        "awakening_number": "",
        "bg_effect_id": "",
        "card_unique_info_id": "38",
        "character_id": "226",
        "collectable_type": "1",
        "cost": "14",
        "def_init": "2587",
        "def_max": "3040",
        "eball_mod_max": "123",
        "eball_mod_max_num": "12",
        "eball_mod_mid": "0",
        "eball_mod_mid_num": "0",
        "eball_mod_min": "40",
        "eball_mod_num100": "5",
        "element": "12",
        "exp_type": "5",
        "face_x": "423",
        "face_y": "910",
        "grow_type": "30",
        "hp_init": "5058",
        "hp_max": "6474",
        "id": "1000821",
        "is_aura_front": "0",
        "is_selling_only": "0",
        "leader_skill_set_id": "100082",
        "link_skill1_id": "27",
        "link_skill2_id": "44",
        "link_skill3_id": "15",
        "link_skill4_id": "10",
        "link_skill5_id": "20",
        "link_skill6_id": "",
        "link_skill7_id": "",
        "lv_max": "80",
        "max_level_reward_id": "1",
        "max_level_reward_type": "1",
        "name": "Hercule",
        "optimal_awakening_grow_type": "",
        "passive_skill_set_id": "127",
        "potential_board_id": "",
        "price": "13336",
        "rarity": "3",
        "resource_id": "",
        "selling_exchange_point": "600",
        "skill_lv_max": "10",
        "special_motion": "1",
        "training_exp": "4280"
    },
    "card_specials": {
        "236": {
            "bonus_view_id1": "0",
            "bonus_view_id2": "0",
            "card_costume_condition_id": "0",
            "causality_conditions": "",
            "eball_num_start": "12",
            "lv_start": "0",
            "priority": "0",
            "special_asset_id": "",
            "special_bonus_id1": "0",
            "special_bonus_id2": "0",
            "special_bonus_lv1": "0",
            "special_bonus_lv2": "0",
            "special_set_id": "63",
            "style": "Normal",
            "view_id": "236"
        }
    },
    "categories": [
        {
            "id": "3"
        },
        {
            "id": "9"
        },
        {
            "id": "51"
        },
        {
            "id": "57"
        },
        {
            "id": "79"
        },
        {
            "id": "87"
        },
        {
            "id": "89"
        },
        {
            "id": "91"
        },
        {
            "id": "95"
        }
    ],
    "leader_skill": {
        "description": "AGL, INT & PHY Types Ki +1",
        "id": "100082",
        "name": "Hero Chosen by Earth",
        "skills": [
            {
                "calc_option": "0",
                "causality_conditions": "",
                "efficacy_type": "20",
                "efficacy_values": "[0, 1, 0]",
                "exec_timing_type": "1",
                "sub_target_type_set_id": "0",
                "target_type": "2"
            },
            {
                "calc_option": "0",
                "causality_conditions": "",
                "efficacy_type": "20",
                "efficacy_values": "[2, 1, 0]",
                "exec_timing_type": "1",
                "sub_target_type_set_id": "0",
                "target_type": "2"
            },
            {
                "calc_option": "0",
                "causality_conditions": "",
                "efficacy_type": "20",
                "efficacy_values": "[4, 1, 0]",
                "exec_timing_type": "1",
                "sub_target_type_set_id": "0",
                "target_type": "2"
            },
            {
                "calc_option": "0",
                "causality_conditions": "",
                "efficacy_type": "0",
                "efficacy_values": "[0, 0, 0]",
                "exec_timing_type": "1",
                "sub_target_type_set_id": "0",
                "target_type": "2"
            },
            {
                "calc_option": "0",
                "causality_conditions": "",
                "efficacy_type": "0",
                "efficacy_values": "[0, 0, 0]",
                "exec_timing_type": "1",
                "sub_target_type_set_id": "0",
                "target_type": "2"
            }
        ]
    },
    "passive_skill": {
        "id": "127",
        "itemized_description": "*Basic effect(s)*\n- Ki +3",
        "name": "Champion's Pride",
        "skills": [
            {
                "calc_option": "0",
                "causality_conditions": "",
                "eff_value1": "3",
                "eff_value2": "0",
                "eff_value3": "0",
                "efficacy_type": "5",
                "efficacy_values": "{}",
                "exec_timing_type": "1",
                "is_once": "0",
                "passive_skill_effect_id": "",
                "probability": "100",
                "sub_target_type_set_id": "0",
                "target_type": "1",
                "turn": "1"
            }
        ]
    },
    "special_sets": {
        "63": [
            {
                "aim_target": "0",
                "causality_description": "",
                "description": "Causes huge damage to enemy",
                "increase_rate": "100",
                "is_inactive": "0",
                "lv_bonus": "10",
                "name": "Dynamite Kick"
            }
        ]
    },
    "specials": {
        "63": [
        ]
    }
}
