{
    "card": {
        "atk_init": "1149",
        "atk_max": "3830",
        "aura_id": "",
        "aura_offset_x": "",
        "aura_offset_y": "",
        "aura_scale": "",
        "awakening_element_type": "1",
        "awakening_number": "",
        "bg_effect_id": "",
        "card_unique_info_id": "13",
        "character_id": "13",
        "collectable_type": "1",
        "cost": "10",
        "def_init": "857",
        "def_max": "2855",
        "eball_mod_max": "110",
        "eball_mod_max_num": "12",
        "eball_mod_mid": "0",
        "eball_mod_mid_num": "0",
        "eball_mod_min": "40",
        "eball_mod_num100": "4",
        "element": "0",
        "exp_type": "5",
        "face_x": "336",
        "face_y": "769",
        "grow_type": "23",
        "hp_init": "1265",
        "hp_max": "4217",
        "id": "1000150",
        "is_aura_front": "0",
        "is_selling_only": "0",
        "leader_skill_set_id": "100015",
        "link_skill1_id": "45",
        "link_skill2_id": "37",
        "link_skill3_id": "36",
        "link_skill4_id": "53",
        "link_skill5_id": "",
        "link_skill6_id": "",
        "link_skill7_id": "",
        "lv_max": "60",
        "max_level_reward_id": "1",
        "max_level_reward_type": "1",
        "name": "Yamcha",
        "optimal_awakening_grow_type": "",
        "passive_skill_set_id": "13",
        "potential_board_id": "",
        "price": "3369",
        "rarity": "2",
        "resource_id": "",
        "selling_exchange_point": "500",
        "skill_lv_max": "10",
        "special_motion": "1",
        "training_exp": "2765"
    },
    "card_specials": {
        "15": {
            "bonus_view_id1": "0",
            "bonus_view_id2": "0",
            "card_costume_condition_id": "0",
            "causality_conditions": "",
            "eball_num_start": "12",
            "lv_start": "0",
            "priority": "0",
            "special_asset_id": "",
            "special_bonus_id1": "0",
            "special_bonus_id2": "0",
            "special_bonus_lv1": "0",
            "special_bonus_lv2": "0",
            "special_set_id": "17",
            "style": "Normal",
            "view_id": "15"
        }
    },
    "categories": [
        {
            "id": "37"
        },
        {
            "id": "51"
        },
        {
            "id": "65"
        },
        {
            "id": "86"
        },
        {
            "id": "89"
        },
        {
            "id": "10117000"
        }
    ],
    "leader_skill": {
        "description": "Enemies' DEF -25%",
        "id": "100015",
        "name": "Secret Arts Unleashed",
        "skills": [
            {
                "calc_option": "3",
                "causality_conditions": "",
                "efficacy_type": "2",
                "efficacy_values": "[25, 0, 0]",
                "exec_timing_type": "1",
                "sub_target_type_set_id": "0",
                "target_type": "4"
            },
            {
                "calc_option": "0",
                "causality_conditions": "",
                "efficacy_type": "0",
                "efficacy_values": "[0, 0, 0]",
                "exec_timing_type": "1",
                "sub_target_type_set_id": "0",
                "target_type": "4"
            },
            {
                "calc_option": "0",
                "causality_conditions": "",
                "efficacy_type": "0",
                "efficacy_values": "[0, 0, 0]",
                "exec_timing_type": "1",
                "sub_target_type_set_id": "0",
                "target_type": "4"
            },
            {
                "calc_option": "0",
                "causality_conditions": "",
                "efficacy_type": "0",
                "efficacy_values": "[0, 0, 0]",
                "exec_timing_type": "1",
                "sub_target_type_set_id": "0",
                "target_type": "4"
            },
            {
                "calc_option": "0",
                "causality_conditions": "",
                "efficacy_type": "0",
                "efficacy_values": "[0, 0, 0]",
                "exec_timing_type": "1",
                "sub_target_type_set_id": "0",
                "target_type": "4"
            }
        ]
    },
    "passive_skill": {
        "id": "13",
        "itemized_description": "*When attacking*\r\n- Enemies' DEF 50%{passiveImg:down_y}",
        "name": "First Attack",
        "skills": [
            {
                "calc_option": "3",
                "causality_conditions": "",
                "eff_value1": "50",
                "eff_value2": "0",
                "eff_value3": "0",
                "efficacy_type": "2",
                "efficacy_values": "{}",
                "exec_timing_type": "4",
                "is_once": "0",
                "passive_skill_effect_id": "",
                "probability": "100",
                "sub_target_type_set_id": "0",
                "target_type": "3",
                "turn": "1"
            }
        ]
    },
    "special_sets": {
        "17": [
            {
                "aim_target": "0",
                "causality_description": "",
                "description": "Causes huge damage to enemy \r\nand lowers DEF",
                "increase_rate": "100",
                "is_inactive": "0",
                "lv_bonus": "10",
                "name": "Wolf Fang Fist"
            }
        ]
    },
    "specials": {
        "17": [
            {
                "calc_option": "3",
                "causality_conditions": "",
                "eff_value1": "20",
                "eff_value2": "0",
                "eff_value3": "0",
                "efficacy_type": "2",
                "prob": "100",
                "target_type": "3",
                "turn": "3",
                "type": "Special::NormalEfficacySpecial"
            }
        ]
    }
}
