{
    "card": {
        "atk_init": "3169",
        "atk_max": "5132",
        "aura_id": "",
        "aura_offset_x": "",
        "aura_offset_y": "",
        "aura_scale": "",
        "awakening_element_type": "2",
        "awakening_number": "",
        "bg_effect_id": "",
        "card_unique_info_id": "16",
        "character_id": "16",
        "collectable_type": "1",
        "cost": "12",
        "def_init": "3800",
        "def_max": "4682",
        "eball_mod_max": "140",
        "eball_mod_max_num": "12",
        "eball_mod_mid": "0",
        "eball_mod_mid_num": "0",
        "eball_mod_min": "40",
        "eball_mod_num100": "5",
        "element": "24",
        "exp_type": "4",
        "face_x": "423",
        "face_y": "650",
        "grow_type": "30",
        "hp_init": "4079",
        "hp_max": "5212",
        "id": "1000941",
        "is_aura_front": "0",
        "is_selling_only": "0",
        "leader_skill_set_id": "100094",
        "link_skill1_id": "28",
        "link_skill2_id": "51",
        "link_skill3_id": "43",
        "link_skill4_id": "",
        "link_skill5_id": "",
        "link_skill6_id": "",
        "link_skill7_id": "",
        "lv_max": "80",
        "max_level_reward_id": "1",
        "max_level_reward_type": "1",
        "name": "Zarbon",
        "optimal_awakening_grow_type": "",
        "passive_skill_set_id": "74",
        "potential_board_id": "24",
        "price": "12899",
        "rarity": "3",
        "resource_id": "",
        "selling_exchange_point": "600",
        "skill_lv_max": "10",
        "special_motion": "1",
        "training_exp": "4280"
    },
    "card_specials": {
        "248": {
            "bonus_view_id1": "0",
            "bonus_view_id2": "0",
            "card_costume_condition_id": "0",
            "causality_conditions": "",
            "eball_num_start": "12",
            "lv_start": "0",
            "priority": "0",
            "special_asset_id": "",
            "special_bonus_id1": "0",
            "special_bonus_id2": "0",
            "special_bonus_lv1": "0",
            "special_bonus_lv2": "0",
            "special_set_id": "22",
            "style": "Normal",
            "view_id": "248"
        }
    },
    "categories": [
        {
            "id": "14"
        },
        {
            "id": "23"
        },
        {
            "id": "25"
        },
        {
            "id": "41"
        },
        {
            "id": "62"
        },
        {
            "id": "97"
        },
        {
            "id": "7462"
        }
    ],
    "leader_skill": {
        "description": "ATK & DEF + 15% when HP 80% or below",
        "id": "100094",
        "name": "Evil Elegance",
        "skills": [
            {
                "calc_option": "2",
                "causality_conditions": "{\"source\": \"42\", \"compiled\": 42}",
                "efficacy_type": "3",
                "efficacy_values": "[15, 15, 0]",
                "exec_timing_type": "1",
                "sub_target_type_set_id": "0",
                "target_type": "2"
            },
            {
                "calc_option": "0",
                "causality_conditions": "{\"source\": \"42\", \"compiled\": 42}",
                "efficacy_type": "0",
                "efficacy_values": "[0, 0, 0]",
                "exec_timing_type": "1",
                "sub_target_type_set_id": "0",
                "target_type": "2"
            },
            {
                "calc_option": "0",
                "causality_conditions": "{\"source\": \"42\", \"compiled\": 42}",
                "efficacy_type": "0",
                "efficacy_values": "[0, 0, 0]",
                "exec_timing_type": "1",
                "sub_target_type_set_id": "0",
                "target_type": "2"
            },
            {
                "calc_option": "0",
                "causality_conditions": "{\"source\": \"42\", \"compiled\": 42}",
                "efficacy_type": "0",
                "efficacy_values": "[0, 0, 0]",
                "exec_timing_type": "1",
                "sub_target_type_set_id": "0",
                "target_type": "2"
            },
            {
                "calc_option": "0",
                "causality_conditions": "{\"source\": \"42\", \"compiled\": 42}",
                "efficacy_type": "0",
                "efficacy_values": "[0, 0, 0]",
                "exec_timing_type": "1",
                "sub_target_type_set_id": "0",
                "target_type": "2"
            }
        ]
    },
    "passive_skill": {
        "id": "74",
        "itemized_description": "*Basic effect(s)*\r\n- AGL & PHY Type allies' ATK & DEF 500{passiveImg:up_g}",
        "name": "Pride",
        "skills": [
            {
                "calc_option": "0",
                "causality_conditions": "",
                "eff_value1": "0",
                "eff_value2": "500",
                "eff_value3": "500",
                "efficacy_type": "18",
                "efficacy_values": "{}",
                "exec_timing_type": "1",
                "is_once": "0",
                "passive_skill_effect_id": "",
                "probability": "100",
                "sub_target_type_set_id": "0",
                "target_type": "2",
                "turn": "1"
            },
            {
                "calc_option": "0",
                "causality_conditions": "",
                "eff_value1": "4",
                "eff_value2": "500",
                "eff_value3": "500",
                "efficacy_type": "18",
                "efficacy_values": "{}",
                "exec_timing_type": "1",
                "is_once": "0",
                "passive_skill_effect_id": "",
                "probability": "100",
                "sub_target_type_set_id": "0",
                "target_type": "2",
                "turn": "1"
            }
        ]
    },
    "special_sets": {
        "22": [
            {
                "aim_target": "0",
                "causality_description": "",
                "description": "Causes huge damage to enemy",
                "increase_rate": "100",
                "is_inactive": "0",
                "lv_bonus": "10",
                "name": "Elegant Blaster"
            }
        ]
    },
    "specials": {
        "22": [
        ]
    }
}
