{
    "card": {
        "atk_init": "2224",
        "atk_max": "3108",
        "aura_id": "",
        "aura_offset_x": "",
        "aura_offset_y": "",
        "aura_scale": "",
        "awakening_element_type": "1",
        "awakening_number": "",
        "bg_effect_id": "",
        "card_unique_info_id": "36",
        "character_id": "35",
        "collectable_type": "1",
        "cost": "6",
        "def_init": "2747",
        "def_max": "3413",
        "eball_mod_max": "145",
        "eball_mod_max_num": "12",
        "eball_mod_mid": "0",
        "eball_mod_mid_num": "0",
        "eball_mod_min": "50",
        "eball_mod_num100": "6",
        "element": "14",
        "exp_type": "2",
        "face_x": "412",
        "face_y": "674",
        "grow_type": "20",
        "hp_init": "3060",
        "hp_max": "4020",
        "id": "1000561",
        "is_aura_front": "0",
        "is_selling_only": "0",
        "leader_skill_set_id": "100056",
        "link_skill1_id": "52",
        "link_skill2_id": "42",
        "link_skill3_id": "32",
        "link_skill4_id": "12",
        "link_skill5_id": "",
        "link_skill6_id": "",
        "link_skill7_id": "",
        "lv_max": "60",
        "max_level_reward_id": "1",
        "max_level_reward_type": "1",
        "name": "Yajirobe",
        "optimal_awakening_grow_type": "",
        "passive_skill_set_id": "54",
        "potential_board_id": "",
        "price": "3234",
        "rarity": "2",
        "resource_id": "",
        "selling_exchange_point": "60",
        "skill_lv_max": "10",
        "special_motion": "1",
        "training_exp": "2765"
    },
    "card_specials": {
        "210": {
            "bonus_view_id1": "0",
            "bonus_view_id2": "0",
            "card_costume_condition_id": "0",
            "causality_conditions": "",
            "eball_num_start": "12",
            "lv_start": "0",
            "priority": "0",
            "special_asset_id": "",
            "special_bonus_id1": "0",
            "special_bonus_id2": "0",
            "special_bonus_lv1": "0",
            "special_bonus_lv2": "0",
            "special_set_id": "43",
            "style": "Normal",
            "view_id": "210"
        }
    },
    "categories": [
        {
            "id": "51"
        },
        {
            "id": "86"
        },
        {
            "id": "89"
        }
    ],
    "leader_skill": {
        "description": "PHY Type ATK + 15%",
        "id": "100056",
        "name": "A Moment's Chance",
        "skills": [
            {
                "calc_option": "2",
                "causality_conditions": "",
                "efficacy_type": "16",
                "efficacy_values": "[4, 15, 0]",
                "exec_timing_type": "1",
                "sub_target_type_set_id": "0",
                "target_type": "2"
            },
            {
                "calc_option": "0",
                "causality_conditions": "",
                "efficacy_type": "0",
                "efficacy_values": "[0, 0, 0]",
                "exec_timing_type": "1",
                "sub_target_type_set_id": "0",
                "target_type": "2"
            },
            {
                "calc_option": "0",
                "causality_conditions": "",
                "efficacy_type": "0",
                "efficacy_values": "[0, 0, 0]",
                "exec_timing_type": "1",
                "sub_target_type_set_id": "0",
                "target_type": "2"
            },
            {
                "calc_option": "0",
                "causality_conditions": "",
                "efficacy_type": "0",
                "efficacy_values": "[0, 0, 0]",
                "exec_timing_type": "1",
                "sub_target_type_set_id": "0",
                "target_type": "2"
            },
            {
                "calc_option": "0",
                "causality_conditions": "",
                "efficacy_type": "0",
                "efficacy_values": "[0, 0, 0]",
                "exec_timing_type": "1",
                "sub_target_type_set_id": "0",
                "target_type": "2"
            }
        ]
    },
    "passive_skill": {
        "id": "54",
        "itemized_description": "*As the 3rd attacker in a turn*\n- ATK 1500{passiveImg:up_g}",
        "name": "Assassin",
        "skills": [
            {
                "calc_option": "0",
                "causality_conditions": "{\"source\": \"33\", \"compiled\": 33}",
                "eff_value1": "1500",
                "eff_value2": "0",
                "eff_value3": "0",
                "efficacy_type": "1",
                "efficacy_values": "{}",
                "exec_timing_type": "4",
                "is_once": "0",
                "passive_skill_effect_id": "",
                "probability": "100",
                "sub_target_type_set_id": "0",
                "target_type": "1",
                "turn": "1"
            }
        ]
    },
    "special_sets": {
        "43": [
            {
                "aim_target": "0",
                "causality_description": "",
                "description": "Causes huge damage to enemy",
                "increase_rate": "100",
                "is_inactive": "0",
                "lv_bonus": "10",
                "name": "Reclining Slicer"
            }
        ]
    },
    "specials": {
        "43": [
        ]
    }
}
