{
    "card": {
        "atk_init": "989",
        "atk_max": "3297",
        "aura_id": "",
        "aura_offset_x": "",
        "aura_offset_y": "",
        "aura_scale": "",
        "awakening_element_type": "2",
        "awakening_number": "",
        "bg_effect_id": "",
        "card_unique_info_id": "15",
        "character_id": "15",
        "collectable_type": "1",
        "cost": "8",
        "def_init": "855",
        "def_max": "2849",
        "eball_mod_max": "135",
        "eball_mod_max_num": "12",
        "eball_mod_mid": "0",
        "eball_mod_mid_num": "0",
        "eball_mod_min": "40",
        "eball_mod_num100": "6",
        "element": "4",
        "exp_type": "4",
        "face_x": "401",
        "face_y": "762",
        "grow_type": "21",
        "hp_init": "1439",
        "hp_max": "4797",
        "id": "1000960",
        "is_aura_front": "0",
        "is_selling_only": "0",
        "leader_skill_set_id": "100096",
        "link_skill1_id": "22",
        "link_skill2_id": "18",
        "link_skill3_id": "52",
        "link_skill4_id": "49",
        "link_skill5_id": "42",
        "link_skill6_id": "",
        "link_skill7_id": "",
        "lv_max": "60",
        "max_level_reward_id": "1",
        "max_level_reward_type": "1",
        "name": "Nappa",
        "optimal_awakening_grow_type": "",
        "passive_skill_set_id": "73",
        "potential_board_id": "",
        "price": "3082",
        "rarity": "2",
        "resource_id": "",
        "selling_exchange_point": "500",
        "skill_lv_max": "10",
        "special_motion": "2",
        "training_exp": "2765"
    },
    "card_specials": {
        "96": {
            "bonus_view_id1": "0",
            "bonus_view_id2": "0",
            "card_costume_condition_id": "0",
            "causality_conditions": "",
            "eball_num_start": "12",
            "lv_start": "0",
            "priority": "0",
            "special_asset_id": "",
            "special_bonus_id1": "0",
            "special_bonus_id2": "0",
            "special_bonus_lv1": "0",
            "special_bonus_lv2": "0",
            "special_set_id": "21",
            "style": "Normal",
            "view_id": "96"
        }
    },
    "categories": [
        {
            "id": "17"
        },
        {
            "id": "41"
        },
        {
            "id": "62"
        },
        {
            "id": "86"
        },
        {
            "id": "97"
        }
    ],
    "leader_skill": {
        "description": "ATK +25% when HP is 30% or less",
        "id": "100096",
        "name": "Saiyan Baptism",
        "skills": [
            {
                "calc_option": "2",
                "causality_conditions": "{\"source\": \"15\", \"compiled\": 15}",
                "efficacy_type": "1",
                "efficacy_values": "[25, 0, 0]",
                "exec_timing_type": "1",
                "sub_target_type_set_id": "0",
                "target_type": "2"
            },
            {
                "calc_option": "0",
                "causality_conditions": "{\"source\": \"15\", \"compiled\": 15}",
                "efficacy_type": "0",
                "efficacy_values": "[0, 0, 0]",
                "exec_timing_type": "1",
                "sub_target_type_set_id": "0",
                "target_type": "2"
            },
            {
                "calc_option": "0",
                "causality_conditions": "{\"source\": \"15\", \"compiled\": 15}",
                "efficacy_type": "0",
                "efficacy_values": "[0, 0, 0]",
                "exec_timing_type": "1",
                "sub_target_type_set_id": "0",
                "target_type": "2"
            },
            {
                "calc_option": "0",
                "causality_conditions": "{\"source\": \"15\", \"compiled\": 15}",
                "efficacy_type": "0",
                "efficacy_values": "[0, 0, 0]",
                "exec_timing_type": "1",
                "sub_target_type_set_id": "0",
                "target_type": "2"
            },
            {
                "calc_option": "0",
                "causality_conditions": "{\"source\": \"15\", \"compiled\": 15}",
                "efficacy_type": "0",
                "efficacy_values": "[0, 0, 0]",
                "exec_timing_type": "1",
                "sub_target_type_set_id": "0",
                "target_type": "2"
            }
        ]
    },
    "passive_skill": {
        "id": "73",
        "itemized_description": "*When attacking with 12 or more Ki*\n- ATK 70%{passiveImg:up_g}",
        "name": "Destruction Blow",
        "skills": [
            {
                "calc_option": "2",
                "causality_conditions": "{\"source\": \"31\", \"compiled\": 31}",
                "eff_value1": "70",
                "eff_value2": "0",
                "eff_value3": "0",
                "efficacy_type": "1",
                "efficacy_values": "{}",
                "exec_timing_type": "4",
                "is_once": "0",
                "passive_skill_effect_id": "",
                "probability": "100",
                "sub_target_type_set_id": "0",
                "target_type": "1",
                "turn": "1"
            }
        ]
    },
    "special_sets": {
        "21": [
            {
                "aim_target": "0",
                "causality_description": "",
                "description": "Causes huge damage to enemy \nand greatly lowers DEF",
                "increase_rate": "100",
                "is_inactive": "0",
                "lv_bonus": "10",
                "name": "Break Cannon"
            }
        ]
    },
    "specials": {
        "21": [
            {
                "calc_option": "3",
                "causality_conditions": "",
                "eff_value1": "50",
                "eff_value2": "0",
                "eff_value3": "0",
                "efficacy_type": "2",
                "prob": "100",
                "target_type": "3",
                "turn": "3",
                "type": "Special::NormalEfficacySpecial"
            }
        ]
    }
}
