{
    "card": {
        "atk_init": "1099",
        "atk_max": "3662",
        "aura_id": "",
        "aura_offset_x": "",
        "aura_offset_y": "",
        "aura_scale": "",
        "awakening_element_type": "2",
        "awakening_number": "",
        "bg_effect_id": "",
        "card_unique_info_id": "6",
        "character_id": "6",
        "collectable_type": "1",
        "cost": "8",
        "def_init": "943",
        "def_max": "3142",
        "eball_mod_max": "123",
        "eball_mod_max_num": "12",
        "eball_mod_mid": "0",
        "eball_mod_mid_num": "0",
        "eball_mod_min": "40",
        "eball_mod_num100": "5",
        "element": "0",
        "exp_type": "4",
        "face_x": "510",
        "face_y": "824",
        "grow_type": "21",
        "hp_init": "1309",
        "hp_max": "4364",
        "id": "1000070",
        "is_aura_front": "0",
        "is_selling_only": "0",
        "leader_skill_set_id": "100007",
        "link_skill1_id": "12",
        "link_skill2_id": "19",
        "link_skill3_id": "50",
        "link_skill4_id": "47",
        "link_skill5_id": "33",
        "link_skill6_id": "1004",
        "link_skill7_id": "",
        "lv_max": "60",
        "max_level_reward_id": "1",
        "max_level_reward_type": "1",
        "name": "Cell (1st Form)",
        "optimal_awakening_grow_type": "",
        "passive_skill_set_id": "63",
        "potential_board_id": "",
        "price": "3071",
        "rarity": "2",
        "resource_id": "",
        "selling_exchange_point": "500",
        "skill_lv_max": "10",
        "special_motion": "1",
        "training_exp": "2765"
    },
    "card_specials": {
        "7": {
            "bonus_view_id1": "0",
            "bonus_view_id2": "0",
            "card_costume_condition_id": "0",
            "causality_conditions": "",
            "eball_num_start": "12",
            "lv_start": "0",
            "priority": "0",
            "special_asset_id": "",
            "special_bonus_id1": "0",
            "special_bonus_id2": "0",
            "special_bonus_lv1": "0",
            "special_bonus_lv2": "0",
            "special_set_id": "6",
            "style": "Normal",
            "view_id": "7"
        }
    },
    "categories": [
        {
            "id": "21"
        },
        {
            "id": "23"
        },
        {
            "id": "26"
        },
        {
            "id": "32"
        },
        {
            "id": "38"
        },
        {
            "id": "39"
        },
        {
            "id": "43"
        },
        {
            "id": "59"
        },
        {
            "id": "78"
        },
        {
            "id": "82"
        }
    ],
    "leader_skill": {
        "description": "AGL Type ATK +25%",
        "id": "100007",
        "name": "Android Evolution",
        "skills": [
            {
                "calc_option": "2",
                "causality_conditions": "",
                "efficacy_type": "16",
                "efficacy_values": "[0, 25, 0]",
                "exec_timing_type": "1",
                "sub_target_type_set_id": "0",
                "target_type": "2"
            },
            {
                "calc_option": "0",
                "causality_conditions": "",
                "efficacy_type": "0",
                "efficacy_values": "[0, 0, 0]",
                "exec_timing_type": "1",
                "sub_target_type_set_id": "0",
                "target_type": "2"
            },
            {
                "calc_option": "0",
                "causality_conditions": "",
                "efficacy_type": "0",
                "efficacy_values": "[0, 0, 0]",
                "exec_timing_type": "1",
                "sub_target_type_set_id": "0",
                "target_type": "2"
            },
            {
                "calc_option": "0",
                "causality_conditions": "",
                "efficacy_type": "0",
                "efficacy_values": "[0, 0, 0]",
                "exec_timing_type": "1",
                "sub_target_type_set_id": "0",
                "target_type": "2"
            },
            {
                "calc_option": "0",
                "causality_conditions": "",
                "efficacy_type": "0",
                "efficacy_values": "[0, 0, 0]",
                "exec_timing_type": "1",
                "sub_target_type_set_id": "0",
                "target_type": "2"
            }
        ]
    },
    "passive_skill": {
        "id": "63",
        "itemized_description": "*At the end of the turn in which a final blow is delivered*\n- {passiveImg:forever}ATK 2500{passiveImg:up_g}",
        "name": "Absorption",
        "skills": [
            {
                "calc_option": "0",
                "causality_conditions": "{\"source\": \"13\", \"compiled\": 13}",
                "eff_value1": "2500",
                "eff_value2": "0",
                "eff_value3": "0",
                "efficacy_type": "1",
                "efficacy_values": "{}",
                "exec_timing_type": "9",
                "is_once": "0",
                "passive_skill_effect_id": "",
                "probability": "100",
                "sub_target_type_set_id": "0",
                "target_type": "1",
                "turn": "99"
            }
        ]
    },
    "special_sets": {
        "6": [
            {
                "aim_target": "0",
                "causality_description": "",
                "description": "Causes huge damage to enemy",
                "increase_rate": "100",
                "is_inactive": "0",
                "lv_bonus": "10",
                "name": "Kamehameha"
            }
        ]
    },
    "specials": {
        "6": [
        ]
    }
}
