{
    "card": {
        "atk_init": "2041",
        "atk_max": "3061",
        "aura_id": "",
        "aura_offset_x": "",
        "aura_offset_y": "",
        "aura_scale": "",
        "awakening_element_type": "2",
        "awakening_number": "",
        "bg_effect_id": "",
        "card_unique_info_id": "20",
        "character_id": "21",
        "collectable_type": "1",
        "cost": "5",
        "def_init": "2756",
        "def_max": "3821",
        "eball_mod_max": "140",
        "eball_mod_max_num": "12",
        "eball_mod_mid": "0",
        "eball_mod_mid_num": "0",
        "eball_mod_min": "50",
        "eball_mod_num100": "5",
        "element": "24",
        "exp_type": "1",
        "face_x": "388",
        "face_y": "805",
        "grow_type": "20",
        "hp_init": "3192",
        "hp_max": "4788",
        "id": "1000401",
        "is_aura_front": "0",
        "is_selling_only": "0",
        "leader_skill_set_id": "100040",
        "link_skill1_id": "35",
        "link_skill2_id": "31",
        "link_skill3_id": "4",
        "link_skill4_id": "110",
        "link_skill5_id": "",
        "link_skill6_id": "",
        "link_skill7_id": "",
        "lv_max": "60",
        "max_level_reward_id": "1",
        "max_level_reward_type": "1",
        "name": "Android #17",
        "optimal_awakening_grow_type": "",
        "passive_skill_set_id": "46",
        "potential_board_id": "",
        "price": "3077",
        "rarity": "2",
        "resource_id": "",
        "selling_exchange_point": "60",
        "skill_lv_max": "10",
        "special_motion": "1",
        "training_exp": "2765"
    },
    "card_specials": {
        "194": {
            "bonus_view_id1": "0",
            "bonus_view_id2": "0",
            "card_costume_condition_id": "0",
            "causality_conditions": "",
            "eball_num_start": "12",
            "lv_start": "0",
            "priority": "0",
            "special_asset_id": "",
            "special_bonus_id1": "0",
            "special_bonus_id2": "0",
            "special_bonus_lv1": "0",
            "special_bonus_lv2": "0",
            "special_set_id": "26",
            "style": "Normal",
            "view_id": "194"
        }
    },
    "categories": [
        {
            "id": "21"
        },
        {
            "id": "35"
        },
        {
            "id": "38"
        },
        {
            "id": "43"
        },
        {
            "id": "94"
        },
        {
            "id": "97"
        }
    ],
    "leader_skill": {
        "description": "STR Type enemy DEF - 30%",
        "id": "100040",
        "name": "Escalating Threat",
        "skills": [
            {
                "calc_option": "3",
                "causality_conditions": "",
                "efficacy_type": "17",
                "efficacy_values": "[3, 30, 0]",
                "exec_timing_type": "1",
                "sub_target_type_set_id": "0",
                "target_type": "4"
            },
            {
                "calc_option": "0",
                "causality_conditions": "",
                "efficacy_type": "0",
                "efficacy_values": "[0, 0, 0]",
                "exec_timing_type": "1",
                "sub_target_type_set_id": "0",
                "target_type": "4"
            },
            {
                "calc_option": "0",
                "causality_conditions": "",
                "efficacy_type": "0",
                "efficacy_values": "[0, 0, 0]",
                "exec_timing_type": "1",
                "sub_target_type_set_id": "0",
                "target_type": "4"
            },
            {
                "calc_option": "0",
                "causality_conditions": "",
                "efficacy_type": "0",
                "efficacy_values": "[0, 0, 0]",
                "exec_timing_type": "1",
                "sub_target_type_set_id": "0",
                "target_type": "4"
            },
            {
                "calc_option": "0",
                "causality_conditions": "",
                "efficacy_type": "0",
                "efficacy_values": "[0, 0, 0]",
                "exec_timing_type": "1",
                "sub_target_type_set_id": "0",
                "target_type": "4"
            }
        ]
    },
    "passive_skill": {
        "id": "46",
        "itemized_description": "*When attacking*\n- Disables the enemy's guard",
        "name": "Overwhelming Pressure",
        "skills": [
            {
                "calc_option": "0",
                "causality_conditions": "",
                "eff_value1": "0",
                "eff_value2": "0",
                "eff_value3": "0",
                "efficacy_type": "24",
                "efficacy_values": "{}",
                "exec_timing_type": "4",
                "is_once": "0",
                "passive_skill_effect_id": "",
                "probability": "100",
                "sub_target_type_set_id": "0",
                "target_type": "3",
                "turn": "1"
            }
        ]
    },
    "special_sets": {
        "26": [
            {
                "aim_target": "0",
                "causality_description": "",
                "description": "Causes huge damage to enemy",
                "increase_rate": "100",
                "is_inactive": "0",
                "lv_bonus": "10",
                "name": "Full Power Energy Ball"
            }
        ]
    },
    "specials": {
        "26": [
        ]
    }
}
