{
    "card": {
        "atk_init": "1227",
        "atk_max": "4090",
        "aura_id": "",
        "aura_offset_x": "",
        "aura_offset_y": "",
        "aura_scale": "",
        "awakening_element_type": "2",
        "awakening_number": "",
        "bg_effect_id": "",
        "card_unique_info_id": "15",
        "character_id": "15",
        "collectable_type": "1",
        "cost": "10",
        "def_init": "794",
        "def_max": "2648",
        "eball_mod_max": "120",
        "eball_mod_max_num": "12",
        "eball_mod_mid": "0",
        "eball_mod_mid_num": "0",
        "eball_mod_min": "40",
        "eball_mod_num100": "6",
        "element": "3",
        "exp_type": "5",
        "face_x": "414",
        "face_y": "906",
        "grow_type": "23",
        "hp_init": "1504",
        "hp_max": "5012",
        "id": "1000170",
        "is_aura_front": "0",
        "is_selling_only": "0",
        "leader_skill_set_id": "100017",
        "link_skill1_id": "22",
        "link_skill2_id": "21",
        "link_skill3_id": "52",
        "link_skill4_id": "49",
        "link_skill5_id": "42",
        "link_skill6_id": "",
        "link_skill7_id": "",
        "lv_max": "60",
        "max_level_reward_id": "1",
        "max_level_reward_type": "1",
        "name": "Nappa",
        "optimal_awakening_grow_type": "",
        "passive_skill_set_id": "17",
        "potential_board_id": "",
        "price": "3335",
        "rarity": "2",
        "resource_id": "",
        "selling_exchange_point": "500",
        "skill_lv_max": "10",
        "special_motion": "1",
        "training_exp": "2765"
    },
    "card_specials": {
        "17": {
            "bonus_view_id1": "0",
            "bonus_view_id2": "0",
            "card_costume_condition_id": "0",
            "causality_conditions": "",
            "eball_num_start": "12",
            "lv_start": "0",
            "priority": "0",
            "special_asset_id": "",
            "special_bonus_id1": "0",
            "special_bonus_id2": "0",
            "special_bonus_lv1": "0",
            "special_bonus_lv2": "0",
            "special_set_id": "20",
            "style": "Normal",
            "view_id": "17"
        }
    },
    "categories": [
        {
            "id": "17"
        },
        {
            "id": "41"
        },
        {
            "id": "62"
        },
        {
            "id": "86"
        },
        {
            "id": "97"
        }
    ],
    "leader_skill": {
        "description": "STR Type HP & ATK +20%",
        "id": "100017",
        "name": "Elite Warrior's Rage",
        "skills": [
            {
                "calc_option": "2",
                "causality_conditions": "",
                "efficacy_type": "44",
                "efficacy_values": "[3, 20, 20]",
                "exec_timing_type": "1",
                "sub_target_type_set_id": "0",
                "target_type": "2"
            },
            {
                "calc_option": "0",
                "causality_conditions": "",
                "efficacy_type": "0",
                "efficacy_values": "[0, 0, 0]",
                "exec_timing_type": "1",
                "sub_target_type_set_id": "0",
                "target_type": "2"
            },
            {
                "calc_option": "0",
                "causality_conditions": "",
                "efficacy_type": "0",
                "efficacy_values": "[0, 0, 0]",
                "exec_timing_type": "1",
                "sub_target_type_set_id": "0",
                "target_type": "2"
            },
            {
                "calc_option": "0",
                "causality_conditions": "",
                "efficacy_type": "0",
                "efficacy_values": "[0, 0, 0]",
                "exec_timing_type": "1",
                "sub_target_type_set_id": "0",
                "target_type": "2"
            },
            {
                "calc_option": "0",
                "causality_conditions": "",
                "efficacy_type": "0",
                "efficacy_values": "[0, 0, 0]",
                "exec_timing_type": "1",
                "sub_target_type_set_id": "0",
                "target_type": "2"
            }
        ]
    },
    "passive_skill": {
        "id": "17",
        "itemized_description": "*When facing 3 or more enemies*\n- ATK 50%{passiveImg:up_g}",
        "name": "Kill Them All",
        "skills": [
            {
                "calc_option": "2",
                "causality_conditions": "{\"source\": \"18\", \"compiled\": 18}",
                "eff_value1": "50",
                "eff_value2": "0",
                "eff_value3": "0",
                "efficacy_type": "1",
                "efficacy_values": "{}",
                "exec_timing_type": "1",
                "is_once": "0",
                "passive_skill_effect_id": "",
                "probability": "100",
                "sub_target_type_set_id": "0",
                "target_type": "1",
                "turn": "1"
            }
        ]
    },
    "special_sets": {
        "20": [
            {
                "aim_target": "0",
                "causality_description": "",
                "description": "Causes huge damage to enemy",
                "increase_rate": "100",
                "is_inactive": "0",
                "lv_bonus": "10",
                "name": "Giant Storm"
            }
        ]
    },
    "specials": {
        "20": [
        ]
    }
}
