{
    "card": {
        "atk_init": "1898",
        "atk_max": "6328",
        "aura_id": "2",
        "aura_offset_x": "",
        "aura_offset_y": "45",
        "aura_scale": "2",
        "awakening_element_type": "1",
        "awakening_number": "",
        "bg_effect_id": "",
        "card_unique_info_id": "108",
        "character_id": "57",
        "collectable_type": "1",
        "cost": "16",
        "def_init": "1059",
        "def_max": "3530",
        "eball_mod_max": "125",
        "eball_mod_max_num": "12",
        "eball_mod_mid": "0",
        "eball_mod_mid_num": "0",
        "eball_mod_min": "35",
        "eball_mod_num100": "3",
        "element": "0",
        "exp_type": "5",
        "face_x": "336",
        "face_y": "769",
        "grow_type": "33",
        "hp_init": "1928",
        "hp_max": "6428",
        "id": "1001400",
        "is_aura_front": "0",
        "is_selling_only": "0",
        "leader_skill_set_id": "100140",
        "link_skill1_id": "23",
        "link_skill2_id": "34",
        "link_skill3_id": "47",
        "link_skill4_id": "60",
        "link_skill5_id": "89",
        "link_skill6_id": "",
        "link_skill7_id": "",
        "lv_max": "80",
        "max_level_reward_id": "1",
        "max_level_reward_type": "1",
        "name": "Goku (Kaioken)",
        "optimal_awakening_grow_type": "",
        "passive_skill_set_id": "208",
        "potential_board_id": "",
        "price": "13825",
        "rarity": "3",
        "resource_id": "",
        "selling_exchange_point": "10000",
        "skill_lv_max": "10",
        "special_motion": "1",
        "training_exp": "4320"
    },
    "card_specials": {
        "450": {
            "bonus_view_id1": "0",
            "bonus_view_id2": "0",
            "card_costume_condition_id": "0",
            "causality_conditions": "",
            "eball_num_start": "12",
            "lv_start": "0",
            "priority": "0",
            "special_asset_id": "",
            "special_bonus_id1": "0",
            "special_bonus_id2": "0",
            "special_bonus_lv1": "0",
            "special_bonus_lv2": "0",
            "special_set_id": "114",
            "style": "Normal",
            "view_id": "450"
        }
    },
    "categories": [
        {
            "id": "17"
        },
        {
            "id": "20"
        },
        {
            "id": "30"
        },
        {
            "id": "39"
        },
        {
            "id": "46"
        },
        {
            "id": "55"
        },
        {
            "id": "65"
        },
        {
            "id": "79"
        },
        {
            "id": "80"
        },
        {
            "id": "87"
        },
        {
            "id": "89"
        }
    ],
    "leader_skill": {
        "description": "ATK +30% when HP is 80% or below",
        "id": "100140",
        "name": "Transcending Limits",
        "skills": [
            {
                "calc_option": "2",
                "causality_conditions": "{\"source\": \"42\", \"compiled\": 42}",
                "efficacy_type": "1",
                "efficacy_values": "[30, 0, 0]",
                "exec_timing_type": "1",
                "sub_target_type_set_id": "0",
                "target_type": "2"
            },
            {
                "calc_option": "0",
                "causality_conditions": "{\"source\": \"42\", \"compiled\": 42}",
                "efficacy_type": "0",
                "efficacy_values": "[0, 0, 0]",
                "exec_timing_type": "1",
                "sub_target_type_set_id": "0",
                "target_type": "2"
            },
            {
                "calc_option": "0",
                "causality_conditions": "{\"source\": \"42\", \"compiled\": 42}",
                "efficacy_type": "0",
                "efficacy_values": "[0, 0, 0]",
                "exec_timing_type": "1",
                "sub_target_type_set_id": "0",
                "target_type": "2"
            },
            {
                "calc_option": "0",
                "causality_conditions": "{\"source\": \"42\", \"compiled\": 42}",
                "efficacy_type": "0",
                "efficacy_values": "[0, 0, 0]",
                "exec_timing_type": "1",
                "sub_target_type_set_id": "0",
                "target_type": "2"
            },
            {
                "calc_option": "0",
                "causality_conditions": "{\"source\": \"42\", \"compiled\": 42}",
                "efficacy_type": "0",
                "efficacy_values": "[0, 0, 0]",
                "exec_timing_type": "1",
                "sub_target_type_set_id": "0",
                "target_type": "2"
            }
        ]
    },
    "passive_skill": {
        "id": "208",
        "itemized_description": "*Basic effect(s)*\n- ATK 2000{passiveImg:up_g}",
        "name": "Power Spike",
        "skills": [
            {
                "calc_option": "0",
                "causality_conditions": "",
                "eff_value1": "2000",
                "eff_value2": "0",
                "eff_value3": "0",
                "efficacy_type": "1",
                "efficacy_values": "{}",
                "exec_timing_type": "1",
                "is_once": "0",
                "passive_skill_effect_id": "",
                "probability": "100",
                "sub_target_type_set_id": "0",
                "target_type": "1",
                "turn": "1"
            }
        ]
    },
    "special_sets": {
        "114": [
            {
                "aim_target": "0",
                "causality_description": "",
                "description": "Greatly raises ATK and \ncauses huge damage to enemy",
                "increase_rate": "50",
                "is_inactive": "0",
                "lv_bonus": "10",
                "name": "Kaioken x3 Kamehameha"
            }
        ]
    },
    "specials": {
        "114": [
            {
                "calc_option": "2",
                "causality_conditions": "",
                "eff_value1": "67",
                "eff_value2": "0",
                "eff_value3": "0",
                "efficacy_type": "1",
                "prob": "100",
                "target_type": "1",
                "turn": "99",
                "type": "Special::NormalEfficacySpecial"
            }
        ]
    }
}
