{
    "card": {
        "atk_init": "2646",
        "atk_max": "3628",
        "aura_id": "",
        "aura_offset_x": "",
        "aura_offset_y": "",
        "aura_scale": "",
        "awakening_element_type": "2",
        "awakening_number": "",
        "bg_effect_id": "",
        "card_unique_info_id": "21",
        "character_id": "20",
        "collectable_type": "1",
        "cost": "6",
        "def_init": "3043",
        "def_max": "3751",
        "eball_mod_max": "140",
        "eball_mod_max_num": "12",
        "eball_mod_mid": "0",
        "eball_mod_mid_num": "0",
        "eball_mod_min": "50",
        "eball_mod_num100": "5",
        "element": "24",
        "exp_type": "2",
        "face_x": "430",
        "face_y": "826",
        "grow_type": "20",
        "hp_init": "3643",
        "hp_max": "4708",
        "id": "1001261",
        "is_aura_front": "0",
        "is_selling_only": "0",
        "leader_skill_set_id": "100126",
        "link_skill1_id": "35",
        "link_skill2_id": "31",
        "link_skill3_id": "4",
        "link_skill4_id": "64",
        "link_skill5_id": "67",
        "link_skill6_id": "",
        "link_skill7_id": "",
        "lv_max": "60",
        "max_level_reward_id": "1",
        "max_level_reward_type": "1",
        "name": "Android #18",
        "optimal_awakening_grow_type": "",
        "passive_skill_set_id": "91",
        "potential_board_id": "",
        "price": "3239",
        "rarity": "2",
        "resource_id": "",
        "selling_exchange_point": "60",
        "skill_lv_max": "10",
        "special_motion": "1",
        "training_exp": "2765"
    },
    "card_specials": {
        "280": {
            "bonus_view_id1": "0",
            "bonus_view_id2": "0",
            "card_costume_condition_id": "0",
            "causality_conditions": "",
            "eball_num_start": "12",
            "lv_start": "0",
            "priority": "0",
            "special_asset_id": "",
            "special_bonus_id1": "0",
            "special_bonus_id2": "0",
            "special_bonus_lv1": "0",
            "special_bonus_lv2": "0",
            "special_set_id": "27",
            "style": "Normal",
            "view_id": "280"
        }
    },
    "categories": [
        {
            "id": "4"
        },
        {
            "id": "21"
        },
        {
            "id": "35"
        },
        {
            "id": "38"
        },
        {
            "id": "43"
        },
        {
            "id": "58"
        },
        {
            "id": "94"
        },
        {
            "id": "97"
        }
    ],
    "leader_skill": {
        "description": "ATK + 10% when HP is 50% or above",
        "id": "100126",
        "name": "Cold Analytics",
        "skills": [
            {
                "calc_option": "2",
                "causality_conditions": "{\"source\": \"21\", \"compiled\": 21}",
                "efficacy_type": "1",
                "efficacy_values": "[10, 0, 0]",
                "exec_timing_type": "1",
                "sub_target_type_set_id": "0",
                "target_type": "2"
            },
            {
                "calc_option": "0",
                "causality_conditions": "{\"source\": \"21\", \"compiled\": 21}",
                "efficacy_type": "0",
                "efficacy_values": "[0, 0, 0]",
                "exec_timing_type": "1",
                "sub_target_type_set_id": "0",
                "target_type": "2"
            },
            {
                "calc_option": "0",
                "causality_conditions": "{\"source\": \"21\", \"compiled\": 21}",
                "efficacy_type": "0",
                "efficacy_values": "[0, 0, 0]",
                "exec_timing_type": "1",
                "sub_target_type_set_id": "0",
                "target_type": "2"
            },
            {
                "calc_option": "0",
                "causality_conditions": "{\"source\": \"21\", \"compiled\": 21}",
                "efficacy_type": "0",
                "efficacy_values": "[0, 0, 0]",
                "exec_timing_type": "1",
                "sub_target_type_set_id": "0",
                "target_type": "2"
            },
            {
                "calc_option": "0",
                "causality_conditions": "{\"source\": \"21\", \"compiled\": 21}",
                "efficacy_type": "0",
                "efficacy_values": "[0, 0, 0]",
                "exec_timing_type": "1",
                "sub_target_type_set_id": "0",
                "target_type": "2"
            }
        ]
    },
    "passive_skill": {
        "id": "91",
        "itemized_description": "*When attacking with 5 or more Ki*\n- ATK 1000{passiveImg:up_g}",
        "name": "Full Throttle",
        "skills": [
            {
                "calc_option": "0",
                "causality_conditions": "{\"source\": \"19\", \"compiled\": 19}",
                "eff_value1": "1000",
                "eff_value2": "0",
                "eff_value3": "0",
                "efficacy_type": "1",
                "efficacy_values": "{}",
                "exec_timing_type": "4",
                "is_once": "0",
                "passive_skill_effect_id": "",
                "probability": "100",
                "sub_target_type_set_id": "0",
                "target_type": "1",
                "turn": "1"
            }
        ]
    },
    "special_sets": {
        "27": [
            {
                "aim_target": "0",
                "causality_description": "",
                "description": "Causes huge damage to enemy",
                "increase_rate": "100",
                "is_inactive": "0",
                "lv_bonus": "10",
                "name": "Infinity Bullet"
            }
        ]
    },
    "specials": {
        "27": [
        ]
    }
}
