{
    "card": {
        "atk_init": "1990",
        "atk_max": "3063",
        "aura_id": "",
        "aura_offset_x": "",
        "aura_offset_y": "",
        "aura_scale": "",
        "awakening_element_type": "2",
        "awakening_number": "",
        "bg_effect_id": "",
        "card_unique_info_id": "31",
        "character_id": "30",
        "collectable_type": "1",
        "cost": "5",
        "def_init": "2345",
        "def_max": "3341",
        "eball_mod_max": "140",
        "eball_mod_max_num": "12",
        "eball_mod_mid": "0",
        "eball_mod_mid_num": "0",
        "eball_mod_min": "50",
        "eball_mod_num100": "5",
        "element": "24",
        "exp_type": "1",
        "face_x": "436",
        "face_y": "743",
        "grow_type": "20",
        "hp_init": "3152",
        "hp_max": "4977",
        "id": "1001291",
        "is_aura_front": "0",
        "is_selling_only": "0",
        "leader_skill_set_id": "100129",
        "link_skill1_id": "32",
        "link_skill2_id": "51",
        "link_skill3_id": "43",
        "link_skill4_id": "73",
        "link_skill5_id": "",
        "link_skill6_id": "",
        "link_skill7_id": "",
        "lv_max": "60",
        "max_level_reward_id": "1",
        "max_level_reward_type": "1",
        "name": "Dodoria",
        "optimal_awakening_grow_type": "",
        "passive_skill_set_id": "",
        "potential_board_id": "",
        "price": "3080",
        "rarity": "2",
        "resource_id": "",
        "selling_exchange_point": "60",
        "skill_lv_max": "10",
        "special_motion": "1",
        "training_exp": "2765"
    },
    "card_specials": {
        "283": {
            "bonus_view_id1": "0",
            "bonus_view_id2": "0",
            "card_costume_condition_id": "0",
            "causality_conditions": "",
            "eball_num_start": "12",
            "lv_start": "0",
            "priority": "0",
            "special_asset_id": "",
            "special_bonus_id1": "0",
            "special_bonus_id2": "0",
            "special_bonus_lv1": "0",
            "special_bonus_lv2": "0",
            "special_set_id": "37",
            "style": "Normal",
            "view_id": "283"
        }
    },
    "categories": [
        {
            "id": "14"
        },
        {
            "id": "25"
        },
        {
            "id": "41"
        },
        {
            "id": "50"
        },
        {
            "id": "62"
        },
        {
            "id": "97"
        }
    ],
    "leader_skill": {
        "description": "PHY Type ATK + 15%",
        "id": "100129",
        "name": "Storm of Destruction",
        "skills": [
            {
                "calc_option": "2",
                "causality_conditions": "",
                "efficacy_type": "16",
                "efficacy_values": "[4, 15, 0]",
                "exec_timing_type": "1",
                "sub_target_type_set_id": "0",
                "target_type": "2"
            },
            {
                "calc_option": "0",
                "causality_conditions": "",
                "efficacy_type": "0",
                "efficacy_values": "[0, 0, 0]",
                "exec_timing_type": "1",
                "sub_target_type_set_id": "0",
                "target_type": "2"
            },
            {
                "calc_option": "0",
                "causality_conditions": "",
                "efficacy_type": "0",
                "efficacy_values": "[0, 0, 0]",
                "exec_timing_type": "1",
                "sub_target_type_set_id": "0",
                "target_type": "2"
            },
            {
                "calc_option": "0",
                "causality_conditions": "",
                "efficacy_type": "0",
                "efficacy_values": "[0, 0, 0]",
                "exec_timing_type": "1",
                "sub_target_type_set_id": "0",
                "target_type": "2"
            },
            {
                "calc_option": "0",
                "causality_conditions": "",
                "efficacy_type": "0",
                "efficacy_values": "[0, 0, 0]",
                "exec_timing_type": "1",
                "sub_target_type_set_id": "0",
                "target_type": "2"
            }
        ]
    },
    "passive_skill": {
        "id": "",
        "itemized_description": "",
        "name": "",
        "skills": [
        ]
    },
    "special_sets": {
        "37": [
            {
                "aim_target": "0",
                "causality_description": "",
                "description": "Causes huge damage to enemy",
                "increase_rate": "100",
                "is_inactive": "0",
                "lv_bonus": "10",
                "name": "Maximum Buster"
            }
        ]
    },
    "specials": {
        "37": [
        ]
    }
}
