{
    "card": {
        "atk_init": "1218",
        "atk_max": "4061",
        "aura_id": "",
        "aura_offset_x": "",
        "aura_offset_y": "",
        "aura_scale": "",
        "awakening_element_type": "2",
        "awakening_number": "",
        "bg_effect_id": "",
        "card_unique_info_id": "80",
        "character_id": "204",
        "collectable_type": "1",
        "cost": "10",
        "def_init": "750",
        "def_max": "2499",
        "eball_mod_max": "120",
        "eball_mod_max_num": "12",
        "eball_mod_mid": "0",
        "eball_mod_mid_num": "0",
        "eball_mod_min": "40",
        "eball_mod_num100": "5",
        "element": "3",
        "exp_type": "5",
        "face_x": "336",
        "face_y": "769",
        "grow_type": "23",
        "hp_init": "1865",
        "hp_max": "6215",
        "id": "1001710",
        "is_aura_front": "0",
        "is_selling_only": "0",
        "leader_skill_set_id": "100171",
        "link_skill1_id": "19",
        "link_skill2_id": "50",
        "link_skill3_id": "33",
        "link_skill4_id": "1004",
        "link_skill5_id": "",
        "link_skill6_id": "",
        "link_skill7_id": "",
        "lv_max": "60",
        "max_level_reward_id": "1",
        "max_level_reward_type": "1",
        "name": "Cell (2nd Form)",
        "optimal_awakening_grow_type": "",
        "passive_skill_set_id": "178",
        "potential_board_id": "",
        "price": "3386",
        "rarity": "2",
        "resource_id": "",
        "selling_exchange_point": "500",
        "skill_lv_max": "10",
        "special_motion": "1",
        "training_exp": "2765"
    },
    "card_specials": {
        "388": {
            "bonus_view_id1": "0",
            "bonus_view_id2": "0",
            "card_costume_condition_id": "0",
            "causality_conditions": "",
            "eball_num_start": "12",
            "lv_start": "0",
            "priority": "0",
            "special_asset_id": "",
            "special_bonus_id1": "0",
            "special_bonus_id2": "0",
            "special_bonus_lv1": "0",
            "special_bonus_lv2": "0",
            "special_set_id": "86",
            "style": "Normal",
            "view_id": "388"
        }
    },
    "categories": [
        {
            "id": "21"
        },
        {
            "id": "23"
        },
        {
            "id": "26"
        },
        {
            "id": "32"
        },
        {
            "id": "38"
        },
        {
            "id": "43"
        },
        {
            "id": "59"
        },
        {
            "id": "78"
        },
        {
            "id": "80"
        },
        {
            "id": "82"
        },
        {
            "id": "7462"
        }
    ],
    "leader_skill": {
        "description": "STR Type ATK +30%",
        "id": "100171",
        "name": "Strength Evolved",
        "skills": [
            {
                "calc_option": "2",
                "causality_conditions": "",
                "efficacy_type": "16",
                "efficacy_values": "[3, 30, 0]",
                "exec_timing_type": "1",
                "sub_target_type_set_id": "0",
                "target_type": "2"
            },
            {
                "calc_option": "0",
                "causality_conditions": "",
                "efficacy_type": "0",
                "efficacy_values": "[0, 0, 0]",
                "exec_timing_type": "1",
                "sub_target_type_set_id": "0",
                "target_type": "2"
            },
            {
                "calc_option": "0",
                "causality_conditions": "",
                "efficacy_type": "0",
                "efficacy_values": "[0, 0, 0]",
                "exec_timing_type": "1",
                "sub_target_type_set_id": "0",
                "target_type": "2"
            },
            {
                "calc_option": "0",
                "causality_conditions": "",
                "efficacy_type": "0",
                "efficacy_values": "[0, 0, 0]",
                "exec_timing_type": "1",
                "sub_target_type_set_id": "0",
                "target_type": "2"
            },
            {
                "calc_option": "0",
                "causality_conditions": "",
                "efficacy_type": "0",
                "efficacy_values": "[0, 0, 0]",
                "exec_timing_type": "1",
                "sub_target_type_set_id": "0",
                "target_type": "2"
            }
        ]
    },
    "passive_skill": {
        "id": "178",
        "itemized_description": "*After attacking with 6 or more Ki*\r\n- Recovers 20% of damage dealt as HP",
        "name": "Energy Absorption",
        "skills": [
            {
                "calc_option": "2",
                "causality_conditions": "{\"source\": \"35\", \"compiled\": 35}",
                "eff_value1": "20",
                "eff_value2": "0",
                "eff_value3": "0",
                "efficacy_type": "28",
                "efficacy_values": "{}",
                "exec_timing_type": "5",
                "is_once": "0",
                "passive_skill_effect_id": "",
                "probability": "100",
                "sub_target_type_set_id": "0",
                "target_type": "1",
                "turn": "1"
            }
        ]
    },
    "special_sets": {
        "86": [
            {
                "aim_target": "0",
                "causality_description": "",
                "description": "Causes huge damage to enemy",
                "increase_rate": "100",
                "is_inactive": "0",
                "lv_bonus": "10",
                "name": "Big Bang Crash"
            }
        ]
    },
    "specials": {
        "86": [
        ]
    }
}
