{
    "card": {
        "atk_init": "948",
        "atk_max": "3159",
        "aura_id": "",
        "aura_offset_x": "",
        "aura_offset_y": "",
        "aura_scale": "",
        "awakening_element_type": "2",
        "awakening_number": "",
        "bg_effect_id": "",
        "card_unique_info_id": "55",
        "character_id": "65",
        "collectable_type": "1",
        "cost": "10",
        "def_init": "906",
        "def_max": "3019",
        "eball_mod_max": "123",
        "eball_mod_max_num": "12",
        "eball_mod_mid": "0",
        "eball_mod_mid_num": "0",
        "eball_mod_min": "40",
        "eball_mod_num100": "5",
        "element": "2",
        "exp_type": "5",
        "face_x": "359",
        "face_y": "709",
        "grow_type": "23",
        "hp_init": "1684",
        "hp_max": "5614",
        "id": "1001380",
        "is_aura_front": "0",
        "is_selling_only": "0",
        "leader_skill_set_id": "100138",
        "link_skill1_id": "5",
        "link_skill2_id": "24",
        "link_skill3_id": "3",
        "link_skill4_id": "90",
        "link_skill5_id": "",
        "link_skill6_id": "",
        "link_skill7_id": "",
        "lv_max": "60",
        "max_level_reward_id": "1",
        "max_level_reward_type": "1",
        "name": "Master Shen",
        "optimal_awakening_grow_type": "",
        "passive_skill_set_id": "129",
        "potential_board_id": "",
        "price": "3376",
        "rarity": "2",
        "resource_id": "",
        "selling_exchange_point": "500",
        "skill_lv_max": "10",
        "special_motion": "1",
        "training_exp": "2765"
    },
    "card_specials": {
        "138": {
            "bonus_view_id1": "0",
            "bonus_view_id2": "0",
            "card_costume_condition_id": "0",
            "causality_conditions": "",
            "eball_num_start": "12",
            "lv_start": "0",
            "priority": "0",
            "special_asset_id": "",
            "special_bonus_id1": "0",
            "special_bonus_id2": "0",
            "special_bonus_lv1": "0",
            "special_bonus_lv2": "0",
            "special_set_id": "65",
            "style": "Normal",
            "view_id": "138"
        }
    },
    "categories": [
        {
            "id": "34"
        },
        {
            "id": "35"
        },
        {
            "id": "40"
        },
        {
            "id": "51"
        },
        {
            "id": "89"
        }
    ],
    "leader_skill": {
        "description": "INT Type ATK + 25%",
        "id": "100138",
        "name": "Crane School's Prestige",
        "skills": [
            {
                "calc_option": "2",
                "causality_conditions": "",
                "efficacy_type": "16",
                "efficacy_values": "[2, 25, 0]",
                "exec_timing_type": "1",
                "sub_target_type_set_id": "0",
                "target_type": "2"
            },
            {
                "calc_option": "0",
                "causality_conditions": "",
                "efficacy_type": "0",
                "efficacy_values": "[0, 0, 0]",
                "exec_timing_type": "1",
                "sub_target_type_set_id": "0",
                "target_type": "2"
            },
            {
                "calc_option": "0",
                "causality_conditions": "",
                "efficacy_type": "0",
                "efficacy_values": "[0, 0, 0]",
                "exec_timing_type": "1",
                "sub_target_type_set_id": "0",
                "target_type": "2"
            },
            {
                "calc_option": "0",
                "causality_conditions": "",
                "efficacy_type": "0",
                "efficacy_values": "[0, 0, 0]",
                "exec_timing_type": "1",
                "sub_target_type_set_id": "0",
                "target_type": "2"
            },
            {
                "calc_option": "0",
                "causality_conditions": "",
                "efficacy_type": "0",
                "efficacy_values": "[0, 0, 0]",
                "exec_timing_type": "1",
                "sub_target_type_set_id": "0",
                "target_type": "2"
            }
        ]
    },
    "passive_skill": {
        "id": "129",
        "itemized_description": "*Basic effect(s)*\r\n- All enemies' ATK 10%{passiveImg:down_y}",
        "name": "Secrets of the Crane School",
        "skills": [
            {
                "calc_option": "3",
                "causality_conditions": "",
                "eff_value1": "10",
                "eff_value2": "0",
                "eff_value3": "0",
                "efficacy_type": "1",
                "efficacy_values": "{}",
                "exec_timing_type": "1",
                "is_once": "0",
                "passive_skill_effect_id": "",
                "probability": "100",
                "sub_target_type_set_id": "0",
                "target_type": "4",
                "turn": "1"
            }
        ]
    },
    "special_sets": {
        "65": [
            {
                "aim_target": "0",
                "causality_description": "",
                "description": "Causes huge damage to enemy",
                "increase_rate": "100",
                "is_inactive": "0",
                "lv_bonus": "10",
                "name": "Dodon Ray"
            }
        ]
    },
    "specials": {
        "65": [
        ]
    }
}
