{
    "card": {
        "atk_init": "1859",
        "atk_max": "6196",
        "aura_id": "",
        "aura_offset_x": "",
        "aura_offset_y": "",
        "aura_scale": "",
        "awakening_element_type": "1",
        "awakening_number": "",
        "bg_effect_id": "",
        "card_unique_info_id": "113",
        "character_id": "69",
        "collectable_type": "1",
        "cost": "16",
        "def_init": "978",
        "def_max": "3898",
        "eball_mod_max": "123",
        "eball_mod_max_num": "12",
        "eball_mod_mid": "0",
        "eball_mod_mid_num": "0",
        "eball_mod_min": "50",
        "eball_mod_num100": "4",
        "element": "2",
        "exp_type": "5",
        "face_x": "336",
        "face_y": "769",
        "grow_type": "33",
        "hp_init": "2107",
        "hp_max": "7022",
        "id": "1001590",
        "is_aura_front": "0",
        "is_selling_only": "0",
        "leader_skill_set_id": "100159",
        "link_skill1_id": "9",
        "link_skill2_id": "19",
        "link_skill3_id": "29",
        "link_skill4_id": "40",
        "link_skill5_id": "45",
        "link_skill6_id": "",
        "link_skill7_id": "",
        "lv_max": "80",
        "max_level_reward_id": "1",
        "max_level_reward_type": "1",
        "name": "Super Saiyan Trunks (Teen)",
        "optimal_awakening_grow_type": "",
        "passive_skill_set_id": "209",
        "potential_board_id": "",
        "price": "13737",
        "rarity": "3",
        "resource_id": "",
        "selling_exchange_point": "10000",
        "skill_lv_max": "10",
        "special_motion": "1",
        "training_exp": "4297"
    },
    "card_specials": {
        "452": {
            "bonus_view_id1": "0",
            "bonus_view_id2": "0",
            "card_costume_condition_id": "0",
            "causality_conditions": "",
            "eball_num_start": "12",
            "lv_start": "0",
            "priority": "0",
            "special_asset_id": "",
            "special_bonus_id1": "0",
            "special_bonus_id2": "0",
            "special_bonus_lv1": "0",
            "special_bonus_lv2": "0",
            "special_set_id": "121",
            "style": "Normal",
            "view_id": "452"
        }
    },
    "categories": [
        {
            "id": "5"
        },
        {
            "id": "19"
        },
        {
            "id": "26"
        },
        {
            "id": "31"
        },
        {
            "id": "36"
        },
        {
            "id": "38"
        },
        {
            "id": "40"
        },
        {
            "id": "57"
        },
        {
            "id": "58"
        },
        {
            "id": "81"
        },
        {
            "id": "89"
        },
        {
            "id": "95"
        },
        {
            "id": "7462"
        },
        {
            "id": "7466"
        }
    ],
    "leader_skill": {
        "description": "TEQ, INT, STR Type HP & ATK +20%",
        "id": "100159",
        "name": "Super Saiyan from the Future",
        "skills": [
            {
                "calc_option": "2",
                "causality_conditions": "",
                "efficacy_type": "44",
                "efficacy_values": "[1, 20, 20]",
                "exec_timing_type": "1",
                "sub_target_type_set_id": "0",
                "target_type": "2"
            },
            {
                "calc_option": "2",
                "causality_conditions": "",
                "efficacy_type": "44",
                "efficacy_values": "[2, 20, 20]",
                "exec_timing_type": "1",
                "sub_target_type_set_id": "0",
                "target_type": "2"
            },
            {
                "calc_option": "2",
                "causality_conditions": "",
                "efficacy_type": "44",
                "efficacy_values": "[3, 20, 20]",
                "exec_timing_type": "1",
                "sub_target_type_set_id": "0",
                "target_type": "2"
            },
            {
                "calc_option": "0",
                "causality_conditions": "",
                "efficacy_type": "0",
                "efficacy_values": "[0, 0, 0]",
                "exec_timing_type": "1",
                "sub_target_type_set_id": "0",
                "target_type": "2"
            },
            {
                "calc_option": "0",
                "causality_conditions": "",
                "efficacy_type": "0",
                "efficacy_values": "[0, 0, 0]",
                "exec_timing_type": "1",
                "sub_target_type_set_id": "0",
                "target_type": "2"
            }
        ]
    },
    "passive_skill": {
        "id": "209",
        "itemized_description": "*When HP is 50% or more*\r\n- Ki +2",
        "name": "Chosen Warrior",
        "skills": [
            {
                "calc_option": "0",
                "causality_conditions": "{\"source\": \"21\", \"compiled\": 21}",
                "eff_value1": "2",
                "eff_value2": "0",
                "eff_value3": "0",
                "efficacy_type": "5",
                "efficacy_values": "{}",
                "exec_timing_type": "1",
                "is_once": "0",
                "passive_skill_effect_id": "",
                "probability": "100",
                "sub_target_type_set_id": "0",
                "target_type": "1",
                "turn": "1"
            }
        ]
    },
    "special_sets": {
        "121": [
            {
                "aim_target": "0",
                "causality_description": "",
                "description": "Causes extreme damage to enemy",
                "increase_rate": "120",
                "is_inactive": "0",
                "lv_bonus": "15",
                "name": "Finish Buster"
            }
        ]
    },
    "specials": {
        "121": [
        ]
    }
}
