{
    "card": {
        "atk_init": "6565",
        "atk_max": "7597",
        "aura_id": "",
        "aura_offset_x": "",
        "aura_offset_y": "",
        "aura_scale": "",
        "awakening_element_type": "1",
        "awakening_number": "",
        "bg_effect_id": "",
        "card_unique_info_id": "79",
        "character_id": "203",
        "collectable_type": "1",
        "cost": "23",
        "def_init": "3101",
        "def_max": "3470",
        "eball_mod_max": "130",
        "eball_mod_max_num": "12",
        "eball_mod_mid": "0",
        "eball_mod_mid_num": "0",
        "eball_mod_min": "40",
        "eball_mod_num100": "4",
        "element": "13",
        "exp_type": "5",
        "face_x": "336",
        "face_y": "769",
        "grow_type": "40",
        "hp_init": "6692",
        "hp_max": "7579",
        "id": "1001701",
        "is_aura_front": "0",
        "is_selling_only": "0",
        "leader_skill_set_id": "100170",
        "link_skill1_id": "9",
        "link_skill2_id": "22",
        "link_skill3_id": "29",
        "link_skill4_id": "47",
        "link_skill5_id": "1001",
        "link_skill6_id": "",
        "link_skill7_id": "",
        "lv_max": "100",
        "max_level_reward_id": "1",
        "max_level_reward_type": "1",
        "name": "Super Saiyan 2 Gohan (Youth)",
        "optimal_awakening_grow_type": "",
        "passive_skill_set_id": "177",
        "potential_board_id": "23",
        "price": "29466",
        "rarity": "4",
        "resource_id": "",
        "selling_exchange_point": "15000",
        "skill_lv_max": "10",
        "special_motion": "1",
        "training_exp": "6045"
    },
    "card_specials": {
        "387": {
            "bonus_view_id1": "0",
            "bonus_view_id2": "0",
            "card_costume_condition_id": "0",
            "causality_conditions": "",
            "eball_num_start": "12",
            "lv_start": "0",
            "priority": "0",
            "special_asset_id": "",
            "special_bonus_id1": "0",
            "special_bonus_id2": "0",
            "special_bonus_lv1": "0",
            "special_bonus_lv2": "0",
            "special_set_id": "87",
            "style": "Normal",
            "view_id": "387"
        }
    },
    "categories": [
        {
            "id": "5"
        },
        {
            "id": "20"
        },
        {
            "id": "30"
        },
        {
            "id": "33"
        },
        {
            "id": "38"
        },
        {
            "id": "39"
        },
        {
            "id": "40"
        },
        {
            "id": "45"
        },
        {
            "id": "47"
        },
        {
            "id": "55"
        },
        {
            "id": "66"
        },
        {
            "id": "81"
        },
        {
            "id": "83"
        },
        {
            "id": "84"
        },
        {
            "id": "87"
        },
        {
            "id": "89"
        },
        {
            "id": "91"
        },
        {
            "id": "93"
        },
        {
            "id": "95"
        }
    ],
    "leader_skill": {
        "description": "AGL, TEQ & STR Types HP & ATK +20%",
        "id": "100170",
        "name": "Saiyan Spirit",
        "skills": [
            {
                "calc_option": "2",
                "causality_conditions": "",
                "efficacy_type": "44",
                "efficacy_values": "[0, 20, 20]",
                "exec_timing_type": "1",
                "sub_target_type_set_id": "0",
                "target_type": "2"
            },
            {
                "calc_option": "2",
                "causality_conditions": "",
                "efficacy_type": "44",
                "efficacy_values": "[1, 20, 20]",
                "exec_timing_type": "1",
                "sub_target_type_set_id": "0",
                "target_type": "2"
            },
            {
                "calc_option": "2",
                "causality_conditions": "",
                "efficacy_type": "44",
                "efficacy_values": "[3, 20, 20]",
                "exec_timing_type": "1",
                "sub_target_type_set_id": "0",
                "target_type": "2"
            },
            {
                "calc_option": "0",
                "causality_conditions": "",
                "efficacy_type": "0",
                "efficacy_values": "[0, 0, 0]",
                "exec_timing_type": "1",
                "sub_target_type_set_id": "0",
                "target_type": "2"
            },
            {
                "calc_option": "0",
                "causality_conditions": "",
                "efficacy_type": "0",
                "efficacy_values": "[0, 0, 0]",
                "exec_timing_type": "1",
                "sub_target_type_set_id": "0",
                "target_type": "2"
            }
        ]
    },
    "passive_skill": {
        "id": "177",
        "itemized_description": "*Basic effect(s)*\n- ATK 30%{passiveImg:up_g}",
        "name": "Furious Awakening",
        "skills": [
            {
                "calc_option": "2",
                "causality_conditions": "",
                "eff_value1": "30",
                "eff_value2": "0",
                "eff_value3": "0",
                "efficacy_type": "1",
                "efficacy_values": "{}",
                "exec_timing_type": "1",
                "is_once": "0",
                "passive_skill_effect_id": "",
                "probability": "100",
                "sub_target_type_set_id": "0",
                "target_type": "1",
                "turn": "1"
            }
        ]
    },
    "special_sets": {
        "87": [
            {
                "aim_target": "0",
                "causality_description": "",
                "description": "Causes supreme damage to enemy",
                "increase_rate": "150",
                "is_inactive": "0",
                "lv_bonus": "20",
                "name": "Father-Son Kamehameha"
            }
        ]
    },
    "specials": {
        "87": [
        ]
    }
}
