{
    "card": {
        "atk_init": "1100",
        "atk_max": "3666",
        "aura_id": "",
        "aura_offset_x": "",
        "aura_offset_y": "",
        "aura_scale": "",
        "awakening_element_type": "2",
        "awakening_number": "",
        "bg_effect_id": "",
        "card_unique_info_id": "35",
        "character_id": "34",
        "collectable_type": "1",
        "cost": "10",
        "def_init": "859",
        "def_max": "2864",
        "eball_mod_max": "120",
        "eball_mod_max_num": "12",
        "eball_mod_mid": "0",
        "eball_mod_mid_num": "0",
        "eball_mod_min": "40",
        "eball_mod_num100": "6",
        "element": "3",
        "exp_type": "5",
        "face_x": "484",
        "face_y": "696",
        "grow_type": "23",
        "hp_init": "1658",
        "hp_max": "5528",
        "id": "1001090",
        "is_aura_front": "0",
        "is_selling_only": "0",
        "leader_skill_set_id": "100109",
        "link_skill1_id": "41",
        "link_skill2_id": "54",
        "link_skill3_id": "94",
        "link_skill4_id": "",
        "link_skill5_id": "",
        "link_skill6_id": "",
        "link_skill7_id": "",
        "lv_max": "60",
        "max_level_reward_id": "1",
        "max_level_reward_type": "1",
        "name": "Jeice",
        "optimal_awakening_grow_type": "",
        "passive_skill_set_id": "30",
        "potential_board_id": "",
        "price": "3348",
        "rarity": "2",
        "resource_id": "",
        "selling_exchange_point": "500",
        "skill_lv_max": "10",
        "special_motion": "1",
        "training_exp": "2765"
    },
    "card_specials": {
        "109": {
            "bonus_view_id1": "0",
            "bonus_view_id2": "0",
            "card_costume_condition_id": "0",
            "causality_conditions": "",
            "eball_num_start": "12",
            "lv_start": "0",
            "priority": "0",
            "special_asset_id": "",
            "special_bonus_id1": "0",
            "special_bonus_id2": "0",
            "special_bonus_lv1": "0",
            "special_bonus_lv2": "0",
            "special_set_id": "42",
            "style": "Normal",
            "view_id": "109"
        }
    },
    "categories": [
        {
            "id": "14"
        },
        {
            "id": "15"
        },
        {
            "id": "25"
        },
        {
            "id": "41"
        },
        {
            "id": "52"
        },
        {
            "id": "62"
        },
        {
            "id": "97"
        }
    ],
    "leader_skill": {
        "description": "PHY Type enemy ATK - 25%",
        "id": "100109",
        "name": "Maximum Firepower",
        "skills": [
            {
                "calc_option": "3",
                "causality_conditions": "",
                "efficacy_type": "16",
                "efficacy_values": "[4, 25, 0]",
                "exec_timing_type": "1",
                "sub_target_type_set_id": "0",
                "target_type": "4"
            },
            {
                "calc_option": "0",
                "causality_conditions": "",
                "efficacy_type": "0",
                "efficacy_values": "[0, 0, 0]",
                "exec_timing_type": "1",
                "sub_target_type_set_id": "0",
                "target_type": "4"
            },
            {
                "calc_option": "0",
                "causality_conditions": "",
                "efficacy_type": "0",
                "efficacy_values": "[0, 0, 0]",
                "exec_timing_type": "1",
                "sub_target_type_set_id": "0",
                "target_type": "4"
            },
            {
                "calc_option": "0",
                "causality_conditions": "",
                "efficacy_type": "0",
                "efficacy_values": "[0, 0, 0]",
                "exec_timing_type": "1",
                "sub_target_type_set_id": "0",
                "target_type": "4"
            },
            {
                "calc_option": "0",
                "causality_conditions": "",
                "efficacy_type": "0",
                "efficacy_values": "[0, 0, 0]",
                "exec_timing_type": "1",
                "sub_target_type_set_id": "0",
                "target_type": "4"
            }
        ]
    },
    "passive_skill": {
        "id": "30",
        "itemized_description": "*As the 2nd attacker in a turn*\r\n- All allies' ATK 1000{passiveImg:up_g}",
        "name": "Teamwork",
        "skills": [
            {
                "calc_option": "0",
                "causality_conditions": "{\"source\": \"26\", \"compiled\": 26}",
                "eff_value1": "1000",
                "eff_value2": "0",
                "eff_value3": "0",
                "efficacy_type": "1",
                "efficacy_values": "{}",
                "exec_timing_type": "11",
                "is_once": "0",
                "passive_skill_effect_id": "",
                "probability": "100",
                "sub_target_type_set_id": "0",
                "target_type": "2",
                "turn": "1"
            }
        ]
    },
    "special_sets": {
        "42": [
            {
                "aim_target": "0",
                "causality_description": "",
                "description": "Causes huge damage to enemy",
                "increase_rate": "100",
                "is_inactive": "0",
                "lv_bonus": "10",
                "name": "Crusher Ball"
            }
        ]
    },
    "specials": {
        "42": [
        ]
    }
}
