{
    "card": {
        "atk_init": "3528",
        "atk_max": "5496",
        "aura_id": "",
        "aura_offset_x": "",
        "aura_offset_y": "",
        "aura_scale": "",
        "awakening_element_type": "1",
        "awakening_number": "",
        "bg_effect_id": "",
        "card_unique_info_id": "37",
        "character_id": "36",
        "collectable_type": "1",
        "cost": "14",
        "def_init": "3274",
        "def_max": "3885",
        "eball_mod_max": "118",
        "eball_mod_max_num": "12",
        "eball_mod_mid": "0",
        "eball_mod_mid_num": "0",
        "eball_mod_min": "40",
        "eball_mod_num100": "4",
        "element": "12",
        "exp_type": "5",
        "face_x": "377",
        "face_y": "747",
        "grow_type": "30",
        "hp_init": "5729",
        "hp_max": "7363",
        "id": "1001101",
        "is_aura_front": "0",
        "is_selling_only": "0",
        "leader_skill_set_id": "100110",
        "link_skill1_id": "48",
        "link_skill2_id": "39",
        "link_skill3_id": "15",
        "link_skill4_id": "",
        "link_skill5_id": "",
        "link_skill6_id": "",
        "link_skill7_id": "",
        "lv_max": "80",
        "max_level_reward_id": "1",
        "max_level_reward_type": "1",
        "name": "Nail",
        "optimal_awakening_grow_type": "",
        "passive_skill_set_id": "31",
        "potential_board_id": "22",
        "price": "13374",
        "rarity": "3",
        "resource_id": "",
        "selling_exchange_point": "600",
        "skill_lv_max": "10",
        "special_motion": "1",
        "training_exp": "4280"
    },
    "card_specials": {
        "264": {
            "bonus_view_id1": "0",
            "bonus_view_id2": "0",
            "card_costume_condition_id": "0",
            "causality_conditions": "",
            "eball_num_start": "12",
            "lv_start": "0",
            "priority": "0",
            "special_asset_id": "",
            "special_bonus_id1": "0",
            "special_bonus_id2": "0",
            "special_bonus_lv1": "0",
            "special_bonus_lv2": "0",
            "special_set_id": "44",
            "style": "Normal",
            "view_id": "264"
        }
    },
    "categories": [
        {
            "id": "14"
        },
        {
            "id": "18"
        },
        {
            "id": "63"
        },
        {
            "id": "93"
        },
        {
            "id": "97"
        }
    ],
    "leader_skill": {
        "description": "Immune to negative effects",
        "id": "100110",
        "name": "Call of Duty",
        "skills": [
            {
                "calc_option": "0",
                "causality_conditions": "",
                "efficacy_type": "50",
                "efficacy_values": "[0, 0, 0]",
                "exec_timing_type": "1",
                "sub_target_type_set_id": "0",
                "target_type": "2"
            },
            {
                "calc_option": "0",
                "causality_conditions": "",
                "efficacy_type": "0",
                "efficacy_values": "[0, 0, 0]",
                "exec_timing_type": "1",
                "sub_target_type_set_id": "0",
                "target_type": "2"
            },
            {
                "calc_option": "0",
                "causality_conditions": "",
                "efficacy_type": "0",
                "efficacy_values": "[0, 0, 0]",
                "exec_timing_type": "1",
                "sub_target_type_set_id": "0",
                "target_type": "2"
            },
            {
                "calc_option": "0",
                "causality_conditions": "",
                "efficacy_type": "0",
                "efficacy_values": "[0, 0, 0]",
                "exec_timing_type": "1",
                "sub_target_type_set_id": "0",
                "target_type": "2"
            },
            {
                "calc_option": "0",
                "causality_conditions": "",
                "efficacy_type": "0",
                "efficacy_values": "[0, 0, 0]",
                "exec_timing_type": "1",
                "sub_target_type_set_id": "0",
                "target_type": "2"
            }
        ]
    },
    "passive_skill": {
        "id": "31",
        "itemized_description": "*When HP is 50% or less*\r\n- Recovers 10% HP",
        "name": "Buying Time",
        "skills": [
            {
                "calc_option": "2",
                "causality_conditions": "{\"source\": \"27\", \"compiled\": 27}",
                "eff_value1": "10",
                "eff_value2": "0",
                "eff_value3": "0",
                "efficacy_type": "4",
                "efficacy_values": "{}",
                "exec_timing_type": "1",
                "is_once": "0",
                "passive_skill_effect_id": "",
                "probability": "100",
                "sub_target_type_set_id": "0",
                "target_type": "1",
                "turn": "1"
            }
        ]
    },
    "special_sets": {
        "44": [
            {
                "aim_target": "0",
                "causality_description": "",
                "description": "Causes huge damage to enemy",
                "increase_rate": "100",
                "is_inactive": "0",
                "lv_bonus": "10",
                "name": "Assault Flash"
            }
        ]
    },
    "specials": {
        "44": [
        ]
    }
}
