{
    "card": {
        "atk_init": "1032",
        "atk_max": "3439",
        "aura_id": "",
        "aura_offset_x": "",
        "aura_offset_y": "",
        "aura_scale": "",
        "awakening_element_type": "1",
        "awakening_number": "",
        "bg_effect_id": "",
        "card_unique_info_id": "23",
        "character_id": "23",
        "collectable_type": "1",
        "cost": "8",
        "def_init": "699",
        "def_max": "2331",
        "eball_mod_max": "110",
        "eball_mod_max_num": "12",
        "eball_mod_mid": "0",
        "eball_mod_mid_num": "0",
        "eball_mod_min": "40",
        "eball_mod_num100": "4",
        "element": "0",
        "exp_type": "4",
        "face_x": "453",
        "face_y": "816",
        "grow_type": "23",
        "hp_init": "1529",
        "hp_max": "5095",
        "id": "1001020",
        "is_aura_front": "0",
        "is_selling_only": "0",
        "leader_skill_set_id": "100102",
        "link_skill1_id": "25",
        "link_skill2_id": "27",
        "link_skill3_id": "36",
        "link_skill4_id": "47",
        "link_skill5_id": "16",
        "link_skill6_id": "3",
        "link_skill7_id": "",
        "lv_max": "60",
        "max_level_reward_id": "1",
        "max_level_reward_type": "1",
        "name": "Master Roshi",
        "optimal_awakening_grow_type": "",
        "passive_skill_set_id": "23",
        "potential_board_id": "",
        "price": "3091",
        "rarity": "2",
        "resource_id": "",
        "selling_exchange_point": "500",
        "skill_lv_max": "10",
        "special_motion": "1",
        "training_exp": "2765"
    },
    "card_specials": {
        "102": {
            "bonus_view_id1": "0",
            "bonus_view_id2": "0",
            "card_costume_condition_id": "0",
            "causality_conditions": "",
            "eball_num_start": "12",
            "lv_start": "0",
            "priority": "0",
            "special_asset_id": "",
            "special_bonus_id1": "0",
            "special_bonus_id2": "0",
            "special_bonus_lv1": "0",
            "special_bonus_lv2": "0",
            "special_set_id": "30",
            "style": "Normal",
            "view_id": "102"
        }
    },
    "categories": [
        {
            "id": "34"
        },
        {
            "id": "39"
        },
        {
            "id": "40"
        },
        {
            "id": "51"
        },
        {
            "id": "58"
        },
        {
            "id": "65"
        },
        {
            "id": "89"
        }
    ],
    "leader_skill": {
        "description": "AGL Type ATK +25%",
        "id": "100102",
        "name": "Martial Guidance",
        "skills": [
            {
                "calc_option": "2",
                "causality_conditions": "",
                "efficacy_type": "16",
                "efficacy_values": "[0, 25, 0]",
                "exec_timing_type": "1",
                "sub_target_type_set_id": "0",
                "target_type": "2"
            },
            {
                "calc_option": "0",
                "causality_conditions": "",
                "efficacy_type": "0",
                "efficacy_values": "[0, 0, 0]",
                "exec_timing_type": "1",
                "sub_target_type_set_id": "0",
                "target_type": "2"
            },
            {
                "calc_option": "0",
                "causality_conditions": "",
                "efficacy_type": "0",
                "efficacy_values": "[0, 0, 0]",
                "exec_timing_type": "1",
                "sub_target_type_set_id": "0",
                "target_type": "2"
            },
            {
                "calc_option": "0",
                "causality_conditions": "",
                "efficacy_type": "0",
                "efficacy_values": "[0, 0, 0]",
                "exec_timing_type": "1",
                "sub_target_type_set_id": "0",
                "target_type": "2"
            },
            {
                "calc_option": "0",
                "causality_conditions": "",
                "efficacy_type": "0",
                "efficacy_values": "[0, 0, 0]",
                "exec_timing_type": "1",
                "sub_target_type_set_id": "0",
                "target_type": "2"
            }
        ]
    },
    "passive_skill": {
        "id": "23",
        "itemized_description": "*When HP is 50% or more*\n- All allies' Ki +1",
        "name": "Master's Teachings",
        "skills": [
            {
                "calc_option": "0",
                "causality_conditions": "{\"source\": \"21\", \"compiled\": 21}",
                "eff_value1": "1",
                "eff_value2": "0",
                "eff_value3": "0",
                "efficacy_type": "5",
                "efficacy_values": "{}",
                "exec_timing_type": "1",
                "is_once": "0",
                "passive_skill_effect_id": "",
                "probability": "100",
                "sub_target_type_set_id": "0",
                "target_type": "2",
                "turn": "1"
            }
        ]
    },
    "special_sets": {
        "30": [
            {
                "aim_target": "0",
                "causality_description": "",
                "description": "Causes huge damage to enemy",
                "increase_rate": "100",
                "is_inactive": "0",
                "lv_bonus": "10",
                "name": "Kamehameha"
            }
        ]
    },
    "specials": {
        "30": [
        ]
    }
}
