{
    "card": {
        "atk_init": "6232",
        "atk_max": "7176",
        "aura_id": "",
        "aura_offset_x": "",
        "aura_offset_y": "",
        "aura_scale": "",
        "awakening_element_type": "2",
        "awakening_number": "",
        "bg_effect_id": "",
        "card_unique_info_id": "104",
        "character_id": "229",
        "collectable_type": "1",
        "cost": "23",
        "def_init": "4429",
        "def_max": "5273",
        "eball_mod_max": "150",
        "eball_mod_max_num": "12",
        "eball_mod_mid": "0",
        "eball_mod_mid_num": "0",
        "eball_mod_min": "30",
        "eball_mod_num100": "5",
        "element": "24",
        "exp_type": "5",
        "face_x": "336",
        "face_y": "769",
        "grow_type": "40",
        "hp_init": "7294",
        "hp_max": "8193",
        "id": "1001941",
        "is_aura_front": "0",
        "is_selling_only": "0",
        "leader_skill_set_id": "100194",
        "link_skill1_id": "4",
        "link_skill2_id": "65",
        "link_skill3_id": "76",
        "link_skill4_id": "83",
        "link_skill5_id": "96",
        "link_skill6_id": "119",
        "link_skill7_id": "1004",
        "lv_max": "100",
        "max_level_reward_id": "1",
        "max_level_reward_type": "1",
        "name": "Majin Buu (Good)",
        "optimal_awakening_grow_type": "",
        "passive_skill_set_id": "204",
        "potential_board_id": "124",
        "price": "29466",
        "rarity": "4",
        "resource_id": "",
        "selling_exchange_point": "15000",
        "skill_lv_max": "10",
        "special_motion": "1",
        "training_exp": "6045"
    },
    "card_specials": {
        "443": {
            "bonus_view_id1": "0",
            "bonus_view_id2": "0",
            "card_costume_condition_id": "0",
            "causality_conditions": "",
            "eball_num_start": "12",
            "lv_start": "0",
            "priority": "0",
            "special_asset_id": "",
            "special_bonus_id1": "0",
            "special_bonus_id2": "0",
            "special_bonus_lv1": "0",
            "special_bonus_lv2": "0",
            "special_set_id": "110",
            "style": "Normal",
            "view_id": "443"
        }
    },
    "categories": [
        {
            "id": "7"
        },
        {
            "id": "9"
        },
        {
            "id": "23"
        },
        {
            "id": "26"
        },
        {
            "id": "32"
        },
        {
            "id": "50"
        },
        {
            "id": "53"
        },
        {
            "id": "59"
        },
        {
            "id": "68"
        },
        {
            "id": "71"
        },
        {
            "id": "78"
        },
        {
            "id": "77"
        },
        {
            "id": "82"
        },
        {
            "id": "94"
        },
        {
            "id": "93"
        },
        {
            "id": "97"
        }
    ],
    "leader_skill": {
        "description": "ATK +25% for all Types",
        "id": "100194",
        "name": "A Monster Unleashed",
        "skills": [
            {
                "calc_option": "2",
                "causality_conditions": "",
                "efficacy_type": "1",
                "efficacy_values": "[25, 0, 0]",
                "exec_timing_type": "1",
                "sub_target_type_set_id": "0",
                "target_type": "2"
            },
            {
                "calc_option": "0",
                "causality_conditions": "",
                "efficacy_type": "0",
                "efficacy_values": "[0, 0, 0]",
                "exec_timing_type": "1",
                "sub_target_type_set_id": "0",
                "target_type": "2"
            },
            {
                "calc_option": "0",
                "causality_conditions": "",
                "efficacy_type": "0",
                "efficacy_values": "[0, 0, 0]",
                "exec_timing_type": "1",
                "sub_target_type_set_id": "0",
                "target_type": "2"
            },
            {
                "calc_option": "0",
                "causality_conditions": "",
                "efficacy_type": "0",
                "efficacy_values": "[0, 0, 0]",
                "exec_timing_type": "1",
                "sub_target_type_set_id": "0",
                "target_type": "2"
            },
            {
                "calc_option": "0",
                "causality_conditions": "",
                "efficacy_type": "0",
                "efficacy_values": "[0, 0, 0]",
                "exec_timing_type": "1",
                "sub_target_type_set_id": "0",
                "target_type": "2"
            }
        ]
    },
    "passive_skill": {
        "id": "204",
        "itemized_description": "*When HP is 30% or less at the start of turn*\n- Recovers 25% HP",
        "name": "Undying Body",
        "skills": [
            {
                "calc_option": "2",
                "causality_conditions": "{\"source\": \"15\", \"compiled\": 15}",
                "eff_value1": "25",
                "eff_value2": "0",
                "eff_value3": "0",
                "efficacy_type": "4",
                "efficacy_values": "{}",
                "exec_timing_type": "1",
                "is_once": "0",
                "passive_skill_effect_id": "",
                "probability": "100",
                "sub_target_type_set_id": "0",
                "target_type": "1",
                "turn": "1"
            }
        ]
    },
    "special_sets": {
        "110": [
            {
                "aim_target": "0",
                "causality_description": "",
                "description": "Causes extreme damage to enemy",
                "increase_rate": "120",
                "is_inactive": "0",
                "lv_bonus": "15",
                "name": "Flame Shower Breath"
            }
        ]
    },
    "specials": {
        "110": [
        ]
    }
}
