{
    "card": {
        "atk_init": "5698",
        "atk_max": "6645",
        "aura_id": "",
        "aura_offset_x": "",
        "aura_offset_y": "",
        "aura_scale": "",
        "awakening_element_type": "1",
        "awakening_number": "",
        "bg_effect_id": "",
        "card_unique_info_id": "67",
        "character_id": "81",
        "collectable_type": "1",
        "cost": "23",
        "def_init": "3248",
        "def_max": "3755",
        "eball_mod_max": "120",
        "eball_mod_max_num": "12",
        "eball_mod_mid": "0",
        "eball_mod_mid_num": "0",
        "eball_mod_min": "40",
        "eball_mod_num100": "5",
        "element": "13",
        "exp_type": "5",
        "face_x": "336",
        "face_y": "769",
        "grow_type": "40",
        "hp_init": "7620",
        "hp_max": "8612",
        "id": "1001491",
        "is_aura_front": "0",
        "is_selling_only": "0",
        "leader_skill_set_id": "100149",
        "link_skill1_id": "22",
        "link_skill2_id": "29",
        "link_skill3_id": "61",
        "link_skill4_id": "62",
        "link_skill5_id": "63",
        "link_skill6_id": "",
        "link_skill7_id": "",
        "lv_max": "100",
        "max_level_reward_id": "1",
        "max_level_reward_type": "1",
        "name": "Super Saiyan Bardock",
        "optimal_awakening_grow_type": "",
        "passive_skill_set_id": "164",
        "potential_board_id": "23",
        "price": "29126",
        "rarity": "4",
        "resource_id": "",
        "selling_exchange_point": "15000",
        "skill_lv_max": "10",
        "special_motion": "1",
        "training_exp": "5968"
    },
    "card_specials": {
        "361": {
            "bonus_view_id1": "0",
            "bonus_view_id2": "0",
            "card_costume_condition_id": "0",
            "causality_conditions": "",
            "eball_num_start": "12",
            "lv_start": "0",
            "priority": "0",
            "special_asset_id": "",
            "special_bonus_id1": "0",
            "special_bonus_id2": "0",
            "special_bonus_lv1": "0",
            "special_bonus_lv2": "0",
            "special_set_id": "78",
            "style": "Normal",
            "view_id": "361"
        }
    },
    "categories": [
        {
            "id": "7"
        },
        {
            "id": "17"
        },
        {
            "id": "26"
        },
        {
            "id": "30"
        },
        {
            "id": "48"
        },
        {
            "id": "61"
        },
        {
            "id": "67"
        },
        {
            "id": "71"
        },
        {
            "id": "87"
        },
        {
            "id": "7466"
        }
    ],
    "leader_skill": {
        "description": "All Types ATK +25%",
        "id": "100149",
        "name": "The First Awakened",
        "skills": [
            {
                "calc_option": "2",
                "causality_conditions": "",
                "efficacy_type": "1",
                "efficacy_values": "[25, 0, 0]",
                "exec_timing_type": "1",
                "sub_target_type_set_id": "0",
                "target_type": "2"
            },
            {
                "calc_option": "0",
                "causality_conditions": "",
                "efficacy_type": "0",
                "efficacy_values": "[0, 0, 0]",
                "exec_timing_type": "1",
                "sub_target_type_set_id": "0",
                "target_type": "2"
            },
            {
                "calc_option": "0",
                "causality_conditions": "",
                "efficacy_type": "0",
                "efficacy_values": "[0, 0, 0]",
                "exec_timing_type": "1",
                "sub_target_type_set_id": "0",
                "target_type": "2"
            },
            {
                "calc_option": "0",
                "causality_conditions": "",
                "efficacy_type": "0",
                "efficacy_values": "[0, 0, 0]",
                "exec_timing_type": "1",
                "sub_target_type_set_id": "0",
                "target_type": "2"
            },
            {
                "calc_option": "0",
                "causality_conditions": "",
                "efficacy_type": "0",
                "efficacy_values": "[0, 0, 0]",
                "exec_timing_type": "1",
                "sub_target_type_set_id": "0",
                "target_type": "2"
            }
        ]
    },
    "passive_skill": {
        "id": "164",
        "itemized_description": "*When HP is 50% or more*\r\n- All allies' ATK 15%{passiveImg:up_g}",
        "name": "Courage",
        "skills": [
            {
                "calc_option": "2",
                "causality_conditions": "{\"source\": \"21\", \"compiled\": 21}",
                "eff_value1": "15",
                "eff_value2": "0",
                "eff_value3": "0",
                "efficacy_type": "1",
                "efficacy_values": "{}",
                "exec_timing_type": "1",
                "is_once": "0",
                "passive_skill_effect_id": "",
                "probability": "100",
                "sub_target_type_set_id": "0",
                "target_type": "2",
                "turn": "1"
            }
        ]
    },
    "special_sets": {
        "78": [
            {
                "aim_target": "0",
                "causality_description": "",
                "description": "Causes extreme damage to enemy",
                "increase_rate": "120",
                "is_inactive": "0",
                "lv_bonus": "15",
                "name": "Final Spirit Cannon"
            }
        ]
    },
    "specials": {
        "78": [
        ]
    }
}
