{
    "card": {
        "atk_init": "2140",
        "atk_max": "6812",
        "aura_id": "",
        "aura_offset_x": "",
        "aura_offset_y": "",
        "aura_scale": "",
        "awakening_element_type": "2",
        "awakening_number": "",
        "bg_effect_id": "",
        "card_unique_info_id": "150",
        "character_id": "232",
        "collectable_type": "1",
        "cost": "18",
        "def_init": "980",
        "def_max": "3122",
        "eball_mod_max": "130",
        "eball_mod_max_num": "12",
        "eball_mod_mid": "0",
        "eball_mod_mid_num": "0",
        "eball_mod_min": "30",
        "eball_mod_num100": "6",
        "element": "0",
        "exp_type": "5",
        "face_x": "336",
        "face_y": "769",
        "grow_type": "33",
        "hp_init": "2011",
        "hp_max": "6819",
        "id": "1001970",
        "is_aura_front": "0",
        "is_selling_only": "0",
        "leader_skill_set_id": "100197",
        "link_skill1_id": "83",
        "link_skill2_id": "18",
        "link_skill3_id": "14",
        "link_skill4_id": "50",
        "link_skill5_id": "96",
        "link_skill6_id": "1004",
        "link_skill7_id": "",
        "lv_max": "80",
        "max_level_reward_id": "1",
        "max_level_reward_type": "1",
        "name": "Buu (Kid)",
        "optimal_awakening_grow_type": "",
        "passive_skill_set_id": "284",
        "potential_board_id": "",
        "price": "13825",
        "rarity": "3",
        "resource_id": "",
        "selling_exchange_point": "10000",
        "skill_lv_max": "10",
        "special_motion": "1",
        "training_exp": "4320"
    },
    "card_specials": {
        "619": {
            "bonus_view_id1": "0",
            "bonus_view_id2": "0",
            "card_costume_condition_id": "0",
            "causality_conditions": "",
            "eball_num_start": "12",
            "lv_start": "0",
            "priority": "0",
            "special_asset_id": "",
            "special_bonus_id1": "0",
            "special_bonus_id2": "0",
            "special_bonus_lv1": "0",
            "special_bonus_lv2": "0",
            "special_set_id": "167",
            "style": "Normal",
            "view_id": "619"
        }
    },
    "categories": [
        {
            "id": "7"
        },
        {
            "id": "9"
        },
        {
            "id": "23"
        },
        {
            "id": "32"
        },
        {
            "id": "53"
        },
        {
            "id": "69"
        },
        {
            "id": "71"
        },
        {
            "id": "78"
        },
        {
            "id": "77"
        },
        {
            "id": "80"
        },
        {
            "id": "82"
        },
        {
            "id": "83"
        },
        {
            "id": "94"
        },
        {
            "id": "93"
        }
    ],
    "leader_skill": {
        "description": "HP +50%",
        "id": "100197",
        "name": "Origin of Despair",
        "skills": [
            {
                "calc_option": "2",
                "causality_conditions": "",
                "efficacy_type": "19",
                "efficacy_values": "[0, 50, 0]",
                "exec_timing_type": "1",
                "sub_target_type_set_id": "0",
                "target_type": "2"
            },
            {
                "calc_option": "2",
                "causality_conditions": "",
                "efficacy_type": "19",
                "efficacy_values": "[1, 50, 0]",
                "exec_timing_type": "1",
                "sub_target_type_set_id": "0",
                "target_type": "2"
            },
            {
                "calc_option": "2",
                "causality_conditions": "",
                "efficacy_type": "19",
                "efficacy_values": "[2, 50, 0]",
                "exec_timing_type": "1",
                "sub_target_type_set_id": "0",
                "target_type": "2"
            },
            {
                "calc_option": "2",
                "causality_conditions": "",
                "efficacy_type": "19",
                "efficacy_values": "[3, 50, 0]",
                "exec_timing_type": "1",
                "sub_target_type_set_id": "0",
                "target_type": "2"
            },
            {
                "calc_option": "2",
                "causality_conditions": "",
                "efficacy_type": "19",
                "efficacy_values": "[4, 50, 0]",
                "exec_timing_type": "1",
                "sub_target_type_set_id": "0",
                "target_type": "2"
            }
        ]
    },
    "passive_skill": {
        "id": "284",
        "itemized_description": "*Basic effect(s)*\n- Recovers 10% HP at the start of turn",
        "name": "Unadulterated Evil",
        "skills": [
            {
                "calc_option": "2",
                "causality_conditions": "",
                "eff_value1": "10",
                "eff_value2": "0",
                "eff_value3": "0",
                "efficacy_type": "4",
                "efficacy_values": "{}",
                "exec_timing_type": "1",
                "is_once": "0",
                "passive_skill_effect_id": "",
                "probability": "100",
                "sub_target_type_set_id": "0",
                "target_type": "1",
                "turn": "1"
            }
        ]
    },
    "special_sets": {
        "167": [
            {
                "aim_target": "0",
                "causality_description": "",
                "description": "Causes supreme damage to enemy \nand lowers DEF",
                "increase_rate": "150",
                "is_inactive": "0",
                "lv_bonus": "20",
                "name": "Planet Burst"
            }
        ]
    },
    "specials": {
        "167": [
            {
                "calc_option": "3",
                "causality_conditions": "",
                "eff_value1": "40",
                "eff_value2": "0",
                "eff_value3": "0",
                "efficacy_type": "2",
                "prob": "100",
                "target_type": "3",
                "turn": "3",
                "type": "Special::NormalEfficacySpecial"
            }
        ]
    }
}
