{
    "card": {
        "atk_init": "5359",
        "atk_max": "6334",
        "aura_id": "",
        "aura_offset_x": "",
        "aura_offset_y": "",
        "aura_scale": "",
        "awakening_element_type": "1",
        "awakening_number": "",
        "bg_effect_id": "",
        "card_unique_info_id": "10",
        "character_id": "10",
        "collectable_type": "1",
        "cost": "23",
        "def_init": "3118",
        "def_max": "3620",
        "eball_mod_max": "140",
        "eball_mod_max_num": "12",
        "eball_mod_mid": "0",
        "eball_mod_mid_num": "0",
        "eball_mod_min": "40",
        "eball_mod_num100": "5",
        "element": "14",
        "exp_type": "5",
        "face_x": "488",
        "face_y": "745",
        "grow_type": "40",
        "hp_init": "7296",
        "hp_max": "8766",
        "id": "1001631",
        "is_aura_front": "0",
        "is_selling_only": "0",
        "leader_skill_set_id": "100163",
        "link_skill1_id": "45",
        "link_skill2_id": "26",
        "link_skill3_id": "30",
        "link_skill4_id": "48",
        "link_skill5_id": "56",
        "link_skill6_id": "1001",
        "link_skill7_id": "",
        "lv_max": "100",
        "max_level_reward_id": "1",
        "max_level_reward_type": "1",
        "name": "Piccolo",
        "optimal_awakening_grow_type": "",
        "passive_skill_set_id": "148",
        "potential_board_id": "124",
        "price": "29012",
        "rarity": "4",
        "resource_id": "",
        "selling_exchange_point": "15000",
        "skill_lv_max": "10",
        "special_motion": "1",
        "training_exp": "5963"
    },
    "card_specials": {
        "329": {
            "bonus_view_id1": "0",
            "bonus_view_id2": "0",
            "card_costume_condition_id": "0",
            "causality_conditions": "",
            "eball_num_start": "12",
            "lv_start": "0",
            "priority": "0",
            "special_asset_id": "",
            "special_bonus_id1": "0",
            "special_bonus_id2": "0",
            "special_bonus_lv1": "0",
            "special_bonus_lv2": "0",
            "special_set_id": "12",
            "style": "Normal",
            "view_id": "329"
        }
    },
    "categories": [
        {
            "id": "18"
        },
        {
            "id": "37"
        },
        {
            "id": "40"
        },
        {
            "id": "58"
        },
        {
            "id": "68"
        },
        {
            "id": "89"
        },
        {
            "id": "93"
        },
        {
            "id": "96"
        }
    ],
    "leader_skill": {
        "description": "ATK +30% when HP is 80% or below",
        "id": "100163",
        "name": "Namekian Rage",
        "skills": [
            {
                "calc_option": "2",
                "causality_conditions": "{\"source\": \"42\", \"compiled\": 42}",
                "efficacy_type": "1",
                "efficacy_values": "[30, 0, 0]",
                "exec_timing_type": "1",
                "sub_target_type_set_id": "0",
                "target_type": "2"
            },
            {
                "calc_option": "0",
                "causality_conditions": "{\"source\": \"42\", \"compiled\": 42}",
                "efficacy_type": "0",
                "efficacy_values": "[0, 0, 0]",
                "exec_timing_type": "1",
                "sub_target_type_set_id": "0",
                "target_type": "2"
            },
            {
                "calc_option": "0",
                "causality_conditions": "{\"source\": \"42\", \"compiled\": 42}",
                "efficacy_type": "0",
                "efficacy_values": "[0, 0, 0]",
                "exec_timing_type": "1",
                "sub_target_type_set_id": "0",
                "target_type": "2"
            },
            {
                "calc_option": "0",
                "causality_conditions": "{\"source\": \"42\", \"compiled\": 42}",
                "efficacy_type": "0",
                "efficacy_values": "[0, 0, 0]",
                "exec_timing_type": "1",
                "sub_target_type_set_id": "0",
                "target_type": "2"
            },
            {
                "calc_option": "0",
                "causality_conditions": "{\"source\": \"42\", \"compiled\": 42}",
                "efficacy_type": "0",
                "efficacy_values": "[0, 0, 0]",
                "exec_timing_type": "1",
                "sub_target_type_set_id": "0",
                "target_type": "2"
            }
        ]
    },
    "passive_skill": {
        "id": "148",
        "itemized_description": "*Basic effect(s)*\n- All allies' DEF 25%{passiveImg:up_g}",
        "name": "Divine Protection",
        "skills": [
            {
                "calc_option": "2",
                "causality_conditions": "",
                "eff_value1": "25",
                "eff_value2": "0",
                "eff_value3": "0",
                "efficacy_type": "2",
                "efficacy_values": "{}",
                "exec_timing_type": "1",
                "is_once": "0",
                "passive_skill_effect_id": "",
                "probability": "100",
                "sub_target_type_set_id": "0",
                "target_type": "2",
                "turn": "1"
            }
        ]
    },
    "special_sets": {
        "12": [
            {
                "aim_target": "0",
                "causality_description": "",
                "description": "Causes huge damage to enemy \nand lowers DEF",
                "increase_rate": "100",
                "is_inactive": "0",
                "lv_bonus": "10",
                "name": "Special Beam Cannon"
            }
        ]
    },
    "specials": {
        "12": [
            {
                "calc_option": "3",
                "causality_conditions": "",
                "eff_value1": "20",
                "eff_value2": "0",
                "eff_value3": "0",
                "efficacy_type": "2",
                "prob": "100",
                "target_type": "3",
                "turn": "3",
                "type": "Special::NormalEfficacySpecial"
            }
        ]
    }
}
