{
    "card": {
        "atk_init": "6674",
        "atk_max": "7412",
        "aura_id": "",
        "aura_offset_x": "",
        "aura_offset_y": "",
        "aura_scale": "",
        "awakening_element_type": "2",
        "awakening_number": "",
        "bg_effect_id": "",
        "card_unique_info_id": "140",
        "character_id": "231",
        "collectable_type": "1",
        "cost": "25",
        "def_init": "3578",
        "def_max": "3896",
        "eball_mod_max": "140",
        "eball_mod_max_num": "12",
        "eball_mod_mid": "0",
        "eball_mod_mid_num": "0",
        "eball_mod_min": "30",
        "eball_mod_num100": "6",
        "element": "21",
        "exp_type": "5",
        "face_x": "336",
        "face_y": "769",
        "grow_type": "40",
        "hp_init": "6543",
        "hp_max": "7125",
        "id": "1001961",
        "is_aura_front": "0",
        "is_selling_only": "0",
        "leader_skill_set_id": "100196",
        "link_skill1_id": "83",
        "link_skill2_id": "18",
        "link_skill3_id": "4",
        "link_skill4_id": "28",
        "link_skill5_id": "96",
        "link_skill6_id": "120",
        "link_skill7_id": "1004",
        "lv_max": "100",
        "max_level_reward_id": "1",
        "max_level_reward_type": "1",
        "name": "Buu (Super)",
        "optimal_awakening_grow_type": "",
        "passive_skill_set_id": "255",
        "potential_board_id": "21",
        "price": "29215",
        "rarity": "4",
        "resource_id": "",
        "selling_exchange_point": "15000",
        "skill_lv_max": "10",
        "special_motion": "1",
        "training_exp": "5996"
    },
    "card_specials": {
        "559": {
            "bonus_view_id1": "0",
            "bonus_view_id2": "0",
            "card_costume_condition_id": "0",
            "causality_conditions": "",
            "eball_num_start": "12",
            "lv_start": "0",
            "priority": "0",
            "special_asset_id": "",
            "special_bonus_id1": "0",
            "special_bonus_id2": "0",
            "special_bonus_lv1": "0",
            "special_bonus_lv2": "0",
            "special_set_id": "148",
            "style": "Normal",
            "view_id": "559"
        }
    },
    "categories": [
        {
            "id": "9"
        },
        {
            "id": "23"
        },
        {
            "id": "32"
        },
        {
            "id": "53"
        },
        {
            "id": "59"
        },
        {
            "id": "74"
        },
        {
            "id": "78"
        },
        {
            "id": "82"
        },
        {
            "id": "94"
        },
        {
            "id": "93"
        }
    ],
    "leader_skill": {
        "description": "TEQ Type ATK +50%",
        "id": "100196",
        "name": "Savage Battle Instinct",
        "skills": [
            {
                "calc_option": "2",
                "causality_conditions": "",
                "efficacy_type": "16",
                "efficacy_values": "[1, 50, 0]",
                "exec_timing_type": "1",
                "sub_target_type_set_id": "0",
                "target_type": "2"
            },
            {
                "calc_option": "0",
                "causality_conditions": "",
                "efficacy_type": "0",
                "efficacy_values": "[0, 0, 0]",
                "exec_timing_type": "1",
                "sub_target_type_set_id": "0",
                "target_type": "2"
            },
            {
                "calc_option": "0",
                "causality_conditions": "",
                "efficacy_type": "0",
                "efficacy_values": "[0, 0, 0]",
                "exec_timing_type": "1",
                "sub_target_type_set_id": "0",
                "target_type": "2"
            },
            {
                "calc_option": "0",
                "causality_conditions": "",
                "efficacy_type": "0",
                "efficacy_values": "[0, 0, 0]",
                "exec_timing_type": "1",
                "sub_target_type_set_id": "0",
                "target_type": "2"
            },
            {
                "calc_option": "0",
                "causality_conditions": "",
                "efficacy_type": "0",
                "efficacy_values": "[0, 0, 0]",
                "exec_timing_type": "1",
                "sub_target_type_set_id": "0",
                "target_type": "2"
            }
        ]
    },
    "passive_skill": {
        "id": "255",
        "itemized_description": "*Basic effect(s)*\n- Recovers 25% of damage dealt as HP",
        "name": "Absorption",
        "skills": [
            {
                "calc_option": "2",
                "causality_conditions": "",
                "eff_value1": "25",
                "eff_value2": "0",
                "eff_value3": "0",
                "efficacy_type": "28",
                "efficacy_values": "{}",
                "exec_timing_type": "5",
                "is_once": "0",
                "passive_skill_effect_id": "",
                "probability": "100",
                "sub_target_type_set_id": "0",
                "target_type": "1",
                "turn": "1"
            }
        ]
    },
    "special_sets": {
        "148": [
            {
                "aim_target": "0",
                "causality_description": "",
                "description": "Causes extreme damage with \na rare chance of stunning the enemy",
                "increase_rate": "120",
                "is_inactive": "0",
                "lv_bonus": "15",
                "name": "Vice Shout"
            }
        ]
    },
    "specials": {
        "148": [
            {
                "calc_option": "0",
                "causality_conditions": "",
                "eff_value1": "0",
                "eff_value2": "0",
                "eff_value3": "0",
                "efficacy_type": "9",
                "prob": "10",
                "target_type": "3",
                "turn": "2",
                "type": "Special::ExtraEfficacySpecial"
            }
        ]
    }
}
