{
    "card": {
        "atk_init": "2624",
        "atk_max": "3704",
        "aura_id": "",
        "aura_offset_x": "",
        "aura_offset_y": "",
        "aura_scale": "",
        "awakening_element_type": "2",
        "awakening_number": "",
        "bg_effect_id": "",
        "card_unique_info_id": "18",
        "character_id": "18",
        "collectable_type": "1",
        "cost": "6",
        "def_init": "2343",
        "def_max": "2957",
        "eball_mod_max": "120",
        "eball_mod_max_num": "12",
        "eball_mod_mid": "0",
        "eball_mod_mid_num": "0",
        "eball_mod_min": "50",
        "eball_mod_num100": "6",
        "element": "23",
        "exp_type": "2",
        "face_x": "326",
        "face_y": "668",
        "grow_type": "20",
        "hp_init": "3436",
        "hp_max": "4663",
        "id": "1001231",
        "is_aura_front": "0",
        "is_selling_only": "0",
        "leader_skill_set_id": "100123",
        "link_skill1_id": "35",
        "link_skill2_id": "52",
        "link_skill3_id": "73",
        "link_skill4_id": "81",
        "link_skill5_id": "",
        "link_skill6_id": "",
        "link_skill7_id": "",
        "lv_max": "60",
        "max_level_reward_id": "1",
        "max_level_reward_type": "1",
        "name": "Android #19",
        "optimal_awakening_grow_type": "",
        "passive_skill_set_id": "89",
        "potential_board_id": "",
        "price": "3236",
        "rarity": "2",
        "resource_id": "",
        "selling_exchange_point": "60",
        "skill_lv_max": "10",
        "special_motion": "1",
        "training_exp": "2765"
    },
    "card_specials": {
        "277": {
            "bonus_view_id1": "0",
            "bonus_view_id2": "0",
            "card_costume_condition_id": "0",
            "causality_conditions": "",
            "eball_num_start": "12",
            "lv_start": "0",
            "priority": "0",
            "special_asset_id": "",
            "special_bonus_id1": "0",
            "special_bonus_id2": "0",
            "special_bonus_lv1": "0",
            "special_bonus_lv2": "0",
            "special_set_id": "24",
            "style": "Normal",
            "view_id": "277"
        }
    },
    "categories": [
        {
            "id": "21"
        },
        {
            "id": "32"
        },
        {
            "id": "38"
        },
        {
            "id": "43"
        },
        {
            "id": "59"
        },
        {
            "id": "97"
        }
    ],
    "leader_skill": {
        "description": "Damage received reduced by 10%",
        "id": "100123",
        "name": "Target Confirmed",
        "skills": [
            {
                "calc_option": "3",
                "causality_conditions": "",
                "efficacy_type": "13",
                "efficacy_values": "[90, 0, 0]",
                "exec_timing_type": "1",
                "sub_target_type_set_id": "0",
                "target_type": "2"
            },
            {
                "calc_option": "0",
                "causality_conditions": "",
                "efficacy_type": "0",
                "efficacy_values": "[0, 0, 0]",
                "exec_timing_type": "1",
                "sub_target_type_set_id": "0",
                "target_type": "2"
            },
            {
                "calc_option": "0",
                "causality_conditions": "",
                "efficacy_type": "0",
                "efficacy_values": "[0, 0, 0]",
                "exec_timing_type": "1",
                "sub_target_type_set_id": "0",
                "target_type": "2"
            },
            {
                "calc_option": "0",
                "causality_conditions": "",
                "efficacy_type": "0",
                "efficacy_values": "[0, 0, 0]",
                "exec_timing_type": "1",
                "sub_target_type_set_id": "0",
                "target_type": "2"
            },
            {
                "calc_option": "0",
                "causality_conditions": "",
                "efficacy_type": "0",
                "efficacy_values": "[0, 0, 0]",
                "exec_timing_type": "1",
                "sub_target_type_set_id": "0",
                "target_type": "2"
            }
        ]
    },
    "passive_skill": {
        "id": "89",
        "itemized_description": "*Basic effect(s)*\n- Medium chance of recovering 25% of damage dealt as HP",
        "name": "Energy Absorption",
        "skills": [
            {
                "calc_option": "2",
                "causality_conditions": "",
                "eff_value1": "25",
                "eff_value2": "0",
                "eff_value3": "0",
                "efficacy_type": "28",
                "efficacy_values": "{}",
                "exec_timing_type": "5",
                "is_once": "0",
                "passive_skill_effect_id": "",
                "probability": "30",
                "sub_target_type_set_id": "0",
                "target_type": "1",
                "turn": "1"
            }
        ]
    },
    "special_sets": {
        "24": [
            {
                "aim_target": "0",
                "causality_description": "",
                "description": "Causes huge damage to enemy",
                "increase_rate": "100",
                "is_inactive": "0",
                "lv_bonus": "10",
                "name": "Eye Beam"
            }
        ]
    },
    "specials": {
        "24": [
        ]
    }
}
