{
    "card": {
        "atk_init": "2970",
        "atk_max": "4046",
        "aura_id": "",
        "aura_offset_x": "",
        "aura_offset_y": "",
        "aura_scale": "",
        "awakening_element_type": "1",
        "awakening_number": "",
        "bg_effect_id": "",
        "card_unique_info_id": "3",
        "character_id": "206",
        "collectable_type": "1",
        "cost": "6",
        "def_init": "1904",
        "def_max": "2840",
        "eball_mod_max": "140",
        "eball_mod_max_num": "12",
        "eball_mod_mid": "0",
        "eball_mod_mid_num": "0",
        "eball_mod_min": "40",
        "eball_mod_num100": "6",
        "element": "14",
        "exp_type": "1",
        "face_x": "336",
        "face_y": "769",
        "grow_type": "20",
        "hp_init": "3337",
        "hp_max": "5231",
        "id": "1001751",
        "is_aura_front": "0",
        "is_selling_only": "0",
        "leader_skill_set_id": "100175",
        "link_skill1_id": "45",
        "link_skill2_id": "23",
        "link_skill3_id": "34",
        "link_skill4_id": "47",
        "link_skill5_id": "30",
        "link_skill6_id": "",
        "link_skill7_id": "",
        "lv_max": "60",
        "max_level_reward_id": "1",
        "max_level_reward_type": "1",
        "name": "Goku",
        "optimal_awakening_grow_type": "",
        "passive_skill_set_id": "174",
        "potential_board_id": "24",
        "price": "3253",
        "rarity": "2",
        "resource_id": "",
        "selling_exchange_point": "12",
        "skill_lv_max": "10",
        "special_motion": "1",
        "training_exp": "2875"
    },
    "card_specials": {
        "381": {
            "bonus_view_id1": "0",
            "bonus_view_id2": "0",
            "card_costume_condition_id": "0",
            "causality_conditions": "",
            "eball_num_start": "12",
            "lv_start": "0",
            "priority": "0",
            "special_asset_id": "",
            "special_bonus_id1": "0",
            "special_bonus_id2": "0",
            "special_bonus_lv1": "0",
            "special_bonus_lv2": "0",
            "special_set_id": "3",
            "style": "Normal",
            "view_id": "381"
        }
    },
    "categories": [
        {
            "id": "17"
        },
        {
            "id": "30"
        },
        {
            "id": "38"
        },
        {
            "id": "39"
        },
        {
            "id": "65"
        },
        {
            "id": "79"
        },
        {
            "id": "80"
        },
        {
            "id": "87"
        },
        {
            "id": "89"
        },
        {
            "id": "10117000"
        }
    ],
    "leader_skill": {
        "description": "PHY Type ATK + 15%",
        "id": "100175",
        "name": "Miraculous Return",
        "skills": [
            {
                "calc_option": "2",
                "causality_conditions": "",
                "efficacy_type": "16",
                "efficacy_values": "[4, 15, 0]",
                "exec_timing_type": "1",
                "sub_target_type_set_id": "0",
                "target_type": "2"
            },
            {
                "calc_option": "0",
                "causality_conditions": "",
                "efficacy_type": "0",
                "efficacy_values": "[0, 0, 0]",
                "exec_timing_type": "1",
                "sub_target_type_set_id": "0",
                "target_type": "2"
            },
            {
                "calc_option": "0",
                "causality_conditions": "",
                "efficacy_type": "0",
                "efficacy_values": "[0, 0, 0]",
                "exec_timing_type": "1",
                "sub_target_type_set_id": "0",
                "target_type": "2"
            },
            {
                "calc_option": "0",
                "causality_conditions": "",
                "efficacy_type": "0",
                "efficacy_values": "[0, 0, 0]",
                "exec_timing_type": "1",
                "sub_target_type_set_id": "0",
                "target_type": "2"
            },
            {
                "calc_option": "0",
                "causality_conditions": "",
                "efficacy_type": "0",
                "efficacy_values": "[0, 0, 0]",
                "exec_timing_type": "1",
                "sub_target_type_set_id": "0",
                "target_type": "2"
            }
        ]
    },
    "passive_skill": {
        "id": "174",
        "itemized_description": "*Basic effect(s)*\r\n- Rare chance of Ki +5",
        "name": "Instant Transmission",
        "skills": [
            {
                "calc_option": "0",
                "causality_conditions": "",
                "eff_value1": "5",
                "eff_value2": "0",
                "eff_value3": "0",
                "efficacy_type": "5",
                "efficacy_values": "{}",
                "exec_timing_type": "1",
                "is_once": "0",
                "passive_skill_effect_id": "",
                "probability": "7",
                "sub_target_type_set_id": "0",
                "target_type": "1",
                "turn": "1"
            }
        ]
    },
    "special_sets": {
        "3": [
            {
                "aim_target": "0",
                "causality_description": "",
                "description": "Causes huge damage to enemy",
                "increase_rate": "100",
                "is_inactive": "0",
                "lv_bonus": "10",
                "name": "Kamehameha"
            }
        ]
    },
    "specials": {
        "3": [
        ]
    }
}
