{
    "card": {
        "atk_init": "4192",
        "atk_max": "6098",
        "aura_id": "",
        "aura_offset_x": "",
        "aura_offset_y": "",
        "aura_scale": "",
        "awakening_element_type": "2",
        "awakening_number": "",
        "bg_effect_id": "",
        "card_unique_info_id": "62",
        "character_id": "72",
        "collectable_type": "1",
        "cost": "14",
        "def_init": "2975",
        "def_max": "3312",
        "eball_mod_max": "145",
        "eball_mod_max_num": "12",
        "eball_mod_mid": "0",
        "eball_mod_mid_num": "0",
        "eball_mod_min": "40",
        "eball_mod_num100": "4",
        "element": "21",
        "exp_type": "5",
        "face_x": "336",
        "face_y": "769",
        "grow_type": "30",
        "hp_init": "6287",
        "hp_max": "6780",
        "id": "1001601",
        "is_aura_front": "0",
        "is_selling_only": "0",
        "leader_skill_set_id": "100160",
        "link_skill1_id": "18",
        "link_skill2_id": "26",
        "link_skill3_id": "59",
        "link_skill4_id": "60",
        "link_skill5_id": "85",
        "link_skill6_id": "",
        "link_skill7_id": "",
        "lv_max": "80",
        "max_level_reward_id": "1",
        "max_level_reward_type": "1",
        "name": "Frieza (3rd Form)",
        "optimal_awakening_grow_type": "",
        "passive_skill_set_id": "155",
        "potential_board_id": "",
        "price": "12818",
        "rarity": "3",
        "resource_id": "",
        "selling_exchange_point": "600",
        "skill_lv_max": "10",
        "special_motion": "1",
        "training_exp": "4256"
    },
    "card_specials": {
        "343": {
            "bonus_view_id1": "0",
            "bonus_view_id2": "0",
            "card_costume_condition_id": "0",
            "causality_conditions": "",
            "eball_num_start": "12",
            "lv_start": "0",
            "priority": "0",
            "special_asset_id": "",
            "special_bonus_id1": "0",
            "special_bonus_id2": "0",
            "special_bonus_lv1": "0",
            "special_bonus_lv2": "0",
            "special_set_id": "73",
            "style": "Normal",
            "view_id": "343"
        }
    },
    "categories": [
        {
            "id": "14"
        },
        {
            "id": "23"
        },
        {
            "id": "24"
        },
        {
            "id": "41"
        },
        {
            "id": "50"
        },
        {
            "id": "62"
        },
        {
            "id": "68"
        },
        {
            "id": "69"
        },
        {
            "id": "78"
        },
        {
            "id": "96"
        }
    ],
    "leader_skill": {
        "description": "TEQ & STR Types ATK +25%",
        "id": "100160",
        "name": "Savage Speed",
        "skills": [
            {
                "calc_option": "2",
                "causality_conditions": "",
                "efficacy_type": "16",
                "efficacy_values": "[1, 25, 0]",
                "exec_timing_type": "1",
                "sub_target_type_set_id": "0",
                "target_type": "2"
            },
            {
                "calc_option": "2",
                "causality_conditions": "",
                "efficacy_type": "16",
                "efficacy_values": "[3, 25, 0]",
                "exec_timing_type": "1",
                "sub_target_type_set_id": "0",
                "target_type": "2"
            },
            {
                "calc_option": "0",
                "causality_conditions": "",
                "efficacy_type": "0",
                "efficacy_values": "[0, 0, 0]",
                "exec_timing_type": "1",
                "sub_target_type_set_id": "0",
                "target_type": "2"
            },
            {
                "calc_option": "0",
                "causality_conditions": "",
                "efficacy_type": "0",
                "efficacy_values": "[0, 0, 0]",
                "exec_timing_type": "1",
                "sub_target_type_set_id": "0",
                "target_type": "2"
            },
            {
                "calc_option": "0",
                "causality_conditions": "",
                "efficacy_type": "0",
                "efficacy_values": "[0, 0, 0]",
                "exec_timing_type": "1",
                "sub_target_type_set_id": "0",
                "target_type": "2"
            }
        ]
    },
    "passive_skill": {
        "id": "155",
        "itemized_description": "*Basic effect(s)*\n- TEQ & STR Type allies' Ki +1",
        "name": "Stunning Speed",
        "skills": [
            {
                "calc_option": "0",
                "causality_conditions": "",
                "eff_value1": "1",
                "eff_value2": "1",
                "eff_value3": "0",
                "efficacy_type": "20",
                "efficacy_values": "{}",
                "exec_timing_type": "1",
                "is_once": "0",
                "passive_skill_effect_id": "",
                "probability": "100",
                "sub_target_type_set_id": "0",
                "target_type": "2",
                "turn": "1"
            },
            {
                "calc_option": "0",
                "causality_conditions": "",
                "eff_value1": "3",
                "eff_value2": "1",
                "eff_value3": "0",
                "efficacy_type": "20",
                "efficacy_values": "{}",
                "exec_timing_type": "1",
                "is_once": "0",
                "passive_skill_effect_id": "",
                "probability": "100",
                "sub_target_type_set_id": "0",
                "target_type": "2",
                "turn": "1"
            }
        ]
    },
    "special_sets": {
        "73": [
            {
                "aim_target": "0",
                "causality_description": "",
                "description": "Causes huge damage to enemy \nand lowers ATK",
                "increase_rate": "100",
                "is_inactive": "0",
                "lv_bonus": "10",
                "name": "Crazy Finger Beam"
            }
        ]
    },
    "specials": {
        "73": [
            {
                "calc_option": "3",
                "causality_conditions": "",
                "eff_value1": "10",
                "eff_value2": "0",
                "eff_value3": "0",
                "efficacy_type": "1",
                "prob": "100",
                "target_type": "3",
                "turn": "3",
                "type": "Special::NormalEfficacySpecial"
            }
        ]
    }
}
