{
    "card": {
        "atk_init": "1240",
        "atk_max": "4132",
        "aura_id": "",
        "aura_offset_x": "",
        "aura_offset_y": "",
        "aura_scale": "",
        "awakening_element_type": "1",
        "awakening_number": "",
        "bg_effect_id": "",
        "card_unique_info_id": "11",
        "character_id": "11",
        "collectable_type": "1",
        "cost": "8",
        "def_init": "985",
        "def_max": "3284",
        "eball_mod_max": "130",
        "eball_mod_max_num": "12",
        "eball_mod_mid": "0",
        "eball_mod_mid_num": "0",
        "eball_mod_min": "35",
        "eball_mod_num100": "6",
        "element": "4",
        "exp_type": "4",
        "face_x": "336",
        "face_y": "769",
        "grow_type": "23",
        "hp_init": "1590",
        "hp_max": "5300",
        "id": "1001450",
        "is_aura_front": "0",
        "is_selling_only": "0",
        "leader_skill_set_id": "100145",
        "link_skill1_id": "45",
        "link_skill2_id": "24",
        "link_skill3_id": "5",
        "link_skill4_id": "46",
        "link_skill5_id": "37",
        "link_skill6_id": "",
        "link_skill7_id": "",
        "lv_max": "60",
        "max_level_reward_id": "1",
        "max_level_reward_type": "1",
        "name": "Tien",
        "optimal_awakening_grow_type": "",
        "passive_skill_set_id": "286",
        "potential_board_id": "",
        "price": "1376",
        "rarity": "2",
        "resource_id": "",
        "selling_exchange_point": "500",
        "skill_lv_max": "10",
        "special_motion": "2",
        "training_exp": "1526"
    },
    "card_specials": {
        "623": {
            "bonus_view_id1": "0",
            "bonus_view_id2": "0",
            "card_costume_condition_id": "0",
            "causality_conditions": "",
            "eball_num_start": "12",
            "lv_start": "0",
            "priority": "0",
            "special_asset_id": "",
            "special_bonus_id1": "0",
            "special_bonus_id2": "0",
            "special_bonus_lv1": "0",
            "special_bonus_lv2": "0",
            "special_set_id": "15",
            "style": "Normal",
            "view_id": "623"
        }
    },
    "categories": [
        {
            "id": "37"
        },
        {
            "id": "51"
        },
        {
            "id": "79"
        },
        {
            "id": "89"
        }
    ],
    "leader_skill": {
        "description": "PHY Type ATK +40%",
        "id": "100145",
        "name": "Proud till the Last",
        "skills": [
            {
                "calc_option": "2",
                "causality_conditions": "",
                "efficacy_type": "16",
                "efficacy_values": "[4, 40, 0]",
                "exec_timing_type": "1",
                "sub_target_type_set_id": "0",
                "target_type": "2"
            },
            {
                "calc_option": "0",
                "causality_conditions": "",
                "efficacy_type": "0",
                "efficacy_values": "[0, 0, 0]",
                "exec_timing_type": "1",
                "sub_target_type_set_id": "0",
                "target_type": "2"
            },
            {
                "calc_option": "0",
                "causality_conditions": "",
                "efficacy_type": "0",
                "efficacy_values": "[0, 0, 0]",
                "exec_timing_type": "1",
                "sub_target_type_set_id": "0",
                "target_type": "2"
            },
            {
                "calc_option": "0",
                "causality_conditions": "",
                "efficacy_type": "0",
                "efficacy_values": "[0, 0, 0]",
                "exec_timing_type": "1",
                "sub_target_type_set_id": "0",
                "target_type": "2"
            },
            {
                "calc_option": "0",
                "causality_conditions": "",
                "efficacy_type": "0",
                "efficacy_values": "[0, 0, 0]",
                "exec_timing_type": "1",
                "sub_target_type_set_id": "0",
                "target_type": "2"
            }
        ]
    },
    "passive_skill": {
        "id": "286",
        "itemized_description": "*When HP is 80% or less*\r\n- ATK & DEF 30%{passiveImg:up_g}",
        "name": "Martial Mentality",
        "skills": [
            {
                "calc_option": "2",
                "causality_conditions": "{\"source\": \"42\", \"compiled\": 42}",
                "eff_value1": "30",
                "eff_value2": "30",
                "eff_value3": "0",
                "efficacy_type": "3",
                "efficacy_values": "{}",
                "exec_timing_type": "1",
                "is_once": "0",
                "passive_skill_effect_id": "",
                "probability": "100",
                "sub_target_type_set_id": "0",
                "target_type": "1",
                "turn": "1"
            }
        ]
    },
    "special_sets": {
        "15": [
            {
                "aim_target": "0",
                "causality_description": "",
                "description": "Causes huge damage to enemy",
                "increase_rate": "100",
                "is_inactive": "0",
                "lv_bonus": "10",
                "name": "Dodon Ray"
            }
        ]
    },
    "specials": {
        "15": [
        ]
    }
}
