{
    "card": {
        "atk_init": "1247",
        "atk_max": "4158",
        "aura_id": "",
        "aura_offset_x": "",
        "aura_offset_y": "",
        "aura_scale": "",
        "awakening_element_type": "2",
        "awakening_number": "",
        "bg_effect_id": "",
        "card_unique_info_id": "234",
        "character_id": "73",
        "collectable_type": "1",
        "cost": "8",
        "def_init": "877",
        "def_max": "2923",
        "eball_mod_max": "130",
        "eball_mod_max_num": "12",
        "eball_mod_mid": "0",
        "eball_mod_mid_num": "0",
        "eball_mod_min": "40",
        "eball_mod_num100": "4",
        "element": "0",
        "exp_type": "4",
        "face_x": "336",
        "face_y": "769",
        "grow_type": "23",
        "hp_init": "1836",
        "hp_max": "6121",
        "id": "1001530",
        "is_aura_front": "0",
        "is_selling_only": "0",
        "leader_skill_set_id": "100153",
        "link_skill1_id": "28",
        "link_skill2_id": "51",
        "link_skill3_id": "49",
        "link_skill4_id": "39",
        "link_skill5_id": "119",
        "link_skill6_id": "",
        "link_skill7_id": "",
        "lv_max": "60",
        "max_level_reward_id": "1",
        "max_level_reward_type": "1",
        "name": "Super Zarbon",
        "optimal_awakening_grow_type": "",
        "passive_skill_set_id": "491",
        "potential_board_id": "",
        "price": "3386",
        "rarity": "2",
        "resource_id": "",
        "selling_exchange_point": "500",
        "skill_lv_max": "10",
        "special_motion": "1",
        "training_exp": "2765"
    },
    "card_specials": {
        "1045": {
            "bonus_view_id1": "0",
            "bonus_view_id2": "0",
            "card_costume_condition_id": "0",
            "causality_conditions": "",
            "eball_num_start": "12",
            "lv_start": "0",
            "priority": "0",
            "special_asset_id": "",
            "special_bonus_id1": "0",
            "special_bonus_id2": "0",
            "special_bonus_lv1": "0",
            "special_bonus_lv2": "0",
            "special_set_id": "296",
            "style": "Normal",
            "view_id": "1045"
        }
    },
    "categories": [
        {
            "id": "14"
        },
        {
            "id": "23"
        },
        {
            "id": "25"
        },
        {
            "id": "41"
        },
        {
            "id": "46"
        },
        {
            "id": "62"
        },
        {
            "id": "97"
        }
    ],
    "leader_skill": {
        "description": "STR Type enemy ATK - 25%",
        "id": "100153",
        "name": "Warrior of Beauty's Trump",
        "skills": [
            {
                "calc_option": "3",
                "causality_conditions": "",
                "efficacy_type": "16",
                "efficacy_values": "[3, 25, 0]",
                "exec_timing_type": "1",
                "sub_target_type_set_id": "0",
                "target_type": "4"
            },
            {
                "calc_option": "0",
                "causality_conditions": "",
                "efficacy_type": "0",
                "efficacy_values": "[0, 0, 0]",
                "exec_timing_type": "1",
                "sub_target_type_set_id": "0",
                "target_type": "4"
            },
            {
                "calc_option": "0",
                "causality_conditions": "",
                "efficacy_type": "0",
                "efficacy_values": "[0, 0, 0]",
                "exec_timing_type": "1",
                "sub_target_type_set_id": "0",
                "target_type": "4"
            },
            {
                "calc_option": "0",
                "causality_conditions": "",
                "efficacy_type": "0",
                "efficacy_values": "[0, 0, 0]",
                "exec_timing_type": "1",
                "sub_target_type_set_id": "0",
                "target_type": "4"
            },
            {
                "calc_option": "0",
                "causality_conditions": "",
                "efficacy_type": "0",
                "efficacy_values": "[0, 0, 0]",
                "exec_timing_type": "1",
                "sub_target_type_set_id": "0",
                "target_type": "4"
            }
        ]
    },
    "passive_skill": {
        "id": "491",
        "itemized_description": "*When attacking*\n- ATK 30%{passiveImg:up_g}",
        "name": "Shocking Mutation",
        "skills": [
            {
                "calc_option": "2",
                "causality_conditions": "",
                "eff_value1": "30",
                "eff_value2": "0",
                "eff_value3": "0",
                "efficacy_type": "1",
                "efficacy_values": "{}",
                "exec_timing_type": "4",
                "is_once": "0",
                "passive_skill_effect_id": "",
                "probability": "100",
                "sub_target_type_set_id": "0",
                "target_type": "1",
                "turn": "1"
            }
        ]
    },
    "special_sets": {
        "296": [
            {
                "aim_target": "0",
                "causality_description": "",
                "description": "Causes huge damage to enemy",
                "increase_rate": "100",
                "is_inactive": "0",
                "lv_bonus": "10",
                "name": "Elegant Blaster"
            }
        ]
    },
    "specials": {
        "296": [
        ]
    }
}
