{
    "card": {
        "atk_init": "2033",
        "atk_max": "6756",
        "aura_id": "",
        "aura_offset_x": "",
        "aura_offset_y": "",
        "aura_scale": "",
        "awakening_element_type": "1",
        "awakening_number": "",
        "bg_effect_id": "",
        "card_unique_info_id": "66",
        "character_id": "66",
        "collectable_type": "1",
        "cost": "16",
        "def_init": "1083",
        "def_max": "3536",
        "eball_mod_max": "125",
        "eball_mod_max_num": "12",
        "eball_mod_mid": "0",
        "eball_mod_mid_num": "0",
        "eball_mod_min": "35",
        "eball_mod_num100": "3",
        "element": "0",
        "exp_type": "5",
        "face_x": "336",
        "face_y": "769",
        "grow_type": "33",
        "hp_init": "2238",
        "hp_max": "7512",
        "id": "1001480",
        "is_aura_front": "0",
        "is_selling_only": "0",
        "leader_skill_set_id": "100148",
        "link_skill1_id": "9",
        "link_skill2_id": "22",
        "link_skill3_id": "29",
        "link_skill4_id": "47",
        "link_skill5_id": "61",
        "link_skill6_id": "",
        "link_skill7_id": "",
        "lv_max": "80",
        "max_level_reward_id": "1",
        "max_level_reward_type": "1",
        "name": "Super Saiyan 2 Goku",
        "optimal_awakening_grow_type": "",
        "passive_skill_set_id": "163",
        "potential_board_id": "",
        "price": "13825",
        "rarity": "3",
        "resource_id": "",
        "selling_exchange_point": "10000",
        "skill_lv_max": "10",
        "special_motion": "1",
        "training_exp": "4320"
    },
    "card_specials": {
        "358": {
            "bonus_view_id1": "0",
            "bonus_view_id2": "0",
            "card_costume_condition_id": "0",
            "causality_conditions": "",
            "eball_num_start": "12",
            "lv_start": "0",
            "priority": "0",
            "special_asset_id": "",
            "special_bonus_id1": "0",
            "special_bonus_id2": "0",
            "special_bonus_lv1": "0",
            "special_bonus_lv2": "0",
            "special_set_id": "77",
            "style": "Normal",
            "view_id": "358"
        }
    },
    "categories": [
        {
            "id": "9"
        },
        {
            "id": "17"
        },
        {
            "id": "30"
        },
        {
            "id": "39"
        },
        {
            "id": "45"
        },
        {
            "id": "65"
        },
        {
            "id": "76"
        },
        {
            "id": "79"
        },
        {
            "id": "80"
        },
        {
            "id": "84"
        },
        {
            "id": "87"
        },
        {
            "id": "89"
        }
    ],
    "leader_skill": {
        "description": "AGL, TEQ and STR Type ATK +30%",
        "id": "100148",
        "name": "The Fruits of Training",
        "skills": [
            {
                "calc_option": "2",
                "causality_conditions": "",
                "efficacy_type": "16",
                "efficacy_values": "[0, 30, 0]",
                "exec_timing_type": "1",
                "sub_target_type_set_id": "0",
                "target_type": "2"
            },
            {
                "calc_option": "2",
                "causality_conditions": "",
                "efficacy_type": "16",
                "efficacy_values": "[1, 30, 0]",
                "exec_timing_type": "1",
                "sub_target_type_set_id": "0",
                "target_type": "2"
            },
            {
                "calc_option": "2",
                "causality_conditions": "",
                "efficacy_type": "16",
                "efficacy_values": "[3, 30, 0]",
                "exec_timing_type": "1",
                "sub_target_type_set_id": "0",
                "target_type": "2"
            },
            {
                "calc_option": "0",
                "causality_conditions": "",
                "efficacy_type": "0",
                "efficacy_values": "[0, 0, 0]",
                "exec_timing_type": "1",
                "sub_target_type_set_id": "0",
                "target_type": "2"
            },
            {
                "calc_option": "0",
                "causality_conditions": "",
                "efficacy_type": "0",
                "efficacy_values": "[0, 0, 0]",
                "exec_timing_type": "1",
                "sub_target_type_set_id": "0",
                "target_type": "2"
            }
        ]
    },
    "passive_skill": {
        "id": "163",
        "itemized_description": "*When HP is 99% or less*\n- Ki +3",
        "name": "Supersonic",
        "skills": [
            {
                "calc_option": "0",
                "causality_conditions": "{\"source\": \"43\", \"compiled\": 43}",
                "eff_value1": "3",
                "eff_value2": "0",
                "eff_value3": "0",
                "efficacy_type": "5",
                "efficacy_values": "{}",
                "exec_timing_type": "1",
                "is_once": "0",
                "passive_skill_effect_id": "",
                "probability": "100",
                "sub_target_type_set_id": "0",
                "target_type": "1",
                "turn": "1"
            }
        ]
    },
    "special_sets": {
        "77": [
            {
                "aim_target": "0",
                "causality_description": "",
                "description": "Causes supreme damage to enemy",
                "increase_rate": "150",
                "is_inactive": "0",
                "lv_bonus": "20",
                "name": "Kamehameha"
            }
        ]
    },
    "specials": {
        "77": [
        ]
    }
}
