{
    "card": {
        "atk_init": "1931",
        "atk_max": "6436",
        "aura_id": "",
        "aura_offset_x": "",
        "aura_offset_y": "",
        "aura_scale": "",
        "awakening_element_type": "2",
        "awakening_number": "",
        "bg_effect_id": "",
        "card_unique_info_id": "116",
        "character_id": "230",
        "collectable_type": "1",
        "cost": "17",
        "def_init": "1179",
        "def_max": "3929",
        "eball_mod_max": "133",
        "eball_mod_max_num": "12",
        "eball_mod_mid": "0",
        "eball_mod_mid_num": "0",
        "eball_mod_min": "40",
        "eball_mod_num100": "5",
        "element": "3",
        "exp_type": "5",
        "face_x": "336",
        "face_y": "769",
        "grow_type": "33",
        "hp_init": "1613",
        "hp_max": "5375",
        "id": "1001950",
        "is_aura_front": "0",
        "is_selling_only": "0",
        "leader_skill_set_id": "100195",
        "link_skill1_id": "83",
        "link_skill2_id": "49",
        "link_skill3_id": "18",
        "link_skill4_id": "47",
        "link_skill5_id": "96",
        "link_skill6_id": "119",
        "link_skill7_id": "1004",
        "lv_max": "80",
        "max_level_reward_id": "1",
        "max_level_reward_type": "1",
        "name": "Majin Buu (Pure Evil)",
        "optimal_awakening_grow_type": "",
        "passive_skill_set_id": "231",
        "potential_board_id": "",
        "price": "13825",
        "rarity": "3",
        "resource_id": "",
        "selling_exchange_point": "10000",
        "skill_lv_max": "10",
        "special_motion": "1",
        "training_exp": "4320"
    },
    "card_specials": {
        "494": {
            "bonus_view_id1": "0",
            "bonus_view_id2": "0",
            "card_costume_condition_id": "0",
            "causality_conditions": "",
            "eball_num_start": "12",
            "lv_start": "0",
            "priority": "0",
            "special_asset_id": "",
            "special_bonus_id1": "0",
            "special_bonus_id2": "0",
            "special_bonus_lv1": "0",
            "special_bonus_lv2": "0",
            "special_set_id": "124",
            "style": "Normal",
            "view_id": "494"
        }
    },
    "categories": [
        {
            "id": "9"
        },
        {
            "id": "23"
        },
        {
            "id": "32"
        },
        {
            "id": "39"
        },
        {
            "id": "53"
        },
        {
            "id": "59"
        },
        {
            "id": "78"
        },
        {
            "id": "82"
        },
        {
            "id": "94"
        },
        {
            "id": "93"
        }
    ],
    "leader_skill": {
        "description": "TEQ, INT & STR Type ATK +30%",
        "id": "100195",
        "name": "Evil Incarnate",
        "skills": [
            {
                "calc_option": "2",
                "causality_conditions": "",
                "efficacy_type": "16",
                "efficacy_values": "[1, 30, 0]",
                "exec_timing_type": "1",
                "sub_target_type_set_id": "0",
                "target_type": "2"
            },
            {
                "calc_option": "2",
                "causality_conditions": "",
                "efficacy_type": "16",
                "efficacy_values": "[2, 30, 0]",
                "exec_timing_type": "1",
                "sub_target_type_set_id": "0",
                "target_type": "2"
            },
            {
                "calc_option": "2",
                "causality_conditions": "",
                "efficacy_type": "16",
                "efficacy_values": "[3, 30, 0]",
                "exec_timing_type": "1",
                "sub_target_type_set_id": "0",
                "target_type": "2"
            },
            {
                "calc_option": "0",
                "causality_conditions": "",
                "efficacy_type": "0",
                "efficacy_values": "[0, 0, 0]",
                "exec_timing_type": "1",
                "sub_target_type_set_id": "0",
                "target_type": "2"
            },
            {
                "calc_option": "0",
                "causality_conditions": "",
                "efficacy_type": "0",
                "efficacy_values": "[0, 0, 0]",
                "exec_timing_type": "1",
                "sub_target_type_set_id": "0",
                "target_type": "2"
            }
        ]
    },
    "passive_skill": {
        "id": "231",
        "itemized_description": "*When HP is 99% or less*\n- ATK 2500{passiveImg:up_g}",
        "name": "Evil Mindset",
        "skills": [
            {
                "calc_option": "0",
                "causality_conditions": "{\"source\": \"43\", \"compiled\": 43}",
                "eff_value1": "2500",
                "eff_value2": "0",
                "eff_value3": "0",
                "efficacy_type": "1",
                "efficacy_values": "{}",
                "exec_timing_type": "1",
                "is_once": "0",
                "passive_skill_effect_id": "",
                "probability": "100",
                "sub_target_type_set_id": "0",
                "target_type": "1",
                "turn": "1"
            }
        ]
    },
    "special_sets": {
        "124": [
            {
                "aim_target": "0",
                "causality_description": "",
                "description": "Causes supreme damage to enemy",
                "increase_rate": "150",
                "is_inactive": "0",
                "lv_bonus": "20",
                "name": "Super Kamehameha"
            }
        ]
    },
    "specials": {
        "124": [
        ]
    }
}
