{
    "card": {
        "atk_init": "735",
        "atk_max": "2450",
        "aura_id": "",
        "aura_offset_x": "",
        "aura_offset_y": "",
        "aura_scale": "",
        "awakening_element_type": "1",
        "awakening_number": "",
        "bg_effect_id": "",
        "card_unique_info_id": "71",
        "character_id": "79",
        "collectable_type": "1",
        "cost": "6",
        "def_init": "643",
        "def_max": "2143",
        "eball_mod_max": "130",
        "eball_mod_max_num": "12",
        "eball_mod_mid": "0",
        "eball_mod_mid_num": "0",
        "eball_mod_min": "40",
        "eball_mod_num100": "5",
        "element": "4",
        "exp_type": "1",
        "face_x": "336",
        "face_y": "769",
        "grow_type": "13",
        "hp_init": "977",
        "hp_max": "3258",
        "id": "1001560",
        "is_aura_front": "0",
        "is_selling_only": "0",
        "leader_skill_set_id": "100156",
        "link_skill1_id": "22",
        "link_skill2_id": "62",
        "link_skill3_id": "63",
        "link_skill4_id": "52",
        "link_skill5_id": "",
        "link_skill6_id": "",
        "link_skill7_id": "",
        "lv_max": "40",
        "max_level_reward_id": "1",
        "max_level_reward_type": "1",
        "name": "Shugesh",
        "optimal_awakening_grow_type": "",
        "passive_skill_set_id": "168",
        "potential_board_id": "",
        "price": "1349",
        "rarity": "1",
        "resource_id": "",
        "selling_exchange_point": "50",
        "skill_lv_max": "10",
        "special_motion": "1",
        "training_exp": "1481"
    },
    "card_specials": {
        "368": {
            "bonus_view_id1": "0",
            "bonus_view_id2": "0",
            "card_costume_condition_id": "0",
            "causality_conditions": "",
            "eball_num_start": "12",
            "lv_start": "0",
            "priority": "0",
            "special_asset_id": "",
            "special_bonus_id1": "0",
            "special_bonus_id2": "0",
            "special_bonus_lv1": "0",
            "special_bonus_lv2": "0",
            "special_set_id": "83",
            "style": "Normal",
            "view_id": "368"
        }
    },
    "categories": [
        {
            "id": "11"
        },
        {
            "id": "17"
        },
        {
            "id": "49"
        },
        {
            "id": "62"
        },
        {
            "id": "71"
        },
        {
            "id": "97"
        }
    ],
    "leader_skill": {
        "description": "Damage received reduced by 10%",
        "id": "100156",
        "name": "Warrior of Ferocity",
        "skills": [
            {
                "calc_option": "3",
                "causality_conditions": "",
                "efficacy_type": "13",
                "efficacy_values": "[90, 0, 0]",
                "exec_timing_type": "1",
                "sub_target_type_set_id": "0",
                "target_type": "2"
            },
            {
                "calc_option": "0",
                "causality_conditions": "",
                "efficacy_type": "0",
                "efficacy_values": "[0, 0, 0]",
                "exec_timing_type": "1",
                "sub_target_type_set_id": "0",
                "target_type": "2"
            },
            {
                "calc_option": "0",
                "causality_conditions": "",
                "efficacy_type": "0",
                "efficacy_values": "[0, 0, 0]",
                "exec_timing_type": "1",
                "sub_target_type_set_id": "0",
                "target_type": "2"
            },
            {
                "calc_option": "0",
                "causality_conditions": "",
                "efficacy_type": "0",
                "efficacy_values": "[0, 0, 0]",
                "exec_timing_type": "1",
                "sub_target_type_set_id": "0",
                "target_type": "2"
            },
            {
                "calc_option": "0",
                "causality_conditions": "",
                "efficacy_type": "0",
                "efficacy_values": "[0, 0, 0]",
                "exec_timing_type": "1",
                "sub_target_type_set_id": "0",
                "target_type": "2"
            }
        ]
    },
    "passive_skill": {
        "id": "168",
        "itemized_description": "*When HP is 50% or more*\n- DEF 2000{passiveImg:up_g}",
        "name": "Brick Wall",
        "skills": [
            {
                "calc_option": "0",
                "causality_conditions": "{\"source\": \"21\", \"compiled\": 21}",
                "eff_value1": "2000",
                "eff_value2": "0",
                "eff_value3": "0",
                "efficacy_type": "2",
                "efficacy_values": "{}",
                "exec_timing_type": "1",
                "is_once": "0",
                "passive_skill_effect_id": "",
                "probability": "100",
                "sub_target_type_set_id": "0",
                "target_type": "1",
                "turn": "1"
            }
        ]
    },
    "special_sets": {
        "83": [
            {
                "aim_target": "0",
                "causality_description": "",
                "description": "Causes huge damage to enemy",
                "increase_rate": "100",
                "is_inactive": "0",
                "lv_bonus": "10",
                "name": "Massive Catapult"
            }
        ]
    },
    "specials": {
        "83": [
        ]
    }
}
