{
    "card": {
        "atk_init": "5989",
        "atk_max": "7184",
        "aura_id": "",
        "aura_offset_x": "",
        "aura_offset_y": "",
        "aura_scale": "",
        "awakening_element_type": "2",
        "awakening_number": "",
        "bg_effect_id": "",
        "card_unique_info_id": "115",
        "character_id": "228",
        "collectable_type": "1",
        "cost": "25",
        "def_init": "3106",
        "def_max": "3683",
        "eball_mod_max": "140",
        "eball_mod_max_num": "12",
        "eball_mod_mid": "0",
        "eball_mod_mid_num": "0",
        "eball_mod_min": "40",
        "eball_mod_num100": "5",
        "element": "21",
        "exp_type": "5",
        "face_x": "336",
        "face_y": "769",
        "grow_type": "40",
        "hp_init": "6691",
        "hp_max": "8074",
        "id": "1001931",
        "is_aura_front": "0",
        "is_selling_only": "0",
        "leader_skill_set_id": "100193",
        "link_skill1_id": "77",
        "link_skill2_id": "29",
        "link_skill3_id": "22",
        "link_skill4_id": "63",
        "link_skill5_id": "89",
        "link_skill6_id": "1003",
        "link_skill7_id": "",
        "lv_max": "100",
        "max_level_reward_id": "1",
        "max_level_reward_type": "1",
        "name": "Majin Vegeta",
        "optimal_awakening_grow_type": "",
        "passive_skill_set_id": "230",
        "potential_board_id": "121",
        "price": "29466",
        "rarity": "4",
        "resource_id": "",
        "selling_exchange_point": "15000",
        "skill_lv_max": "10",
        "special_motion": "1",
        "training_exp": "6045"
    },
    "card_specials": {
        "493": {
            "bonus_view_id1": "0",
            "bonus_view_id2": "0",
            "card_costume_condition_id": "0",
            "causality_conditions": "",
            "eball_num_start": "12",
            "lv_start": "0",
            "priority": "0",
            "special_asset_id": "",
            "special_bonus_id1": "0",
            "special_bonus_id2": "0",
            "special_bonus_lv1": "0",
            "special_bonus_lv2": "0",
            "special_set_id": "123",
            "style": "Normal",
            "view_id": "493"
        }
    },
    "categories": [
        {
            "id": "7"
        },
        {
            "id": "9"
        },
        {
            "id": "17"
        },
        {
            "id": "31"
        },
        {
            "id": "37"
        },
        {
            "id": "45"
        },
        {
            "id": "64"
        },
        {
            "id": "68"
        },
        {
            "id": "84"
        },
        {
            "id": "87"
        },
        {
            "id": "94"
        }
    ],
    "leader_skill": {
        "description": "AGL, TEQ & STR Types HP & ATK +20%",
        "id": "100193",
        "name": "A Warrior Obsessed",
        "skills": [
            {
                "calc_option": "2",
                "causality_conditions": "",
                "efficacy_type": "44",
                "efficacy_values": "[0, 20, 20]",
                "exec_timing_type": "1",
                "sub_target_type_set_id": "0",
                "target_type": "2"
            },
            {
                "calc_option": "2",
                "causality_conditions": "",
                "efficacy_type": "44",
                "efficacy_values": "[1, 20, 20]",
                "exec_timing_type": "1",
                "sub_target_type_set_id": "0",
                "target_type": "2"
            },
            {
                "calc_option": "2",
                "causality_conditions": "",
                "efficacy_type": "44",
                "efficacy_values": "[3, 20, 20]",
                "exec_timing_type": "1",
                "sub_target_type_set_id": "0",
                "target_type": "2"
            },
            {
                "calc_option": "0",
                "causality_conditions": "",
                "efficacy_type": "0",
                "efficacy_values": "[0, 0, 0]",
                "exec_timing_type": "1",
                "sub_target_type_set_id": "0",
                "target_type": "2"
            },
            {
                "calc_option": "0",
                "causality_conditions": "",
                "efficacy_type": "0",
                "efficacy_values": "[0, 0, 0]",
                "exec_timing_type": "1",
                "sub_target_type_set_id": "0",
                "target_type": "2"
            }
        ]
    },
    "passive_skill": {
        "id": "230",
        "itemized_description": "*Basic effect(s)*\n- ATK 35%{passiveImg:up_g}",
        "name": "Unshackled Power",
        "skills": [
            {
                "calc_option": "2",
                "causality_conditions": "",
                "eff_value1": "35",
                "eff_value2": "0",
                "eff_value3": "0",
                "efficacy_type": "1",
                "efficacy_values": "{}",
                "exec_timing_type": "1",
                "is_once": "0",
                "passive_skill_effect_id": "",
                "probability": "100",
                "sub_target_type_set_id": "0",
                "target_type": "1",
                "turn": "1"
            }
        ]
    },
    "special_sets": {
        "123": [
            {
                "aim_target": "0",
                "causality_description": "",
                "description": "Causes extreme damage to enemy",
                "increase_rate": "120",
                "is_inactive": "0",
                "lv_bonus": "15",
                "name": "Big Bang Attack"
            }
        ]
    },
    "specials": {
        "123": [
        ]
    }
}
