{
    "card": {
        "atk_init": "2520",
        "atk_max": "3465",
        "aura_id": "",
        "aura_offset_x": "",
        "aura_offset_y": "",
        "aura_scale": "",
        "awakening_element_type": "2",
        "awakening_number": "",
        "bg_effect_id": "",
        "card_unique_info_id": "19",
        "character_id": "19",
        "collectable_type": "1",
        "cost": "6",
        "def_init": "2892",
        "def_max": "3555",
        "eball_mod_max": "123",
        "eball_mod_max_num": "12",
        "eball_mod_mid": "0",
        "eball_mod_mid_num": "0",
        "eball_mod_min": "50",
        "eball_mod_num100": "5",
        "element": "22",
        "exp_type": "2",
        "face_x": "432",
        "face_y": "598",
        "grow_type": "20",
        "hp_init": "3917",
        "hp_max": "5312",
        "id": "1001241",
        "is_aura_front": "0",
        "is_selling_only": "0",
        "leader_skill_set_id": "100124",
        "link_skill1_id": "35",
        "link_skill2_id": "55",
        "link_skill3_id": "12",
        "link_skill4_id": "86",
        "link_skill5_id": "114",
        "link_skill6_id": "81",
        "link_skill7_id": "",
        "lv_max": "60",
        "max_level_reward_id": "1",
        "max_level_reward_type": "1",
        "name": "Dr. Gero",
        "optimal_awakening_grow_type": "",
        "passive_skill_set_id": "90",
        "potential_board_id": "",
        "price": "3239",
        "rarity": "2",
        "resource_id": "",
        "selling_exchange_point": "60",
        "skill_lv_max": "10",
        "special_motion": "1",
        "training_exp": "2765"
    },
    "card_specials": {
        "278": {
            "bonus_view_id1": "0",
            "bonus_view_id2": "0",
            "card_costume_condition_id": "0",
            "causality_conditions": "",
            "eball_num_start": "12",
            "lv_start": "0",
            "priority": "0",
            "special_asset_id": "",
            "special_bonus_id1": "0",
            "special_bonus_id2": "0",
            "special_bonus_lv1": "0",
            "special_bonus_lv2": "0",
            "special_set_id": "25",
            "style": "Normal",
            "view_id": "278"
        }
    },
    "categories": [
        {
            "id": "21"
        },
        {
            "id": "38"
        },
        {
            "id": "41"
        },
        {
            "id": "43"
        },
        {
            "id": "48"
        },
        {
            "id": "58"
        },
        {
            "id": "59"
        }
    ],
    "leader_skill": {
        "description": "INT Type ATK + 15%",
        "id": "100124",
        "name": "Precise Action",
        "skills": [
            {
                "calc_option": "2",
                "causality_conditions": "",
                "efficacy_type": "16",
                "efficacy_values": "[2, 15, 0]",
                "exec_timing_type": "1",
                "sub_target_type_set_id": "0",
                "target_type": "2"
            },
            {
                "calc_option": "0",
                "causality_conditions": "",
                "efficacy_type": "0",
                "efficacy_values": "[0, 0, 0]",
                "exec_timing_type": "1",
                "sub_target_type_set_id": "0",
                "target_type": "2"
            },
            {
                "calc_option": "0",
                "causality_conditions": "",
                "efficacy_type": "0",
                "efficacy_values": "[0, 0, 0]",
                "exec_timing_type": "1",
                "sub_target_type_set_id": "0",
                "target_type": "2"
            },
            {
                "calc_option": "0",
                "causality_conditions": "",
                "efficacy_type": "0",
                "efficacy_values": "[0, 0, 0]",
                "exec_timing_type": "1",
                "sub_target_type_set_id": "0",
                "target_type": "2"
            },
            {
                "calc_option": "0",
                "causality_conditions": "",
                "efficacy_type": "0",
                "efficacy_values": "[0, 0, 0]",
                "exec_timing_type": "1",
                "sub_target_type_set_id": "0",
                "target_type": "2"
            }
        ]
    },
    "passive_skill": {
        "id": "90",
        "itemized_description": "*Basic effect(s)*\n- Medium chance of recovering 25% of damage dealt as HP",
        "name": "Energy Absorption",
        "skills": [
            {
                "calc_option": "2",
                "causality_conditions": "",
                "eff_value1": "25",
                "eff_value2": "0",
                "eff_value3": "0",
                "efficacy_type": "28",
                "efficacy_values": "{}",
                "exec_timing_type": "5",
                "is_once": "0",
                "passive_skill_effect_id": "",
                "probability": "30",
                "sub_target_type_set_id": "0",
                "target_type": "1",
                "turn": "1"
            }
        ]
    },
    "special_sets": {
        "25": [
            {
                "aim_target": "0",
                "causality_description": "",
                "description": "Causes huge damage to enemy",
                "increase_rate": "100",
                "is_inactive": "0",
                "lv_bonus": "10",
                "name": "Photon Wave"
            }
        ]
    },
    "specials": {
        "25": [
        ]
    }
}
