{
    "card": {
        "atk_init": "728",
        "atk_max": "2428",
        "aura_id": "",
        "aura_offset_x": "",
        "aura_offset_y": "",
        "aura_scale": "",
        "awakening_element_type": "2",
        "awakening_number": "",
        "bg_effect_id": "",
        "card_unique_info_id": "22",
        "character_id": "22",
        "collectable_type": "1",
        "cost": "6",
        "def_init": "910",
        "def_max": "3034",
        "eball_mod_max": "140",
        "eball_mod_max_num": "12",
        "eball_mod_mid": "0",
        "eball_mod_mid_num": "0",
        "eball_mod_min": "50",
        "eball_mod_num100": "5",
        "element": "4",
        "exp_type": "2",
        "face_x": "333",
        "face_y": "659",
        "grow_type": "13",
        "hp_init": "1155",
        "hp_max": "3850",
        "id": "1001270",
        "is_aura_front": "0",
        "is_selling_only": "0",
        "leader_skill_set_id": "100127",
        "link_skill1_id": "35",
        "link_skill2_id": "38",
        "link_skill3_id": "17",
        "link_skill4_id": "1001",
        "link_skill5_id": "",
        "link_skill6_id": "",
        "link_skill7_id": "",
        "lv_max": "40",
        "max_level_reward_id": "1",
        "max_level_reward_type": "1",
        "name": "Android #16",
        "optimal_awakening_grow_type": "",
        "passive_skill_set_id": "133",
        "potential_board_id": "",
        "price": "1437",
        "rarity": "1",
        "resource_id": "",
        "selling_exchange_point": "50",
        "skill_lv_max": "10",
        "special_motion": "1",
        "training_exp": "1489"
    },
    "card_specials": {
        "127": {
            "bonus_view_id1": "0",
            "bonus_view_id2": "0",
            "card_costume_condition_id": "0",
            "causality_conditions": "",
            "eball_num_start": "12",
            "lv_start": "0",
            "priority": "0",
            "special_asset_id": "",
            "special_bonus_id1": "0",
            "special_bonus_id2": "0",
            "special_bonus_lv1": "0",
            "special_bonus_lv2": "0",
            "special_set_id": "28",
            "style": "Normal",
            "view_id": "127"
        }
    },
    "categories": [
        {
            "id": "21"
        },
        {
            "id": "32"
        },
        {
            "id": "38"
        },
        {
            "id": "43"
        },
        {
            "id": "57"
        },
        {
            "id": "94"
        },
        {
            "id": "97"
        },
        {
            "id": "10117000"
        }
    ],
    "leader_skill": {
        "description": "HP + 15%",
        "id": "100127",
        "name": "Ironclad Intentions",
        "skills": [
            {
                "calc_option": "2",
                "causality_conditions": "",
                "efficacy_type": "19",
                "efficacy_values": "[0, 15, 0]",
                "exec_timing_type": "1",
                "sub_target_type_set_id": "0",
                "target_type": "2"
            },
            {
                "calc_option": "2",
                "causality_conditions": "",
                "efficacy_type": "19",
                "efficacy_values": "[1, 15, 0]",
                "exec_timing_type": "1",
                "sub_target_type_set_id": "0",
                "target_type": "2"
            },
            {
                "calc_option": "2",
                "causality_conditions": "",
                "efficacy_type": "19",
                "efficacy_values": "[2, 15, 0]",
                "exec_timing_type": "1",
                "sub_target_type_set_id": "0",
                "target_type": "2"
            },
            {
                "calc_option": "2",
                "causality_conditions": "",
                "efficacy_type": "19",
                "efficacy_values": "[3, 15, 0]",
                "exec_timing_type": "1",
                "sub_target_type_set_id": "0",
                "target_type": "2"
            },
            {
                "calc_option": "2",
                "causality_conditions": "",
                "efficacy_type": "19",
                "efficacy_values": "[4, 15, 0]",
                "exec_timing_type": "1",
                "sub_target_type_set_id": "0",
                "target_type": "2"
            }
        ]
    },
    "passive_skill": {
        "id": "133",
        "itemized_description": "*After receiving an attack*\r\n- ATK 2000{passiveImg:up_g} for 4 turn(s)",
        "name": "Counterattack",
        "skills": [
            {
                "calc_option": "0",
                "causality_conditions": "{\"source\": \"24\", \"compiled\": 24}",
                "eff_value1": "2000",
                "eff_value2": "0",
                "eff_value3": "0",
                "efficacy_type": "1",
                "efficacy_values": "{}",
                "exec_timing_type": "7",
                "is_once": "0",
                "passive_skill_effect_id": "",
                "probability": "100",
                "sub_target_type_set_id": "0",
                "target_type": "1",
                "turn": "4"
            }
        ]
    },
    "special_sets": {
        "28": [
            {
                "aim_target": "0",
                "causality_description": "",
                "description": "Causes huge damage to enemy",
                "increase_rate": "100",
                "is_inactive": "0",
                "lv_bonus": "10",
                "name": "Rocket Punch"
            }
        ]
    },
    "specials": {
        "28": [
        ]
    }
}
