{
    "card": {
        "atk_init": "6783",
        "atk_max": "7898",
        "aura_id": "",
        "aura_offset_x": "",
        "aura_offset_y": "",
        "aura_scale": "",
        "awakening_element_type": "1",
        "awakening_number": "",
        "bg_effect_id": "",
        "card_unique_info_id": "139",
        "character_id": "227",
        "collectable_type": "1",
        "cost": "26",
        "def_init": "3803",
        "def_max": "4120",
        "eball_mod_max": "130",
        "eball_mod_max_num": "12",
        "eball_mod_mid": "0",
        "eball_mod_mid_num": "0",
        "eball_mod_min": "40",
        "eball_mod_num100": "4",
        "element": "13",
        "exp_type": "5",
        "face_x": "336",
        "face_y": "769",
        "grow_type": "40",
        "hp_init": "7826",
        "hp_max": "8245",
        "id": "1001921",
        "is_aura_front": "0",
        "is_selling_only": "0",
        "leader_skill_set_id": "100192",
        "link_skill1_id": "9",
        "link_skill2_id": "22",
        "link_skill3_id": "29",
        "link_skill4_id": "47",
        "link_skill5_id": "89",
        "link_skill6_id": "1003",
        "link_skill7_id": "",
        "lv_max": "100",
        "max_level_reward_id": "1",
        "max_level_reward_type": "1",
        "name": "Super Saiyan 3 Goku",
        "optimal_awakening_grow_type": "",
        "passive_skill_set_id": "254",
        "potential_board_id": "23",
        "price": "29215",
        "rarity": "4",
        "resource_id": "",
        "selling_exchange_point": "15000",
        "skill_lv_max": "10",
        "special_motion": "1",
        "training_exp": "5996"
    },
    "card_specials": {
        "557": {
            "bonus_view_id1": "0",
            "bonus_view_id2": "0",
            "card_costume_condition_id": "0",
            "causality_conditions": "",
            "eball_num_start": "12",
            "lv_start": "0",
            "priority": "0",
            "special_asset_id": "",
            "special_bonus_id1": "0",
            "special_bonus_id2": "0",
            "special_bonus_lv1": "0",
            "special_bonus_lv2": "0",
            "special_set_id": "153",
            "style": "Normal",
            "view_id": "557"
        }
    },
    "categories": [
        {
            "id": "9"
        },
        {
            "id": "12"
        },
        {
            "id": "17"
        },
        {
            "id": "30"
        },
        {
            "id": "65"
        },
        {
            "id": "76"
        },
        {
            "id": "79"
        },
        {
            "id": "80"
        },
        {
            "id": "84"
        },
        {
            "id": "87"
        },
        {
            "id": "89"
        },
        {
            "id": "7462"
        },
        {
            "id": "7466"
        },
        {
            "id": "10117000"
        }
    ],
    "leader_skill": {
        "description": "All Types ATK +25%",
        "id": "100192",
        "name": "The Power to Shake the Universe",
        "skills": [
            {
                "calc_option": "2",
                "causality_conditions": "",
                "efficacy_type": "1",
                "efficacy_values": "[25, 0, 0]",
                "exec_timing_type": "1",
                "sub_target_type_set_id": "0",
                "target_type": "2"
            },
            {
                "calc_option": "0",
                "causality_conditions": "",
                "efficacy_type": "0",
                "efficacy_values": "[0, 0, 0]",
                "exec_timing_type": "1",
                "sub_target_type_set_id": "0",
                "target_type": "2"
            },
            {
                "calc_option": "0",
                "causality_conditions": "",
                "efficacy_type": "0",
                "efficacy_values": "[0, 0, 0]",
                "exec_timing_type": "1",
                "sub_target_type_set_id": "0",
                "target_type": "2"
            },
            {
                "calc_option": "0",
                "causality_conditions": "",
                "efficacy_type": "0",
                "efficacy_values": "[0, 0, 0]",
                "exec_timing_type": "1",
                "sub_target_type_set_id": "0",
                "target_type": "2"
            },
            {
                "calc_option": "0",
                "causality_conditions": "",
                "efficacy_type": "0",
                "efficacy_values": "[0, 0, 0]",
                "exec_timing_type": "1",
                "sub_target_type_set_id": "0",
                "target_type": "2"
            }
        ]
    },
    "passive_skill": {
        "id": "254",
        "itemized_description": "*When HP is 50% or more*\r\n- ATK 70%{passiveImg:up_g}",
        "name": "Instant Power Up",
        "skills": [
            {
                "calc_option": "2",
                "causality_conditions": "{\"source\": \"21\", \"compiled\": 21}",
                "eff_value1": "70",
                "eff_value2": "0",
                "eff_value3": "0",
                "efficacy_type": "1",
                "efficacy_values": "{}",
                "exec_timing_type": "1",
                "is_once": "0",
                "passive_skill_effect_id": "",
                "probability": "100",
                "sub_target_type_set_id": "0",
                "target_type": "1",
                "turn": "1"
            }
        ]
    },
    "special_sets": {
        "153": [
            {
                "aim_target": "0",
                "causality_description": "",
                "description": "Causes supreme damage to enemy",
                "increase_rate": "150",
                "is_inactive": "0",
                "lv_bonus": "20",
                "name": "Super Kamehameha"
            }
        ]
    },
    "specials": {
        "153": [
        ]
    }
}
