{
    "card": {
        "atk_init": "2778",
        "atk_max": "3903",
        "aura_id": "",
        "aura_offset_x": "",
        "aura_offset_y": "",
        "aura_scale": "",
        "awakening_element_type": "1",
        "awakening_number": "",
        "bg_effect_id": "",
        "card_unique_info_id": "70",
        "character_id": "78",
        "collectable_type": "1",
        "cost": "6",
        "def_init": "1711",
        "def_max": "2667",
        "eball_mod_max": "120",
        "eball_mod_max_num": "12",
        "eball_mod_mid": "0",
        "eball_mod_mid_num": "0",
        "eball_mod_min": "40",
        "eball_mod_num100": "6",
        "element": "13",
        "exp_type": "1",
        "face_x": "336",
        "face_y": "769",
        "grow_type": "20",
        "hp_init": "3050",
        "hp_max": "5075",
        "id": "1001551",
        "is_aura_front": "0",
        "is_selling_only": "0",
        "leader_skill_set_id": "100155",
        "link_skill1_id": "22",
        "link_skill2_id": "62",
        "link_skill3_id": "63",
        "link_skill4_id": "42",
        "link_skill5_id": "",
        "link_skill6_id": "",
        "link_skill7_id": "",
        "lv_max": "60",
        "max_level_reward_id": "1",
        "max_level_reward_type": "1",
        "name": "Borgos",
        "optimal_awakening_grow_type": "",
        "passive_skill_set_id": "167",
        "potential_board_id": "23",
        "price": "3154",
        "rarity": "2",
        "resource_id": "",
        "selling_exchange_point": "60",
        "skill_lv_max": "10",
        "special_motion": "1",
        "training_exp": "2774"
    },
    "card_specials": {
        "367": {
            "bonus_view_id1": "0",
            "bonus_view_id2": "0",
            "card_costume_condition_id": "0",
            "causality_conditions": "",
            "eball_num_start": "12",
            "lv_start": "0",
            "priority": "0",
            "special_asset_id": "",
            "special_bonus_id1": "0",
            "special_bonus_id2": "0",
            "special_bonus_lv1": "0",
            "special_bonus_lv2": "0",
            "special_set_id": "82",
            "style": "Normal",
            "view_id": "367"
        }
    },
    "categories": [
        {
            "id": "11"
        },
        {
            "id": "17"
        },
        {
            "id": "49"
        },
        {
            "id": "62"
        },
        {
            "id": "71"
        },
        {
            "id": "97"
        }
    ],
    "leader_skill": {
        "description": "STR Type ATK + 20%",
        "id": "100155",
        "name": "Warrior of Few Words",
        "skills": [
            {
                "calc_option": "2",
                "causality_conditions": "",
                "efficacy_type": "16",
                "efficacy_values": "[3, 20, 0]",
                "exec_timing_type": "1",
                "sub_target_type_set_id": "0",
                "target_type": "2"
            },
            {
                "calc_option": "0",
                "causality_conditions": "",
                "efficacy_type": "0",
                "efficacy_values": "[0, 0, 0]",
                "exec_timing_type": "1",
                "sub_target_type_set_id": "0",
                "target_type": "2"
            },
            {
                "calc_option": "0",
                "causality_conditions": "",
                "efficacy_type": "0",
                "efficacy_values": "[0, 0, 0]",
                "exec_timing_type": "1",
                "sub_target_type_set_id": "0",
                "target_type": "2"
            },
            {
                "calc_option": "0",
                "causality_conditions": "",
                "efficacy_type": "0",
                "efficacy_values": "[0, 0, 0]",
                "exec_timing_type": "1",
                "sub_target_type_set_id": "0",
                "target_type": "2"
            },
            {
                "calc_option": "0",
                "causality_conditions": "",
                "efficacy_type": "0",
                "efficacy_values": "[0, 0, 0]",
                "exec_timing_type": "1",
                "sub_target_type_set_id": "0",
                "target_type": "2"
            }
        ]
    },
    "passive_skill": {
        "id": "167",
        "itemized_description": "*When attacking with 8 or more Ki*\r\n- ATK 30%{passiveImg:up_g}",
        "name": "Warrior's Spirit",
        "skills": [
            {
                "calc_option": "2",
                "causality_conditions": "{\"source\": \"44\", \"compiled\": 44}",
                "eff_value1": "30",
                "eff_value2": "0",
                "eff_value3": "0",
                "efficacy_type": "1",
                "efficacy_values": "{}",
                "exec_timing_type": "4",
                "is_once": "0",
                "passive_skill_effect_id": "",
                "probability": "100",
                "sub_target_type_set_id": "0",
                "target_type": "1",
                "turn": "1"
            }
        ]
    },
    "special_sets": {
        "82": [
            {
                "aim_target": "0",
                "causality_description": "",
                "description": "Causes huge damage to enemy",
                "increase_rate": "100",
                "is_inactive": "0",
                "lv_bonus": "10",
                "name": "Angry Launcher"
            }
        ]
    },
    "specials": {
        "82": [
        ]
    }
}
