{
    "card": {
        "atk_init": "3317",
        "atk_max": "5321",
        "aura_id": "",
        "aura_offset_x": "",
        "aura_offset_y": "",
        "aura_scale": "",
        "awakening_element_type": "1",
        "awakening_number": "",
        "bg_effect_id": "",
        "card_unique_info_id": "30",
        "character_id": "37",
        "collectable_type": "1",
        "cost": "12",
        "def_init": "2455",
        "def_max": "2964",
        "eball_mod_max": "120",
        "eball_mod_max_num": "12",
        "eball_mod_mid": "0",
        "eball_mod_mid_num": "0",
        "eball_mod_min": "40",
        "eball_mod_num100": "5",
        "element": "13",
        "exp_type": "4",
        "face_x": "502",
        "face_y": "687",
        "grow_type": "30",
        "hp_init": "3445",
        "hp_max": "4402",
        "id": "1001041",
        "is_aura_front": "0",
        "is_selling_only": "0",
        "leader_skill_set_id": "100104",
        "link_skill1_id": "23",
        "link_skill2_id": "64",
        "link_skill3_id": "",
        "link_skill4_id": "",
        "link_skill5_id": "",
        "link_skill6_id": "",
        "link_skill7_id": "",
        "lv_max": "80",
        "max_level_reward_id": "1",
        "max_level_reward_type": "1",
        "name": "Chi-Chi",
        "optimal_awakening_grow_type": "",
        "passive_skill_set_id": "25",
        "potential_board_id": "23",
        "price": "12926",
        "rarity": "3",
        "resource_id": "",
        "selling_exchange_point": "600",
        "skill_lv_max": "10",
        "special_motion": "1",
        "training_exp": "4280"
    },
    "card_specials": {
        "258": {
            "bonus_view_id1": "0",
            "bonus_view_id2": "0",
            "card_costume_condition_id": "0",
            "causality_conditions": "",
            "eball_num_start": "12",
            "lv_start": "0",
            "priority": "0",
            "special_asset_id": "",
            "special_bonus_id1": "0",
            "special_bonus_id2": "0",
            "special_bonus_lv1": "0",
            "special_bonus_lv2": "0",
            "special_set_id": "45",
            "style": "Normal",
            "view_id": "258"
        }
    },
    "categories": [
        {
            "id": "4"
        },
        {
            "id": "3"
        },
        {
            "id": "30"
        },
        {
            "id": "51"
        },
        {
            "id": "87"
        },
        {
            "id": "89"
        },
        {
            "id": "91"
        }
    ],
    "leader_skill": {
        "description": "STR Type ATK +25%",
        "id": "100104",
        "name": "Heart of Innocence",
        "skills": [
            {
                "calc_option": "2",
                "causality_conditions": "",
                "efficacy_type": "16",
                "efficacy_values": "[3, 25, 0]",
                "exec_timing_type": "1",
                "sub_target_type_set_id": "0",
                "target_type": "2"
            },
            {
                "calc_option": "0",
                "causality_conditions": "",
                "efficacy_type": "0",
                "efficacy_values": "[0, 0, 0]",
                "exec_timing_type": "1",
                "sub_target_type_set_id": "0",
                "target_type": "2"
            },
            {
                "calc_option": "0",
                "causality_conditions": "",
                "efficacy_type": "0",
                "efficacy_values": "[0, 0, 0]",
                "exec_timing_type": "1",
                "sub_target_type_set_id": "0",
                "target_type": "2"
            },
            {
                "calc_option": "0",
                "causality_conditions": "",
                "efficacy_type": "0",
                "efficacy_values": "[0, 0, 0]",
                "exec_timing_type": "1",
                "sub_target_type_set_id": "0",
                "target_type": "2"
            },
            {
                "calc_option": "0",
                "causality_conditions": "",
                "efficacy_type": "0",
                "efficacy_values": "[0, 0, 0]",
                "exec_timing_type": "1",
                "sub_target_type_set_id": "0",
                "target_type": "2"
            }
        ]
    },
    "passive_skill": {
        "id": "25",
        "itemized_description": "*Basic effect(s)*\r\n- PHY Type enemies' ATK 30%{passiveImg:down_y}",
        "name": "Pinky Swear",
        "skills": [
            {
                "calc_option": "3",
                "causality_conditions": "",
                "eff_value1": "4",
                "eff_value2": "30",
                "eff_value3": "0",
                "efficacy_type": "16",
                "efficacy_values": "{}",
                "exec_timing_type": "1",
                "is_once": "0",
                "passive_skill_effect_id": "",
                "probability": "100",
                "sub_target_type_set_id": "0",
                "target_type": "4",
                "turn": "1"
            }
        ]
    },
    "special_sets": {
        "45": [
            {
                "aim_target": "0",
                "causality_description": "",
                "description": "Causes huge damage to enemy",
                "increase_rate": "100",
                "is_inactive": "0",
                "lv_bonus": "10",
                "name": "No Forgiveness!"
            }
        ]
    },
    "specials": {
        "45": [
        ]
    }
}
