{
    "card": {
        "atk_init": "6279",
        "atk_max": "7309",
        "aura_id": "",
        "aura_offset_x": "",
        "aura_offset_y": "",
        "aura_scale": "",
        "awakening_element_type": "1",
        "awakening_number": "",
        "bg_effect_id": "",
        "card_unique_info_id": "57",
        "character_id": "199",
        "collectable_type": "1",
        "cost": "23",
        "def_init": "2926",
        "def_max": "3299",
        "eball_mod_max": "123",
        "eball_mod_max_num": "12",
        "eball_mod_mid": "0",
        "eball_mod_mid_num": "0",
        "eball_mod_min": "40",
        "eball_mod_num100": "4",
        "element": "12",
        "exp_type": "5",
        "face_x": "488",
        "face_y": "745",
        "grow_type": "40",
        "hp_init": "6116",
        "hp_max": "7105",
        "id": "1001391",
        "is_aura_front": "0",
        "is_selling_only": "0",
        "leader_skill_set_id": "100139",
        "link_skill1_id": "29",
        "link_skill2_id": "22",
        "link_skill3_id": "9",
        "link_skill4_id": "56",
        "link_skill5_id": "47",
        "link_skill6_id": "",
        "link_skill7_id": "",
        "lv_max": "100",
        "max_level_reward_id": "1",
        "max_level_reward_type": "1",
        "name": "Super Saiyan Gohan (Youth)",
        "optimal_awakening_grow_type": "",
        "passive_skill_set_id": "147",
        "potential_board_id": "122",
        "price": "29393",
        "rarity": "4",
        "resource_id": "",
        "selling_exchange_point": "15000",
        "skill_lv_max": "10",
        "special_motion": "1",
        "training_exp": "6005"
    },
    "card_specials": {
        "327": {
            "bonus_view_id1": "0",
            "bonus_view_id2": "0",
            "card_costume_condition_id": "0",
            "causality_conditions": "",
            "eball_num_start": "12",
            "lv_start": "0",
            "priority": "0",
            "special_asset_id": "",
            "special_bonus_id1": "0",
            "special_bonus_id2": "0",
            "special_bonus_lv1": "0",
            "special_bonus_lv2": "0",
            "special_set_id": "69",
            "style": "Normal",
            "view_id": "327"
        }
    },
    "categories": [
        {
            "id": "5"
        },
        {
            "id": "30"
        },
        {
            "id": "33"
        },
        {
            "id": "36"
        },
        {
            "id": "38"
        },
        {
            "id": "39"
        },
        {
            "id": "40"
        },
        {
            "id": "54"
        },
        {
            "id": "74"
        },
        {
            "id": "76"
        },
        {
            "id": "81"
        },
        {
            "id": "87"
        },
        {
            "id": "89"
        },
        {
            "id": "91"
        },
        {
            "id": "93"
        },
        {
            "id": "7462"
        },
        {
            "id": "7466"
        }
    ],
    "leader_skill": {
        "description": "AGL, INT & PHY Type HP & ATK +20%",
        "id": "100139",
        "name": "Successor of the Strongest",
        "skills": [
            {
                "calc_option": "2",
                "causality_conditions": "",
                "efficacy_type": "44",
                "efficacy_values": "[0, 20, 20]",
                "exec_timing_type": "1",
                "sub_target_type_set_id": "0",
                "target_type": "2"
            },
            {
                "calc_option": "2",
                "causality_conditions": "",
                "efficacy_type": "44",
                "efficacy_values": "[2, 20, 20]",
                "exec_timing_type": "1",
                "sub_target_type_set_id": "0",
                "target_type": "2"
            },
            {
                "calc_option": "2",
                "causality_conditions": "",
                "efficacy_type": "44",
                "efficacy_values": "[4, 20, 20]",
                "exec_timing_type": "1",
                "sub_target_type_set_id": "0",
                "target_type": "2"
            },
            {
                "calc_option": "0",
                "causality_conditions": "",
                "efficacy_type": "0",
                "efficacy_values": "[0, 0, 0]",
                "exec_timing_type": "1",
                "sub_target_type_set_id": "0",
                "target_type": "2"
            },
            {
                "calc_option": "0",
                "causality_conditions": "",
                "efficacy_type": "0",
                "efficacy_values": "[0, 0, 0]",
                "exec_timing_type": "1",
                "sub_target_type_set_id": "0",
                "target_type": "2"
            }
        ]
    },
    "passive_skill": {
        "id": "147",
        "itemized_description": "*When HP is 50% or more*\r\n- Ki +2",
        "name": "Awakening",
        "skills": [
            {
                "calc_option": "0",
                "causality_conditions": "{\"source\": \"21\", \"compiled\": 21}",
                "eff_value1": "2",
                "eff_value2": "0",
                "eff_value3": "0",
                "efficacy_type": "5",
                "efficacy_values": "{}",
                "exec_timing_type": "1",
                "is_once": "0",
                "passive_skill_effect_id": "",
                "probability": "100",
                "sub_target_type_set_id": "0",
                "target_type": "1",
                "turn": "1"
            }
        ]
    },
    "special_sets": {
        "69": [
            {
                "aim_target": "0",
                "causality_description": "",
                "description": "Causes extreme damage to enemy",
                "increase_rate": "120",
                "is_inactive": "0",
                "lv_bonus": "15",
                "name": "Kamehameha"
            }
        ]
    },
    "specials": {
        "69": [
        ]
    }
}
