{
    "card": {
        "atk_init": "2322",
        "atk_max": "3036",
        "aura_id": "",
        "aura_offset_x": "",
        "aura_offset_y": "",
        "aura_scale": "",
        "awakening_element_type": "2",
        "awakening_number": "",
        "bg_effect_id": "",
        "card_unique_info_id": "33",
        "character_id": "32",
        "collectable_type": "1",
        "cost": "6",
        "def_init": "3472",
        "def_max": "4465",
        "eball_mod_max": "120",
        "eball_mod_max_num": "12",
        "eball_mod_mid": "0",
        "eball_mod_mid_num": "0",
        "eball_mod_min": "70",
        "eball_mod_num100": "4",
        "element": "24",
        "exp_type": "1",
        "face_x": "336",
        "face_y": "769",
        "grow_type": "20",
        "hp_init": "2291",
        "hp_max": "3630",
        "id": "1001671",
        "is_aura_front": "0",
        "is_selling_only": "0",
        "leader_skill_set_id": "100167",
        "link_skill1_id": "41",
        "link_skill2_id": "13",
        "link_skill3_id": "18",
        "link_skill4_id": "8",
        "link_skill5_id": "94",
        "link_skill6_id": "",
        "link_skill7_id": "",
        "lv_max": "60",
        "max_level_reward_id": "1",
        "max_level_reward_type": "1",
        "name": "Guldo",
        "optimal_awakening_grow_type": "",
        "passive_skill_set_id": "161",
        "potential_board_id": "",
        "price": "3156",
        "rarity": "2",
        "resource_id": "",
        "selling_exchange_point": "60",
        "skill_lv_max": "10",
        "special_motion": "2",
        "training_exp": "2782"
    },
    "card_specials": {
        "355": {
            "bonus_view_id1": "0",
            "bonus_view_id2": "0",
            "card_costume_condition_id": "0",
            "causality_conditions": "",
            "eball_num_start": "12",
            "lv_start": "0",
            "priority": "0",
            "special_asset_id": "",
            "special_bonus_id1": "0",
            "special_bonus_id2": "0",
            "special_bonus_lv1": "0",
            "special_bonus_lv2": "0",
            "special_set_id": "74",
            "style": "Normal",
            "view_id": "355"
        }
    },
    "categories": [
        {
            "id": "14"
        },
        {
            "id": "15"
        },
        {
            "id": "25"
        },
        {
            "id": "41"
        },
        {
            "id": "52"
        },
        {
            "id": "62"
        },
        {
            "id": "97"
        }
    ],
    "leader_skill": {
        "description": "PHY Type DEF + 20%",
        "id": "100167",
        "name": "Technician of Time",
        "skills": [
            {
                "calc_option": "2",
                "causality_conditions": "",
                "efficacy_type": "17",
                "efficacy_values": "[4, 20, 0]",
                "exec_timing_type": "1",
                "sub_target_type_set_id": "0",
                "target_type": "2"
            },
            {
                "calc_option": "0",
                "causality_conditions": "",
                "efficacy_type": "0",
                "efficacy_values": "[0, 0, 0]",
                "exec_timing_type": "1",
                "sub_target_type_set_id": "0",
                "target_type": "2"
            },
            {
                "calc_option": "0",
                "causality_conditions": "",
                "efficacy_type": "0",
                "efficacy_values": "[0, 0, 0]",
                "exec_timing_type": "1",
                "sub_target_type_set_id": "0",
                "target_type": "2"
            },
            {
                "calc_option": "0",
                "causality_conditions": "",
                "efficacy_type": "0",
                "efficacy_values": "[0, 0, 0]",
                "exec_timing_type": "1",
                "sub_target_type_set_id": "0",
                "target_type": "2"
            },
            {
                "calc_option": "0",
                "causality_conditions": "",
                "efficacy_type": "0",
                "efficacy_values": "[0, 0, 0]",
                "exec_timing_type": "1",
                "sub_target_type_set_id": "0",
                "target_type": "2"
            }
        ]
    },
    "passive_skill": {
        "id": "161",
        "itemized_description": "*Basic effect(s)*\n- DEF 50%{passiveImg:up_g}",
        "name": "Defensive Poise",
        "skills": [
            {
                "calc_option": "2",
                "causality_conditions": "",
                "eff_value1": "50",
                "eff_value2": "0",
                "eff_value3": "0",
                "efficacy_type": "2",
                "efficacy_values": "{}",
                "exec_timing_type": "1",
                "is_once": "0",
                "passive_skill_effect_id": "",
                "probability": "100",
                "sub_target_type_set_id": "0",
                "target_type": "1",
                "turn": "1"
            }
        ]
    },
    "special_sets": {
        "74": [
            {
                "aim_target": "0",
                "causality_description": "",
                "description": "Causes huge damage \nand may stun the enemy",
                "increase_rate": "100",
                "is_inactive": "0",
                "lv_bonus": "10",
                "name": "Paralysis Technique"
            }
        ]
    },
    "specials": {
        "74": [
            {
                "calc_option": "0",
                "causality_conditions": "",
                "eff_value1": "0",
                "eff_value2": "0",
                "eff_value3": "0",
                "efficacy_type": "9",
                "prob": "25",
                "target_type": "3",
                "turn": "2",
                "type": "Special::ExtraEfficacySpecial"
            }
        ]
    }
}
