{
    "card": {
        "atk_init": "4057",
        "atk_max": "6194",
        "aura_id": "",
        "aura_offset_x": "",
        "aura_offset_y": "",
        "aura_scale": "",
        "awakening_element_type": "2",
        "awakening_number": "",
        "bg_effect_id": "",
        "card_unique_info_id": "18",
        "character_id": "18",
        "collectable_type": "1",
        "cost": "12",
        "def_init": "2756",
        "def_max": "3287",
        "eball_mod_max": "125",
        "eball_mod_max_num": "12",
        "eball_mod_mid": "0",
        "eball_mod_mid_num": "0",
        "eball_mod_min": "40",
        "eball_mod_num100": "5",
        "element": "23",
        "exp_type": "4",
        "face_x": "336",
        "face_y": "769",
        "grow_type": "30",
        "hp_init": "4624",
        "hp_max": "5590",
        "id": "1001831",
        "is_aura_front": "0",
        "is_selling_only": "0",
        "leader_skill_set_id": "100184",
        "link_skill1_id": "35",
        "link_skill2_id": "81",
        "link_skill3_id": "18",
        "link_skill4_id": "12",
        "link_skill5_id": "",
        "link_skill6_id": "",
        "link_skill7_id": "",
        "lv_max": "80",
        "max_level_reward_id": "1",
        "max_level_reward_type": "1",
        "name": "Android #19",
        "optimal_awakening_grow_type": "",
        "passive_skill_set_id": "224",
        "potential_board_id": "",
        "price": "13320",
        "rarity": "3",
        "resource_id": "",
        "selling_exchange_point": "600",
        "skill_lv_max": "10",
        "special_motion": "1",
        "training_exp": "4280"
    },
    "card_specials": {
        "489": {
            "bonus_view_id1": "0",
            "bonus_view_id2": "0",
            "card_costume_condition_id": "0",
            "causality_conditions": "",
            "eball_num_start": "12",
            "lv_start": "0",
            "priority": "0",
            "special_asset_id": "",
            "special_bonus_id1": "0",
            "special_bonus_id2": "0",
            "special_bonus_lv1": "0",
            "special_bonus_lv2": "0",
            "special_set_id": "24",
            "style": "Normal",
            "view_id": "489"
        }
    },
    "categories": [
        {
            "id": "21"
        },
        {
            "id": "32"
        },
        {
            "id": "38"
        },
        {
            "id": "43"
        },
        {
            "id": "59"
        },
        {
            "id": "97"
        }
    ],
    "leader_skill": {
        "description": "Enemy DEF - 25%",
        "id": "100184",
        "name": "Engineered Evil",
        "skills": [
            {
                "calc_option": "3",
                "causality_conditions": "",
                "efficacy_type": "2",
                "efficacy_values": "[25, 0, 0]",
                "exec_timing_type": "1",
                "sub_target_type_set_id": "0",
                "target_type": "4"
            },
            {
                "calc_option": "0",
                "causality_conditions": "",
                "efficacy_type": "0",
                "efficacy_values": "[0, 0, 0]",
                "exec_timing_type": "1",
                "sub_target_type_set_id": "0",
                "target_type": "4"
            },
            {
                "calc_option": "0",
                "causality_conditions": "",
                "efficacy_type": "0",
                "efficacy_values": "[0, 0, 0]",
                "exec_timing_type": "1",
                "sub_target_type_set_id": "0",
                "target_type": "4"
            },
            {
                "calc_option": "0",
                "causality_conditions": "",
                "efficacy_type": "0",
                "efficacy_values": "[0, 0, 0]",
                "exec_timing_type": "1",
                "sub_target_type_set_id": "0",
                "target_type": "4"
            },
            {
                "calc_option": "0",
                "causality_conditions": "",
                "efficacy_type": "0",
                "efficacy_values": "[0, 0, 0]",
                "exec_timing_type": "1",
                "sub_target_type_set_id": "0",
                "target_type": "4"
            }
        ]
    },
    "passive_skill": {
        "id": "224",
        "itemized_description": "*When attacking with 5 or more Ki*\n- Enemies' DEF 50%{passiveImg:down_y}",
        "name": "Inorganic Matter",
        "skills": [
            {
                "calc_option": "3",
                "causality_conditions": "{\"source\": \"19\", \"compiled\": 19}",
                "eff_value1": "50",
                "eff_value2": "0",
                "eff_value3": "0",
                "efficacy_type": "2",
                "efficacy_values": "{}",
                "exec_timing_type": "4",
                "is_once": "0",
                "passive_skill_effect_id": "",
                "probability": "100",
                "sub_target_type_set_id": "0",
                "target_type": "3",
                "turn": "1"
            }
        ]
    },
    "special_sets": {
        "24": [
            {
                "aim_target": "0",
                "causality_description": "",
                "description": "Causes huge damage to enemy",
                "increase_rate": "100",
                "is_inactive": "0",
                "lv_bonus": "10",
                "name": "Eye Beam"
            }
        ]
    },
    "specials": {
        "24": [
        ]
    }
}
