{
    "card": {
        "atk_init": "1086",
        "atk_max": "3619",
        "aura_id": "",
        "aura_offset_x": "",
        "aura_offset_y": "",
        "aura_scale": "",
        "awakening_element_type": "2",
        "awakening_number": "",
        "bg_effect_id": "",
        "card_unique_info_id": "235",
        "character_id": "74",
        "collectable_type": "1",
        "cost": "7",
        "def_init": "848",
        "def_max": "2828",
        "eball_mod_max": "120",
        "eball_mod_max_num": "12",
        "eball_mod_mid": "0",
        "eball_mod_mid_num": "0",
        "eball_mod_min": "40",
        "eball_mod_num100": "4",
        "element": "4",
        "exp_type": "4",
        "face_x": "336",
        "face_y": "769",
        "grow_type": "23",
        "hp_init": "2035",
        "hp_max": "6782",
        "id": "1001610",
        "is_aura_front": "0",
        "is_selling_only": "0",
        "leader_skill_set_id": "100161",
        "link_skill1_id": "41",
        "link_skill2_id": "17",
        "link_skill3_id": "25",
        "link_skill4_id": "73",
        "link_skill5_id": "94",
        "link_skill6_id": "14",
        "link_skill7_id": "",
        "lv_max": "60",
        "max_level_reward_id": "1",
        "max_level_reward_type": "1",
        "name": "Ginyu (Goku)",
        "optimal_awakening_grow_type": "",
        "passive_skill_set_id": "500",
        "potential_board_id": "",
        "price": "3386",
        "rarity": "2",
        "resource_id": "",
        "selling_exchange_point": "100",
        "skill_lv_max": "10",
        "special_motion": "1",
        "training_exp": "2765"
    },
    "card_specials": {
        "458": {
            "bonus_view_id1": "0",
            "bonus_view_id2": "0",
            "card_costume_condition_id": "0",
            "causality_conditions": "",
            "eball_num_start": "12",
            "lv_start": "0",
            "priority": "0",
            "special_asset_id": "",
            "special_bonus_id1": "0",
            "special_bonus_id2": "0",
            "special_bonus_lv1": "0",
            "special_bonus_lv2": "0",
            "special_set_id": "23",
            "style": "Normal",
            "view_id": "458"
        }
    },
    "categories": [
        {
            "id": "14"
        },
        {
            "id": "15"
        },
        {
            "id": "25"
        },
        {
            "id": "41"
        },
        {
            "id": "52"
        },
        {
            "id": "62"
        },
        {
            "id": "64"
        },
        {
            "id": "97"
        }
    ],
    "leader_skill": {
        "description": "HP + 30%",
        "id": "100161",
        "name": "Intimidating Body Exchange",
        "skills": [
            {
                "calc_option": "2",
                "causality_conditions": "",
                "efficacy_type": "19",
                "efficacy_values": "[0, 30, 0]",
                "exec_timing_type": "1",
                "sub_target_type_set_id": "0",
                "target_type": "2"
            },
            {
                "calc_option": "2",
                "causality_conditions": "",
                "efficacy_type": "19",
                "efficacy_values": "[1, 30, 0]",
                "exec_timing_type": "1",
                "sub_target_type_set_id": "0",
                "target_type": "2"
            },
            {
                "calc_option": "2",
                "causality_conditions": "",
                "efficacy_type": "19",
                "efficacy_values": "[2, 30, 0]",
                "exec_timing_type": "1",
                "sub_target_type_set_id": "0",
                "target_type": "2"
            },
            {
                "calc_option": "2",
                "causality_conditions": "",
                "efficacy_type": "19",
                "efficacy_values": "[3, 30, 0]",
                "exec_timing_type": "1",
                "sub_target_type_set_id": "0",
                "target_type": "2"
            },
            {
                "calc_option": "2",
                "causality_conditions": "",
                "efficacy_type": "19",
                "efficacy_values": "[4, 30, 0]",
                "exec_timing_type": "1",
                "sub_target_type_set_id": "0",
                "target_type": "2"
            }
        ]
    },
    "passive_skill": {
        "id": "500",
        "itemized_description": "*Basic effect(s)*\n- Changes Ki Spheres: TEQ to Rainbow",
        "name": "Goku's True Power",
        "skills": [
            {
                "calc_option": "0",
                "causality_conditions": "",
                "eff_value1": "1",
                "eff_value2": "5",
                "eff_value3": "0",
                "efficacy_type": "51",
                "efficacy_values": "{}",
                "exec_timing_type": "1",
                "is_once": "0",
                "passive_skill_effect_id": "",
                "probability": "100",
                "sub_target_type_set_id": "0",
                "target_type": "1",
                "turn": "1"
            }
        ]
    },
    "special_sets": {
        "23": [
            {
                "aim_target": "0",
                "causality_description": "",
                "description": "Causes huge damage to enemy",
                "increase_rate": "100",
                "is_inactive": "0",
                "lv_bonus": "10",
                "name": "Milky Cannon"
            }
        ]
    },
    "specials": {
        "23": [
        ]
    }
}
