{
    "card": {
        "atk_init": "1735",
        "atk_max": "5782",
        "aura_id": "",
        "aura_offset_x": "",
        "aura_offset_y": "",
        "aura_scale": "",
        "awakening_element_type": "1",
        "awakening_number": "",
        "bg_effect_id": "",
        "card_unique_info_id": "74",
        "character_id": "67",
        "collectable_type": "1",
        "cost": "16",
        "def_init": "1041",
        "def_max": "3470",
        "eball_mod_max": "120",
        "eball_mod_max_num": "12",
        "eball_mod_mid": "0",
        "eball_mod_mid_num": "0",
        "eball_mod_min": "50",
        "eball_mod_num100": "4",
        "element": "0",
        "exp_type": "4",
        "face_x": "336",
        "face_y": "769",
        "grow_type": "33",
        "hp_init": "2122",
        "hp_max": "7073",
        "id": "1001510",
        "is_aura_front": "0",
        "is_selling_only": "0",
        "leader_skill_set_id": "100151",
        "link_skill1_id": "22",
        "link_skill2_id": "34",
        "link_skill3_id": "62",
        "link_skill4_id": "63",
        "link_skill5_id": "",
        "link_skill6_id": "",
        "link_skill7_id": "",
        "lv_max": "80",
        "max_level_reward_id": "1",
        "max_level_reward_type": "1",
        "name": "Bardock",
        "optimal_awakening_grow_type": "",
        "passive_skill_set_id": "295",
        "potential_board_id": "",
        "price": "13825",
        "rarity": "3",
        "resource_id": "",
        "selling_exchange_point": "1000",
        "skill_lv_max": "10",
        "special_motion": "1",
        "training_exp": "4320"
    },
    "card_specials": {
        "661": {
            "bonus_view_id1": "0",
            "bonus_view_id2": "0",
            "card_costume_condition_id": "0",
            "causality_conditions": "",
            "eball_num_start": "12",
            "lv_start": "0",
            "priority": "0",
            "special_asset_id": "",
            "special_bonus_id1": "0",
            "special_bonus_id2": "0",
            "special_bonus_lv1": "0",
            "special_bonus_lv2": "0",
            "special_set_id": "78",
            "style": "Normal",
            "view_id": "661"
        }
    },
    "categories": [
        {
            "id": "11"
        },
        {
            "id": "17"
        },
        {
            "id": "30"
        },
        {
            "id": "49"
        },
        {
            "id": "55"
        },
        {
            "id": "62"
        },
        {
            "id": "71"
        },
        {
            "id": "81"
        },
        {
            "id": "87"
        }
    ],
    "leader_skill": {
        "description": "AGL & STR Types HP & ATK +30%",
        "id": "100151",
        "name": "Lone Warrior",
        "skills": [
            {
                "calc_option": "2",
                "causality_conditions": "",
                "efficacy_type": "44",
                "efficacy_values": "[0, 30, 30]",
                "exec_timing_type": "1",
                "sub_target_type_set_id": "0",
                "target_type": "2"
            },
            {
                "calc_option": "2",
                "causality_conditions": "",
                "efficacy_type": "44",
                "efficacy_values": "[3, 30, 30]",
                "exec_timing_type": "1",
                "sub_target_type_set_id": "0",
                "target_type": "2"
            },
            {
                "calc_option": "0",
                "causality_conditions": "",
                "efficacy_type": "0",
                "efficacy_values": "[0, 0, 0]",
                "exec_timing_type": "1",
                "sub_target_type_set_id": "0",
                "target_type": "2"
            },
            {
                "calc_option": "0",
                "causality_conditions": "",
                "efficacy_type": "0",
                "efficacy_values": "[0, 0, 0]",
                "exec_timing_type": "1",
                "sub_target_type_set_id": "0",
                "target_type": "2"
            },
            {
                "calc_option": "0",
                "causality_conditions": "",
                "efficacy_type": "0",
                "efficacy_values": "[0, 0, 0]",
                "exec_timing_type": "1",
                "sub_target_type_set_id": "0",
                "target_type": "2"
            }
        ]
    },
    "passive_skill": {
        "id": "295",
        "itemized_description": "*Basic effect(s)*\r\n- AGL & STR Type allies' Ki +2",
        "name": "Undefeatable Spirit",
        "skills": [
            {
                "calc_option": "0",
                "causality_conditions": "",
                "eff_value1": "0",
                "eff_value2": "2",
                "eff_value3": "0",
                "efficacy_type": "20",
                "efficacy_values": "{}",
                "exec_timing_type": "1",
                "is_once": "0",
                "passive_skill_effect_id": "",
                "probability": "100",
                "sub_target_type_set_id": "0",
                "target_type": "2",
                "turn": "1"
            },
            {
                "calc_option": "0",
                "causality_conditions": "",
                "eff_value1": "3",
                "eff_value2": "2",
                "eff_value3": "0",
                "efficacy_type": "20",
                "efficacy_values": "{}",
                "exec_timing_type": "1",
                "is_once": "0",
                "passive_skill_effect_id": "",
                "probability": "100",
                "sub_target_type_set_id": "0",
                "target_type": "2",
                "turn": "1"
            }
        ]
    },
    "special_sets": {
        "78": [
            {
                "aim_target": "0",
                "causality_description": "",
                "description": "Causes extreme damage to enemy",
                "increase_rate": "120",
                "is_inactive": "0",
                "lv_bonus": "15",
                "name": "Final Spirit Cannon"
            }
        ]
    },
    "specials": {
        "78": [
        ]
    }
}
