{
    "card": {
        "atk_init": "1165",
        "atk_max": "3883",
        "aura_id": "",
        "aura_offset_x": "",
        "aura_offset_y": "",
        "aura_scale": "",
        "awakening_element_type": "1",
        "awakening_number": "",
        "bg_effect_id": "",
        "card_unique_info_id": "107",
        "character_id": "200",
        "collectable_type": "1",
        "cost": "8",
        "def_init": "827",
        "def_max": "2756",
        "eball_mod_max": "130",
        "eball_mod_max_num": "12",
        "eball_mod_mid": "0",
        "eball_mod_mid_num": "0",
        "eball_mod_min": "40",
        "eball_mod_num100": "5",
        "element": "1",
        "exp_type": "2",
        "face_x": "336",
        "face_y": "769",
        "grow_type": "23",
        "hp_init": "1518",
        "hp_max": "5060",
        "id": "1001760",
        "is_aura_front": "0",
        "is_selling_only": "0",
        "leader_skill_set_id": "100176",
        "link_skill1_id": "4",
        "link_skill2_id": "40",
        "link_skill3_id": "10",
        "link_skill4_id": "27",
        "link_skill5_id": "45",
        "link_skill6_id": "",
        "link_skill7_id": "",
        "lv_max": "60",
        "max_level_reward_id": "1",
        "max_level_reward_type": "1",
        "name": "Trunks (Kid)",
        "optimal_awakening_grow_type": "",
        "passive_skill_set_id": "207",
        "potential_board_id": "",
        "price": "3176",
        "rarity": "2",
        "resource_id": "",
        "selling_exchange_point": "500",
        "skill_lv_max": "10",
        "special_motion": "1",
        "training_exp": "2487"
    },
    "card_specials": {
        "448": {
            "bonus_view_id1": "0",
            "bonus_view_id2": "0",
            "card_costume_condition_id": "0",
            "causality_conditions": "",
            "eball_num_start": "12",
            "lv_start": "0",
            "priority": "0",
            "special_asset_id": "",
            "special_bonus_id1": "0",
            "special_bonus_id2": "0",
            "special_bonus_lv1": "0",
            "special_bonus_lv2": "0",
            "special_set_id": "113",
            "style": "Normal",
            "view_id": "448"
        }
    },
    "categories": [
        {
            "id": "3"
        },
        {
            "id": "5"
        },
        {
            "id": "9"
        },
        {
            "id": "31"
        },
        {
            "id": "33"
        },
        {
            "id": "68"
        },
        {
            "id": "74"
        },
        {
            "id": "79"
        },
        {
            "id": "81"
        },
        {
            "id": "87"
        },
        {
            "id": "89"
        },
        {
            "id": "91"
        }
    ],
    "leader_skill": {
        "description": "TEQ Type Ki +2",
        "id": "100176",
        "name": "Elite Offspring",
        "skills": [
            {
                "calc_option": "0",
                "causality_conditions": "",
                "efficacy_type": "20",
                "efficacy_values": "[1, 2, 0]",
                "exec_timing_type": "1",
                "sub_target_type_set_id": "0",
                "target_type": "2"
            },
            {
                "calc_option": "0",
                "causality_conditions": "",
                "efficacy_type": "0",
                "efficacy_values": "[0, 0, 0]",
                "exec_timing_type": "1",
                "sub_target_type_set_id": "0",
                "target_type": "2"
            },
            {
                "calc_option": "0",
                "causality_conditions": "",
                "efficacy_type": "0",
                "efficacy_values": "[0, 0, 0]",
                "exec_timing_type": "1",
                "sub_target_type_set_id": "0",
                "target_type": "2"
            },
            {
                "calc_option": "0",
                "causality_conditions": "",
                "efficacy_type": "0",
                "efficacy_values": "[0, 0, 0]",
                "exec_timing_type": "1",
                "sub_target_type_set_id": "0",
                "target_type": "2"
            },
            {
                "calc_option": "0",
                "causality_conditions": "",
                "efficacy_type": "0",
                "efficacy_values": "[0, 0, 0]",
                "exec_timing_type": "1",
                "sub_target_type_set_id": "0",
                "target_type": "2"
            }
        ]
    },
    "passive_skill": {
        "id": "207",
        "itemized_description": "*When HP is 30% or less*\n- ATK 1500{passiveImg:up_g}",
        "name": "Brattish Behavior",
        "skills": [
            {
                "calc_option": "0",
                "causality_conditions": "{\"source\": \"15\", \"compiled\": 15}",
                "eff_value1": "1500",
                "eff_value2": "0",
                "eff_value3": "0",
                "efficacy_type": "1",
                "efficacy_values": "{}",
                "exec_timing_type": "1",
                "is_once": "0",
                "passive_skill_effect_id": "",
                "probability": "100",
                "sub_target_type_set_id": "0",
                "target_type": "1",
                "turn": "1"
            }
        ]
    },
    "special_sets": {
        "113": [
            {
                "aim_target": "0",
                "causality_description": "",
                "description": "Causes huge damage to enemy",
                "increase_rate": "100",
                "is_inactive": "0",
                "lv_bonus": "10",
                "name": "Finish Buster"
            }
        ]
    },
    "specials": {
        "113": [
        ]
    }
}
