{
    "card": {
        "atk_init": "3615",
        "atk_max": "5670",
        "aura_id": "",
        "aura_offset_x": "",
        "aura_offset_y": "",
        "aura_scale": "",
        "awakening_element_type": "1",
        "awakening_number": "",
        "bg_effect_id": "",
        "card_unique_info_id": "7",
        "character_id": "75",
        "collectable_type": "1",
        "cost": "14",
        "def_init": "3029",
        "def_max": "3659",
        "eball_mod_max": "120",
        "eball_mod_max_num": "12",
        "eball_mod_mid": "0",
        "eball_mod_mid_num": "0",
        "eball_mod_min": "40",
        "eball_mod_num100": "4",
        "element": "10",
        "exp_type": "4",
        "face_x": "336",
        "face_y": "769",
        "grow_type": "30",
        "hp_init": "5077",
        "hp_max": "6211",
        "id": "1001621",
        "is_aura_front": "0",
        "is_selling_only": "0",
        "leader_skill_set_id": "100162",
        "link_skill1_id": "23",
        "link_skill2_id": "45",
        "link_skill3_id": "34",
        "link_skill4_id": "",
        "link_skill5_id": "",
        "link_skill6_id": "",
        "link_skill7_id": "",
        "lv_max": "80",
        "max_level_reward_id": "1",
        "max_level_reward_type": "1",
        "name": "Gohan (Kid)",
        "optimal_awakening_grow_type": "",
        "passive_skill_set_id": "162",
        "potential_board_id": "20",
        "price": "13358",
        "rarity": "3",
        "resource_id": "",
        "selling_exchange_point": "600",
        "skill_lv_max": "10",
        "special_motion": "1",
        "training_exp": "4280"
    },
    "card_specials": {
        "357": {
            "bonus_view_id1": "0",
            "bonus_view_id2": "0",
            "card_costume_condition_id": "0",
            "causality_conditions": "",
            "eball_num_start": "12",
            "lv_start": "0",
            "priority": "0",
            "special_asset_id": "",
            "special_bonus_id1": "0",
            "special_bonus_id2": "0",
            "special_bonus_lv1": "0",
            "special_bonus_lv2": "0",
            "special_set_id": "7",
            "style": "Normal",
            "view_id": "357"
        }
    },
    "categories": [
        {
            "id": "5"
        },
        {
            "id": "14"
        },
        {
            "id": "25"
        },
        {
            "id": "30"
        },
        {
            "id": "33"
        },
        {
            "id": "40"
        },
        {
            "id": "87"
        },
        {
            "id": "89"
        },
        {
            "id": "93"
        }
    ],
    "leader_skill": {
        "description": "ATK +20% when HP is 80% or less",
        "id": "100162",
        "name": "Furious Impact",
        "skills": [
            {
                "calc_option": "2",
                "causality_conditions": "{\"source\": \"42\", \"compiled\": 42}",
                "efficacy_type": "1",
                "efficacy_values": "[20, 0, 0]",
                "exec_timing_type": "1",
                "sub_target_type_set_id": "0",
                "target_type": "2"
            },
            {
                "calc_option": "0",
                "causality_conditions": "{\"source\": \"42\", \"compiled\": 42}",
                "efficacy_type": "0",
                "efficacy_values": "[0, 0, 0]",
                "exec_timing_type": "1",
                "sub_target_type_set_id": "0",
                "target_type": "2"
            },
            {
                "calc_option": "0",
                "causality_conditions": "{\"source\": \"42\", \"compiled\": 42}",
                "efficacy_type": "0",
                "efficacy_values": "[0, 0, 0]",
                "exec_timing_type": "1",
                "sub_target_type_set_id": "0",
                "target_type": "2"
            },
            {
                "calc_option": "0",
                "causality_conditions": "{\"source\": \"42\", \"compiled\": 42}",
                "efficacy_type": "0",
                "efficacy_values": "[0, 0, 0]",
                "exec_timing_type": "1",
                "sub_target_type_set_id": "0",
                "target_type": "2"
            },
            {
                "calc_option": "0",
                "causality_conditions": "{\"source\": \"42\", \"compiled\": 42}",
                "efficacy_type": "0",
                "efficacy_values": "[0, 0, 0]",
                "exec_timing_type": "1",
                "sub_target_type_set_id": "0",
                "target_type": "2"
            }
        ]
    },
    "passive_skill": {
        "id": "162",
        "itemized_description": "*Basic effect(s)*\r\n- Rare chance of Ki +5",
        "name": "Hidden Potential",
        "skills": [
            {
                "calc_option": "0",
                "causality_conditions": "",
                "eff_value1": "5",
                "eff_value2": "0",
                "eff_value3": "0",
                "efficacy_type": "5",
                "efficacy_values": "{}",
                "exec_timing_type": "1",
                "is_once": "0",
                "passive_skill_effect_id": "",
                "probability": "7",
                "sub_target_type_set_id": "0",
                "target_type": "1",
                "turn": "1"
            }
        ]
    },
    "special_sets": {
        "7": [
            {
                "aim_target": "0",
                "causality_description": "",
                "description": "Causes huge damage with \r\na rare chance of stunning the enemy",
                "increase_rate": "100",
                "is_inactive": "0",
                "lv_bonus": "10",
                "name": "Masenko"
            }
        ]
    },
    "specials": {
        "7": [
            {
                "calc_option": "0",
                "causality_conditions": "",
                "eff_value1": "0",
                "eff_value2": "0",
                "eff_value3": "0",
                "efficacy_type": "9",
                "prob": "10",
                "target_type": "3",
                "turn": "2",
                "type": "Special::ExtraEfficacySpecial"
            }
        ]
    }
}
