{
    "card": {
        "atk_init": "3346",
        "atk_max": "5180",
        "aura_id": "",
        "aura_offset_x": "",
        "aura_offset_y": "",
        "aura_scale": "",
        "awakening_element_type": "2",
        "awakening_number": "",
        "bg_effect_id": "",
        "card_unique_info_id": "22",
        "character_id": "22",
        "collectable_type": "1",
        "cost": "13",
        "def_init": "3248",
        "def_max": "3721",
        "eball_mod_max": "130",
        "eball_mod_max_num": "12",
        "eball_mod_mid": "0",
        "eball_mod_mid_num": "0",
        "eball_mod_min": "35",
        "eball_mod_num100": "5",
        "element": "22",
        "exp_type": "4",
        "face_x": "336",
        "face_y": "769",
        "grow_type": "30",
        "hp_init": "6624",
        "hp_max": "7686",
        "id": "1001821",
        "is_aura_front": "0",
        "is_selling_only": "0",
        "leader_skill_set_id": "100182",
        "link_skill1_id": "35",
        "link_skill2_id": "38",
        "link_skill3_id": "17",
        "link_skill4_id": "52",
        "link_skill5_id": "1001",
        "link_skill6_id": "",
        "link_skill7_id": "",
        "lv_max": "80",
        "max_level_reward_id": "1",
        "max_level_reward_type": "1",
        "name": "Android #16",
        "optimal_awakening_grow_type": "",
        "passive_skill_set_id": "366",
        "potential_board_id": "",
        "price": "13402",
        "rarity": "3",
        "resource_id": "",
        "selling_exchange_point": "120",
        "skill_lv_max": "10",
        "special_motion": "2",
        "training_exp": "4280"
    },
    "card_specials": {
        "774": {
            "bonus_view_id1": "0",
            "bonus_view_id2": "0",
            "card_costume_condition_id": "0",
            "causality_conditions": "",
            "eball_num_start": "12",
            "lv_start": "0",
            "priority": "0",
            "special_asset_id": "",
            "special_bonus_id1": "0",
            "special_bonus_id2": "0",
            "special_bonus_lv1": "0",
            "special_bonus_lv2": "0",
            "special_set_id": "29",
            "style": "Normal",
            "view_id": "774"
        }
    },
    "categories": [
        {
            "id": "21"
        },
        {
            "id": "32"
        },
        {
            "id": "38"
        },
        {
            "id": "43"
        },
        {
            "id": "57"
        },
        {
            "id": "63"
        },
        {
            "id": "94"
        },
        {
            "id": "97"
        }
    ],
    "leader_skill": {
        "description": "INT Type HP & ATK +30%",
        "id": "100182",
        "name": "Great Power Unleashed",
        "skills": [
            {
                "calc_option": "2",
                "causality_conditions": "",
                "efficacy_type": "44",
                "efficacy_values": "[2, 30, 30]",
                "exec_timing_type": "1",
                "sub_target_type_set_id": "0",
                "target_type": "2"
            },
            {
                "calc_option": "0",
                "causality_conditions": "",
                "efficacy_type": "0",
                "efficacy_values": "[0, 0, 0]",
                "exec_timing_type": "1",
                "sub_target_type_set_id": "0",
                "target_type": "2"
            },
            {
                "calc_option": "0",
                "causality_conditions": "",
                "efficacy_type": "0",
                "efficacy_values": "[0, 0, 0]",
                "exec_timing_type": "1",
                "sub_target_type_set_id": "0",
                "target_type": "2"
            },
            {
                "calc_option": "0",
                "causality_conditions": "",
                "efficacy_type": "0",
                "efficacy_values": "[0, 0, 0]",
                "exec_timing_type": "1",
                "sub_target_type_set_id": "0",
                "target_type": "2"
            },
            {
                "calc_option": "0",
                "causality_conditions": "",
                "efficacy_type": "0",
                "efficacy_values": "[0, 0, 0]",
                "exec_timing_type": "1",
                "sub_target_type_set_id": "0",
                "target_type": "2"
            }
        ]
    },
    "passive_skill": {
        "id": "366",
        "itemized_description": "*After guard is activated*\n- Damage reduction rate 50%{passiveImg:up_g}",
        "name": "Mysterious Weapon",
        "skills": [
            {
                "calc_option": "3",
                "causality_conditions": "{\"source\": \"29\", \"compiled\": 29}",
                "eff_value1": "50",
                "eff_value2": "0",
                "eff_value3": "0",
                "efficacy_type": "13",
                "efficacy_values": "{}",
                "exec_timing_type": "6",
                "is_once": "0",
                "passive_skill_effect_id": "",
                "probability": "100",
                "sub_target_type_set_id": "0",
                "target_type": "1",
                "turn": "1"
            }
        ]
    },
    "special_sets": {
        "29": [
            {
                "aim_target": "0",
                "causality_description": "",
                "description": "Causes huge damage to enemy",
                "increase_rate": "100",
                "is_inactive": "0",
                "lv_bonus": "10",
                "name": "Hell Flash"
            }
        ]
    },
    "specials": {
        "29": [
        ]
    }
}
