{
    "card": {
        "atk_init": "635",
        "atk_max": "2115",
        "aura_id": "",
        "aura_offset_x": "",
        "aura_offset_y": "",
        "aura_scale": "",
        "awakening_element_type": "1",
        "awakening_number": "",
        "bg_effect_id": "",
        "card_unique_info_id": "39",
        "character_id": "39",
        "collectable_type": "1",
        "cost": "5",
        "def_init": "573",
        "def_max": "1909",
        "eball_mod_max": "110",
        "eball_mod_max_num": "12",
        "eball_mod_mid": "0",
        "eball_mod_mid_num": "0",
        "eball_mod_min": "50",
        "eball_mod_num100": "4",
        "element": "0",
        "exp_type": "1",
        "face_x": "418",
        "face_y": "830",
        "grow_type": "11",
        "hp_init": "697",
        "hp_max": "2322",
        "id": "1001370",
        "is_aura_front": "0",
        "is_selling_only": "0",
        "leader_skill_set_id": "100137",
        "link_skill1_id": "44",
        "link_skill2_id": "39",
        "link_skill3_id": "10",
        "link_skill4_id": "42",
        "link_skill5_id": "64",
        "link_skill6_id": "",
        "link_skill7_id": "",
        "lv_max": "40",
        "max_level_reward_id": "1",
        "max_level_reward_type": "1",
        "name": "Videl",
        "optimal_awakening_grow_type": "",
        "passive_skill_set_id": "119",
        "potential_board_id": "",
        "price": "1297",
        "rarity": "1",
        "resource_id": "",
        "selling_exchange_point": "50",
        "skill_lv_max": "10",
        "special_motion": "1",
        "training_exp": "1489"
    },
    "card_specials": {
        "137": {
            "bonus_view_id1": "0",
            "bonus_view_id2": "0",
            "card_costume_condition_id": "0",
            "causality_conditions": "",
            "eball_num_start": "12",
            "lv_start": "0",
            "priority": "0",
            "special_asset_id": "",
            "special_bonus_id1": "0",
            "special_bonus_id2": "0",
            "special_bonus_lv1": "0",
            "special_bonus_lv2": "0",
            "special_set_id": "47",
            "style": "Normal",
            "view_id": "137"
        }
    },
    "categories": [
        {
            "id": "4"
        },
        {
            "id": "9"
        },
        {
            "id": "51"
        },
        {
            "id": "70"
        },
        {
            "id": "87"
        },
        {
            "id": "89"
        }
    ],
    "leader_skill": {
        "description": "Damage received reduced by 10%",
        "id": "100137",
        "name": "Paragon of Justice",
        "skills": [
            {
                "calc_option": "3",
                "causality_conditions": "",
                "efficacy_type": "13",
                "efficacy_values": "[90, 0, 0]",
                "exec_timing_type": "1",
                "sub_target_type_set_id": "0",
                "target_type": "2"
            },
            {
                "calc_option": "0",
                "causality_conditions": "",
                "efficacy_type": "0",
                "efficacy_values": "[0, 0, 0]",
                "exec_timing_type": "1",
                "sub_target_type_set_id": "0",
                "target_type": "2"
            },
            {
                "calc_option": "0",
                "causality_conditions": "",
                "efficacy_type": "0",
                "efficacy_values": "[0, 0, 0]",
                "exec_timing_type": "1",
                "sub_target_type_set_id": "0",
                "target_type": "2"
            },
            {
                "calc_option": "0",
                "causality_conditions": "",
                "efficacy_type": "0",
                "efficacy_values": "[0, 0, 0]",
                "exec_timing_type": "1",
                "sub_target_type_set_id": "0",
                "target_type": "2"
            },
            {
                "calc_option": "0",
                "causality_conditions": "",
                "efficacy_type": "0",
                "efficacy_values": "[0, 0, 0]",
                "exec_timing_type": "1",
                "sub_target_type_set_id": "0",
                "target_type": "2"
            }
        ]
    },
    "passive_skill": {
        "id": "119",
        "itemized_description": "*Basic effect(s)*\n- STR Type enemies' ATK 20%{passiveImg:down_y}",
        "name": "Lust for Victory",
        "skills": [
            {
                "calc_option": "3",
                "causality_conditions": "",
                "eff_value1": "3",
                "eff_value2": "20",
                "eff_value3": "0",
                "efficacy_type": "16",
                "efficacy_values": "{}",
                "exec_timing_type": "1",
                "is_once": "0",
                "passive_skill_effect_id": "",
                "probability": "100",
                "sub_target_type_set_id": "0",
                "target_type": "4",
                "turn": "1"
            }
        ]
    },
    "special_sets": {
        "47": [
            {
                "aim_target": "0",
                "causality_description": "",
                "description": "Causes huge damage to enemy",
                "increase_rate": "100",
                "is_inactive": "0",
                "lv_bonus": "10",
                "name": "Eagle Kick"
            }
        ]
    },
    "specials": {
        "47": [
        ]
    }
}
