{
    "card": {
        "atk_init": "3577",
        "atk_max": "5621",
        "aura_id": "",
        "aura_offset_x": "",
        "aura_offset_y": "",
        "aura_scale": "",
        "awakening_element_type": "1",
        "awakening_number": "",
        "bg_effect_id": "",
        "card_unique_info_id": "13",
        "character_id": "13",
        "collectable_type": "1",
        "cost": "12",
        "def_init": "2981",
        "def_max": "3598",
        "eball_mod_max": "120",
        "eball_mod_max_num": "12",
        "eball_mod_mid": "0",
        "eball_mod_mid_num": "0",
        "eball_mod_min": "40",
        "eball_mod_num100": "4",
        "element": "13",
        "exp_type": "5",
        "face_x": "336",
        "face_y": "769",
        "grow_type": "30",
        "hp_init": "4519",
        "hp_max": "5703",
        "id": "1001441",
        "is_aura_front": "0",
        "is_selling_only": "0",
        "leader_skill_set_id": "100144",
        "link_skill1_id": "45",
        "link_skill2_id": "37",
        "link_skill3_id": "36",
        "link_skill4_id": "53",
        "link_skill5_id": "47",
        "link_skill6_id": "",
        "link_skill7_id": "",
        "lv_max": "80",
        "max_level_reward_id": "1",
        "max_level_reward_type": "1",
        "name": "Yamcha",
        "optimal_awakening_grow_type": "",
        "passive_skill_set_id": "151",
        "potential_board_id": "23",
        "price": "13336",
        "rarity": "3",
        "resource_id": "",
        "selling_exchange_point": "600",
        "skill_lv_max": "10",
        "special_motion": "2",
        "training_exp": "4280"
    },
    "card_specials": {
        "335": {
            "bonus_view_id1": "0",
            "bonus_view_id2": "0",
            "card_costume_condition_id": "0",
            "causality_conditions": "",
            "eball_num_start": "12",
            "lv_start": "0",
            "priority": "0",
            "special_asset_id": "",
            "special_bonus_id1": "0",
            "special_bonus_id2": "0",
            "special_bonus_lv1": "0",
            "special_bonus_lv2": "0",
            "special_set_id": "70",
            "style": "Normal",
            "view_id": "335"
        }
    },
    "categories": [
        {
            "id": "37"
        },
        {
            "id": "39"
        },
        {
            "id": "51"
        },
        {
            "id": "65"
        },
        {
            "id": "86"
        },
        {
            "id": "89"
        },
        {
            "id": "10117000"
        }
    ],
    "leader_skill": {
        "description": "TEQ & STR Types Ki +2",
        "id": "100144",
        "name": "Burning Spirit",
        "skills": [
            {
                "calc_option": "0",
                "causality_conditions": "",
                "efficacy_type": "20",
                "efficacy_values": "[1, 2, 0]",
                "exec_timing_type": "1",
                "sub_target_type_set_id": "0",
                "target_type": "2"
            },
            {
                "calc_option": "0",
                "causality_conditions": "",
                "efficacy_type": "20",
                "efficacy_values": "[3, 2, 0]",
                "exec_timing_type": "1",
                "sub_target_type_set_id": "0",
                "target_type": "2"
            },
            {
                "calc_option": "0",
                "causality_conditions": "",
                "efficacy_type": "0",
                "efficacy_values": "[0, 0, 0]",
                "exec_timing_type": "1",
                "sub_target_type_set_id": "0",
                "target_type": "2"
            },
            {
                "calc_option": "0",
                "causality_conditions": "",
                "efficacy_type": "0",
                "efficacy_values": "[0, 0, 0]",
                "exec_timing_type": "1",
                "sub_target_type_set_id": "0",
                "target_type": "2"
            },
            {
                "calc_option": "0",
                "causality_conditions": "",
                "efficacy_type": "0",
                "efficacy_values": "[0, 0, 0]",
                "exec_timing_type": "1",
                "sub_target_type_set_id": "0",
                "target_type": "2"
            }
        ]
    },
    "passive_skill": {
        "id": "151",
        "itemized_description": "*When attacking with 8 or more Ki*\r\n- ATK 25%{passiveImg:up_g}",
        "name": "Focus",
        "skills": [
            {
                "calc_option": "2",
                "causality_conditions": "{\"source\": \"31\", \"compiled\": 31}",
                "eff_value1": "25",
                "eff_value2": "0",
                "eff_value3": "0",
                "efficacy_type": "1",
                "efficacy_values": "{}",
                "exec_timing_type": "4",
                "is_once": "0",
                "passive_skill_effect_id": "",
                "probability": "100",
                "sub_target_type_set_id": "0",
                "target_type": "1",
                "turn": "1"
            }
        ]
    },
    "special_sets": {
        "70": [
            {
                "aim_target": "0",
                "causality_description": "",
                "description": "Causes huge damage to enemy",
                "increase_rate": "100",
                "is_inactive": "0",
                "lv_bonus": "10",
                "name": "Kamehameha"
            }
        ]
    },
    "specials": {
        "70": [
        ]
    }
}
