{
    "card": {
        "atk_init": "3715",
        "atk_max": "5792",
        "aura_id": "",
        "aura_offset_x": "",
        "aura_offset_y": "",
        "aura_scale": "",
        "awakening_element_type": "1",
        "awakening_number": "",
        "bg_effect_id": "",
        "card_unique_info_id": "68",
        "character_id": "70",
        "collectable_type": "1",
        "cost": "12",
        "def_init": "3228",
        "def_max": "3906",
        "eball_mod_max": "120",
        "eball_mod_max_num": "12",
        "eball_mod_mid": "0",
        "eball_mod_mid_num": "0",
        "eball_mod_min": "70",
        "eball_mod_num100": "4",
        "element": "10",
        "exp_type": "2",
        "face_x": "336",
        "face_y": "769",
        "grow_type": "30",
        "hp_init": "4205",
        "hp_max": "5104",
        "id": "1001501",
        "is_aura_front": "0",
        "is_selling_only": "0",
        "leader_skill_set_id": "100150",
        "link_skill1_id": "22",
        "link_skill2_id": "62",
        "link_skill3_id": "63",
        "link_skill4_id": "64",
        "link_skill5_id": "",
        "link_skill6_id": "",
        "link_skill7_id": "",
        "lv_max": "80",
        "max_level_reward_id": "1",
        "max_level_reward_type": "1",
        "name": "Fasha",
        "optimal_awakening_grow_type": "",
        "passive_skill_set_id": "165",
        "potential_board_id": "20",
        "price": "13336",
        "rarity": "3",
        "resource_id": "",
        "selling_exchange_point": "600",
        "skill_lv_max": "10",
        "special_motion": "1",
        "training_exp": "4280"
    },
    "card_specials": {
        "363": {
            "bonus_view_id1": "0",
            "bonus_view_id2": "0",
            "card_costume_condition_id": "0",
            "causality_conditions": "",
            "eball_num_start": "12",
            "lv_start": "0",
            "priority": "0",
            "special_asset_id": "",
            "special_bonus_id1": "0",
            "special_bonus_id2": "0",
            "special_bonus_lv1": "0",
            "special_bonus_lv2": "0",
            "special_set_id": "79",
            "style": "Normal",
            "view_id": "363"
        }
    },
    "categories": [
        {
            "id": "4"
        },
        {
            "id": "11"
        },
        {
            "id": "17"
        },
        {
            "id": "49"
        },
        {
            "id": "62"
        },
        {
            "id": "71"
        },
        {
            "id": "97"
        }
    ],
    "leader_skill": {
        "description": "ATK + 15% for all Types",
        "id": "100150",
        "name": "Warrior of Daring",
        "skills": [
            {
                "calc_option": "2",
                "causality_conditions": "",
                "efficacy_type": "1",
                "efficacy_values": "[15, 0, 0]",
                "exec_timing_type": "1",
                "sub_target_type_set_id": "0",
                "target_type": "2"
            },
            {
                "calc_option": "0",
                "causality_conditions": "",
                "efficacy_type": "0",
                "efficacy_values": "[0, 0, 0]",
                "exec_timing_type": "1",
                "sub_target_type_set_id": "0",
                "target_type": "2"
            },
            {
                "calc_option": "0",
                "causality_conditions": "",
                "efficacy_type": "0",
                "efficacy_values": "[0, 0, 0]",
                "exec_timing_type": "1",
                "sub_target_type_set_id": "0",
                "target_type": "2"
            },
            {
                "calc_option": "0",
                "causality_conditions": "",
                "efficacy_type": "0",
                "efficacy_values": "[0, 0, 0]",
                "exec_timing_type": "1",
                "sub_target_type_set_id": "0",
                "target_type": "2"
            },
            {
                "calc_option": "0",
                "causality_conditions": "",
                "efficacy_type": "0",
                "efficacy_values": "[0, 0, 0]",
                "exec_timing_type": "1",
                "sub_target_type_set_id": "0",
                "target_type": "2"
            }
        ]
    },
    "passive_skill": {
        "id": "165",
        "itemized_description": "*Basic effect(s)*\r\n- Very rare chance of ATK 70%{passiveImg:up_g}",
        "name": "No More Games",
        "skills": [
            {
                "calc_option": "2",
                "causality_conditions": "",
                "eff_value1": "70",
                "eff_value2": "0",
                "eff_value3": "0",
                "efficacy_type": "1",
                "efficacy_values": "{}",
                "exec_timing_type": "1",
                "is_once": "0",
                "passive_skill_effect_id": "",
                "probability": "3",
                "sub_target_type_set_id": "0",
                "target_type": "1",
                "turn": "1"
            }
        ]
    },
    "special_sets": {
        "79": [
            {
                "aim_target": "0",
                "causality_description": "",
                "description": "Causes huge damage to enemy",
                "increase_rate": "100",
                "is_inactive": "0",
                "lv_bonus": "10",
                "name": "Energy Bullet"
            }
        ]
    },
    "specials": {
        "79": [
        ]
    }
}
