{
    "card": {
        "atk_init": "3297",
        "atk_max": "5212",
        "aura_id": "",
        "aura_offset_x": "",
        "aura_offset_y": "",
        "aura_scale": "",
        "awakening_element_type": "2",
        "awakening_number": "",
        "bg_effect_id": "",
        "card_unique_info_id": "33",
        "character_id": "32",
        "collectable_type": "1",
        "cost": "14",
        "def_init": "3351",
        "def_max": "3980",
        "eball_mod_max": "150",
        "eball_mod_max_num": "12",
        "eball_mod_mid": "0",
        "eball_mod_mid_num": "0",
        "eball_mod_min": "40",
        "eball_mod_num100": "4",
        "element": "21",
        "exp_type": "5",
        "face_x": "509",
        "face_y": "847",
        "grow_type": "30",
        "hp_init": "3978",
        "hp_max": "4896",
        "id": "1001071",
        "is_aura_front": "0",
        "is_selling_only": "0",
        "leader_skill_set_id": "100107",
        "link_skill1_id": "41",
        "link_skill2_id": "13",
        "link_skill3_id": "18",
        "link_skill4_id": "8",
        "link_skill5_id": "94",
        "link_skill6_id": "",
        "link_skill7_id": "",
        "lv_max": "80",
        "max_level_reward_id": "1",
        "max_level_reward_type": "1",
        "name": "Guldo",
        "optimal_awakening_grow_type": "",
        "passive_skill_set_id": "28",
        "potential_board_id": "21",
        "price": "13277",
        "rarity": "3",
        "resource_id": "",
        "selling_exchange_point": "600",
        "skill_lv_max": "10",
        "special_motion": "1",
        "training_exp": "4280"
    },
    "card_specials": {
        "261": {
            "bonus_view_id1": "0",
            "bonus_view_id2": "0",
            "card_costume_condition_id": "0",
            "causality_conditions": "",
            "eball_num_start": "12",
            "lv_start": "0",
            "priority": "0",
            "special_asset_id": "",
            "special_bonus_id1": "0",
            "special_bonus_id2": "0",
            "special_bonus_lv1": "0",
            "special_bonus_lv2": "0",
            "special_set_id": "39",
            "style": "Normal",
            "view_id": "261"
        }
    },
    "categories": [
        {
            "id": "14"
        },
        {
            "id": "15"
        },
        {
            "id": "25"
        },
        {
            "id": "41"
        },
        {
            "id": "52"
        },
        {
            "id": "62"
        },
        {
            "id": "97"
        }
    ],
    "leader_skill": {
        "description": "Enemy DEF - 25%",
        "id": "100107",
        "name": "Master of Magic",
        "skills": [
            {
                "calc_option": "3",
                "causality_conditions": "",
                "efficacy_type": "2",
                "efficacy_values": "[25, 0, 0]",
                "exec_timing_type": "1",
                "sub_target_type_set_id": "0",
                "target_type": "4"
            },
            {
                "calc_option": "0",
                "causality_conditions": "",
                "efficacy_type": "0",
                "efficacy_values": "[0, 0, 0]",
                "exec_timing_type": "1",
                "sub_target_type_set_id": "0",
                "target_type": "4"
            },
            {
                "calc_option": "0",
                "causality_conditions": "",
                "efficacy_type": "0",
                "efficacy_values": "[0, 0, 0]",
                "exec_timing_type": "1",
                "sub_target_type_set_id": "0",
                "target_type": "4"
            },
            {
                "calc_option": "0",
                "causality_conditions": "",
                "efficacy_type": "0",
                "efficacy_values": "[0, 0, 0]",
                "exec_timing_type": "1",
                "sub_target_type_set_id": "0",
                "target_type": "4"
            },
            {
                "calc_option": "0",
                "causality_conditions": "",
                "efficacy_type": "0",
                "efficacy_values": "[0, 0, 0]",
                "exec_timing_type": "1",
                "sub_target_type_set_id": "0",
                "target_type": "4"
            }
        ]
    },
    "passive_skill": {
        "id": "28",
        "itemized_description": "*After receiving an attack*\r\n- All enemies' DEF 100%{passiveImg:down_y} for 3 turn(s)",
        "name": "Paralysis",
        "skills": [
            {
                "calc_option": "3",
                "causality_conditions": "{\"source\": \"24\", \"compiled\": 24}",
                "eff_value1": "100",
                "eff_value2": "0",
                "eff_value3": "0",
                "efficacy_type": "2",
                "efficacy_values": "{}",
                "exec_timing_type": "7",
                "is_once": "0",
                "passive_skill_effect_id": "",
                "probability": "100",
                "sub_target_type_set_id": "0",
                "target_type": "4",
                "turn": "3"
            }
        ]
    },
    "special_sets": {
        "39": [
            {
                "aim_target": "0",
                "causality_description": "",
                "description": "Causes huge damage to enemy",
                "increase_rate": "100",
                "is_inactive": "0",
                "lv_bonus": "10",
                "name": "Psycho Javelin"
            }
        ]
    },
    "specials": {
        "39": [
        ]
    }
}
