{
    "card": {
        "atk_init": "1806",
        "atk_max": "6021",
        "aura_id": "",
        "aura_offset_x": "",
        "aura_offset_y": "",
        "aura_scale": "",
        "awakening_element_type": "1",
        "awakening_number": "",
        "bg_effect_id": "",
        "card_unique_info_id": "131",
        "character_id": "207",
        "collectable_type": "1",
        "cost": "18",
        "def_init": "1220",
        "def_max": "4066",
        "eball_mod_max": "120",
        "eball_mod_max_num": "12",
        "eball_mod_mid": "0",
        "eball_mod_mid_num": "0",
        "eball_mod_min": "50",
        "eball_mod_num100": "3",
        "element": "0",
        "exp_type": "5",
        "face_x": "336",
        "face_y": "769",
        "grow_type": "33",
        "hp_init": "2458",
        "hp_max": "8194",
        "id": "1001790",
        "is_aura_front": "0",
        "is_selling_only": "0",
        "leader_skill_set_id": "100179",
        "link_skill1_id": "29",
        "link_skill2_id": "22",
        "link_skill3_id": "9",
        "link_skill4_id": "40",
        "link_skill5_id": "65",
        "link_skill6_id": "",
        "link_skill7_id": "",
        "lv_max": "80",
        "max_level_reward_id": "1",
        "max_level_reward_type": "1",
        "name": "Super Saiyan 2 Vegeta",
        "optimal_awakening_grow_type": "",
        "passive_skill_set_id": "247",
        "potential_board_id": "",
        "price": "13737",
        "rarity": "3",
        "resource_id": "",
        "selling_exchange_point": "10000",
        "skill_lv_max": "10",
        "special_motion": "1",
        "training_exp": "4297"
    },
    "card_specials": {
        "540": {
            "bonus_view_id1": "0",
            "bonus_view_id2": "0",
            "card_costume_condition_id": "0",
            "causality_conditions": "",
            "eball_num_start": "12",
            "lv_start": "0",
            "priority": "0",
            "special_asset_id": "",
            "special_bonus_id1": "0",
            "special_bonus_id2": "0",
            "special_bonus_lv1": "0",
            "special_bonus_lv2": "0",
            "special_set_id": "141",
            "style": "Normal",
            "view_id": "540"
        }
    },
    "categories": [
        {
            "id": "7"
        },
        {
            "id": "9"
        },
        {
            "id": "17"
        },
        {
            "id": "31"
        },
        {
            "id": "37"
        },
        {
            "id": "45"
        },
        {
            "id": "55"
        },
        {
            "id": "63"
        },
        {
            "id": "68"
        },
        {
            "id": "76"
        },
        {
            "id": "83"
        },
        {
            "id": "84"
        },
        {
            "id": "87"
        },
        {
            "id": "90"
        },
        {
            "id": "96"
        }
    ],
    "leader_skill": {
        "description": "AGL, TEQ & PHY Types HP & ATK +20%",
        "id": "100179",
        "name": "Combative Will",
        "skills": [
            {
                "calc_option": "2",
                "causality_conditions": "",
                "efficacy_type": "44",
                "efficacy_values": "[0, 20, 20]",
                "exec_timing_type": "1",
                "sub_target_type_set_id": "0",
                "target_type": "2"
            },
            {
                "calc_option": "2",
                "causality_conditions": "",
                "efficacy_type": "44",
                "efficacy_values": "[1, 20, 20]",
                "exec_timing_type": "1",
                "sub_target_type_set_id": "0",
                "target_type": "2"
            },
            {
                "calc_option": "2",
                "causality_conditions": "",
                "efficacy_type": "44",
                "efficacy_values": "[4, 20, 20]",
                "exec_timing_type": "1",
                "sub_target_type_set_id": "0",
                "target_type": "2"
            },
            {
                "calc_option": "0",
                "causality_conditions": "",
                "efficacy_type": "0",
                "efficacy_values": "[0, 0, 0]",
                "exec_timing_type": "1",
                "sub_target_type_set_id": "0",
                "target_type": "2"
            },
            {
                "calc_option": "0",
                "causality_conditions": "",
                "efficacy_type": "0",
                "efficacy_values": "[0, 0, 0]",
                "exec_timing_type": "1",
                "sub_target_type_set_id": "0",
                "target_type": "2"
            }
        ]
    },
    "passive_skill": {
        "id": "247",
        "itemized_description": "*When HP is 80% or less*\n- ATK & DEF 40%{passiveImg:up_g}",
        "name": "Full-Power Blitz",
        "skills": [
            {
                "calc_option": "2",
                "causality_conditions": "{\"source\": \"42\", \"compiled\": 42}",
                "eff_value1": "40",
                "eff_value2": "40",
                "eff_value3": "0",
                "efficacy_type": "3",
                "efficacy_values": "{}",
                "exec_timing_type": "1",
                "is_once": "0",
                "passive_skill_effect_id": "",
                "probability": "100",
                "sub_target_type_set_id": "0",
                "target_type": "1",
                "turn": "1"
            }
        ]
    },
    "special_sets": {
        "141": [
            {
                "aim_target": "0",
                "causality_description": "",
                "description": "Causes extreme damage to enemy",
                "increase_rate": "120",
                "is_inactive": "0",
                "lv_bonus": "15",
                "name": "Final Impact"
            }
        ]
    },
    "specials": {
        "141": [
        ]
    }
}
