{
    "card": {
        "atk_init": "1",
        "atk_max": "1",
        "aura_id": "",
        "aura_offset_x": "",
        "aura_offset_y": "",
        "aura_scale": "",
        "awakening_element_type": "1",
        "awakening_number": "",
        "bg_effect_id": "",
        "card_unique_info_id": "13",
        "character_id": "212",
        "collectable_type": "1",
        "cost": "1",
        "def_init": "1",
        "def_max": "1",
        "eball_mod_max": "1",
        "eball_mod_max_num": "1",
        "eball_mod_mid": "0",
        "eball_mod_mid_num": "0",
        "eball_mod_min": "1",
        "eball_mod_num100": "1",
        "element": "13",
        "exp_type": "4",
        "face_x": "336",
        "face_y": "769",
        "grow_type": "2",
        "hp_init": "1",
        "hp_max": "1",
        "id": "1001871",
        "is_aura_front": "0",
        "is_selling_only": "0",
        "leader_skill_set_id": "900001",
        "link_skill1_id": "",
        "link_skill2_id": "",
        "link_skill3_id": "",
        "link_skill4_id": "",
        "link_skill5_id": "",
        "link_skill6_id": "",
        "link_skill7_id": "",
        "lv_max": "20",
        "max_level_reward_id": "1",
        "max_level_reward_type": "1",
        "name": "Yamcha",
        "optimal_awakening_grow_type": "",
        "passive_skill_set_id": "1",
        "potential_board_id": "",
        "price": "1",
        "rarity": "1",
        "resource_id": "",
        "selling_exchange_point": "1",
        "skill_lv_max": "10",
        "special_motion": "1",
        "training_exp": "1"
    },
    "card_specials": {
        "537": {
            "bonus_view_id1": "0",
            "bonus_view_id2": "0",
            "card_costume_condition_id": "0",
            "causality_conditions": "",
            "eball_num_start": "1",
            "lv_start": "0",
            "priority": "0",
            "special_asset_id": "",
            "special_bonus_id1": "0",
            "special_bonus_id2": "0",
            "special_bonus_lv1": "0",
            "special_bonus_lv2": "0",
            "special_set_id": "17",
            "style": "Normal",
            "view_id": "537"
        }
    },
    "categories": [
        {
            "id": "37"
        },
        {
            "id": "38"
        },
        {
            "id": "51"
        },
        {
            "id": "65"
        },
        {
            "id": "89"
        }
    ],
    "leader_skill": {
        "description": "None",
        "id": "900001",
        "name": "Fearless Fighter",
        "skills": [
            {
                "calc_option": "0",
                "causality_conditions": "",
                "efficacy_type": "0",
                "efficacy_values": "[0, 0, 0]",
                "exec_timing_type": "1",
                "sub_target_type_set_id": "0",
                "target_type": "2"
            },
            {
                "calc_option": "0",
                "causality_conditions": "",
                "efficacy_type": "0",
                "efficacy_values": "[0, 0, 0]",
                "exec_timing_type": "1",
                "sub_target_type_set_id": "0",
                "target_type": "2"
            },
            {
                "calc_option": "0",
                "causality_conditions": "",
                "efficacy_type": "0",
                "efficacy_values": "[0, 0, 0]",
                "exec_timing_type": "1",
                "sub_target_type_set_id": "0",
                "target_type": "2"
            },
            {
                "calc_option": "0",
                "causality_conditions": "",
                "efficacy_type": "0",
                "efficacy_values": "[0, 0, 0]",
                "exec_timing_type": "1",
                "sub_target_type_set_id": "0",
                "target_type": "2"
            },
            {
                "calc_option": "0",
                "causality_conditions": "",
                "efficacy_type": "0",
                "efficacy_values": "[0, 0, 0]",
                "exec_timing_type": "1",
                "sub_target_type_set_id": "0",
                "target_type": "2"
            }
        ]
    },
    "passive_skill": {
        "id": "1",
        "itemized_description": "*After delivering a final blow*\n- ATK 25%{passiveImg:up_g} for 3 turn(s) after the end of the turn",
        "name": "Barrage",
        "skills": [
            {
                "calc_option": "2",
                "causality_conditions": "{\"source\": \"13\", \"compiled\": 13}",
                "eff_value1": "25",
                "eff_value2": "0",
                "eff_value3": "0",
                "efficacy_type": "1",
                "efficacy_values": "{}",
                "exec_timing_type": "9",
                "is_once": "0",
                "passive_skill_effect_id": "",
                "probability": "100",
                "sub_target_type_set_id": "0",
                "target_type": "1",
                "turn": "4"
            }
        ]
    },
    "special_sets": {
        "17": [
            {
                "aim_target": "0",
                "causality_description": "",
                "description": "Causes huge damage to enemy \nand lowers DEF",
                "increase_rate": "100",
                "is_inactive": "0",
                "lv_bonus": "10",
                "name": "Wolf Fang Fist"
            }
        ]
    },
    "specials": {
        "17": [
            {
                "calc_option": "3",
                "causality_conditions": "",
                "eff_value1": "20",
                "eff_value2": "0",
                "eff_value3": "0",
                "efficacy_type": "2",
                "prob": "100",
                "target_type": "3",
                "turn": "3",
                "type": "Special::NormalEfficacySpecial"
            }
        ]
    }
}
