{
    "card": {
        "atk_init": "1165",
        "atk_max": "3883",
        "aura_id": "",
        "aura_offset_x": "",
        "aura_offset_y": "",
        "aura_scale": "",
        "awakening_element_type": "2",
        "awakening_number": "",
        "bg_effect_id": "",
        "card_unique_info_id": "112",
        "character_id": "205",
        "collectable_type": "1",
        "cost": "10",
        "def_init": "827",
        "def_max": "2756",
        "eball_mod_max": "130",
        "eball_mod_max_num": "12",
        "eball_mod_mid": "0",
        "eball_mod_mid_num": "0",
        "eball_mod_min": "50",
        "eball_mod_num100": "5",
        "element": "4",
        "exp_type": "5",
        "face_x": "336",
        "face_y": "769",
        "grow_type": "23",
        "hp_init": "1518",
        "hp_max": "5060",
        "id": "1001720",
        "is_aura_front": "0",
        "is_selling_only": "0",
        "leader_skill_set_id": "100172",
        "link_skill1_id": "17",
        "link_skill2_id": "19",
        "link_skill3_id": "33",
        "link_skill4_id": "47",
        "link_skill5_id": "1004",
        "link_skill6_id": "",
        "link_skill7_id": "",
        "lv_max": "60",
        "max_level_reward_id": "1",
        "max_level_reward_type": "1",
        "name": "Cell (Perfect Form)",
        "optimal_awakening_grow_type": "",
        "passive_skill_set_id": "222",
        "potential_board_id": "",
        "price": "3715",
        "rarity": "2",
        "resource_id": "",
        "selling_exchange_point": "500",
        "skill_lv_max": "10",
        "special_motion": "1",
        "training_exp": "2672"
    },
    "card_specials": {
        "390": {
            "bonus_view_id1": "0",
            "bonus_view_id2": "0",
            "card_costume_condition_id": "0",
            "causality_conditions": "",
            "eball_num_start": "12",
            "lv_start": "0",
            "priority": "0",
            "special_asset_id": "",
            "special_bonus_id1": "0",
            "special_bonus_id2": "0",
            "special_bonus_lv1": "0",
            "special_bonus_lv2": "0",
            "special_set_id": "94",
            "style": "Normal",
            "view_id": "390"
        }
    },
    "categories": [
        {
            "id": "21"
        },
        {
            "id": "23"
        },
        {
            "id": "26"
        },
        {
            "id": "32"
        },
        {
            "id": "38"
        },
        {
            "id": "39"
        },
        {
            "id": "43"
        },
        {
            "id": "59"
        },
        {
            "id": "78"
        },
        {
            "id": "80"
        },
        {
            "id": "82"
        },
        {
            "id": "91"
        },
        {
            "id": "7462"
        }
    ],
    "leader_skill": {
        "description": "AGL, INT & PHY Types Ki +1",
        "id": "100172",
        "name": "Perfect Power",
        "skills": [
            {
                "calc_option": "0",
                "causality_conditions": "",
                "efficacy_type": "20",
                "efficacy_values": "[0, 1, 0]",
                "exec_timing_type": "1",
                "sub_target_type_set_id": "0",
                "target_type": "2"
            },
            {
                "calc_option": "0",
                "causality_conditions": "",
                "efficacy_type": "20",
                "efficacy_values": "[2, 1, 0]",
                "exec_timing_type": "1",
                "sub_target_type_set_id": "0",
                "target_type": "2"
            },
            {
                "calc_option": "0",
                "causality_conditions": "",
                "efficacy_type": "20",
                "efficacy_values": "[4, 1, 0]",
                "exec_timing_type": "1",
                "sub_target_type_set_id": "0",
                "target_type": "2"
            },
            {
                "calc_option": "0",
                "causality_conditions": "",
                "efficacy_type": "0",
                "efficacy_values": "[0, 0, 0]",
                "exec_timing_type": "1",
                "sub_target_type_set_id": "0",
                "target_type": "2"
            },
            {
                "calc_option": "0",
                "causality_conditions": "",
                "efficacy_type": "0",
                "efficacy_values": "[0, 0, 0]",
                "exec_timing_type": "1",
                "sub_target_type_set_id": "0",
                "target_type": "2"
            }
        ]
    },
    "passive_skill": {
        "id": "222",
        "itemized_description": "*Basic effect(s)*\r\n- ATK & DEF 20%{passiveImg:up_g}",
        "name": "Perfect Form",
        "skills": [
            {
                "calc_option": "2",
                "causality_conditions": "",
                "eff_value1": "20",
                "eff_value2": "20",
                "eff_value3": "0",
                "efficacy_type": "3",
                "efficacy_values": "{}",
                "exec_timing_type": "1",
                "is_once": "0",
                "passive_skill_effect_id": "",
                "probability": "100",
                "sub_target_type_set_id": "0",
                "target_type": "1",
                "turn": "1"
            }
        ]
    },
    "special_sets": {
        "94": [
            {
                "aim_target": "0",
                "causality_description": "",
                "description": "Causes extreme damage to enemy",
                "increase_rate": "120",
                "is_inactive": "0",
                "lv_bonus": "15",
                "name": "Super Kamehameha"
            }
        ]
    },
    "specials": {
        "94": [
        ]
    }
}
