{
    "card": {
        "atk_init": "6116",
        "atk_max": "7081",
        "aura_id": "",
        "aura_offset_x": "",
        "aura_offset_y": "",
        "aura_scale": "",
        "awakening_element_type": "2",
        "awakening_number": "",
        "bg_effect_id": "",
        "card_unique_info_id": "78",
        "character_id": "202",
        "collectable_type": "1",
        "cost": "23",
        "def_init": "3128",
        "def_max": "3645",
        "eball_mod_max": "123",
        "eball_mod_max_num": "12",
        "eball_mod_mid": "0",
        "eball_mod_mid_num": "0",
        "eball_mod_min": "50",
        "eball_mod_num100": "4",
        "element": "22",
        "exp_type": "5",
        "face_x": "336",
        "face_y": "769",
        "grow_type": "40",
        "hp_init": "7881",
        "hp_max": "8945",
        "id": "1001691",
        "is_aura_front": "0",
        "is_selling_only": "0",
        "leader_skill_set_id": "100169",
        "link_skill1_id": "65",
        "link_skill2_id": "19",
        "link_skill3_id": "50",
        "link_skill4_id": "47",
        "link_skill5_id": "33",
        "link_skill6_id": "",
        "link_skill7_id": "",
        "lv_max": "100",
        "max_level_reward_id": "1",
        "max_level_reward_type": "1",
        "name": "Perfect Cell",
        "optimal_awakening_grow_type": "",
        "passive_skill_set_id": "176",
        "potential_board_id": "22",
        "price": "29215",
        "rarity": "4",
        "resource_id": "",
        "selling_exchange_point": "15000",
        "skill_lv_max": "10",
        "special_motion": "1",
        "training_exp": "5996"
    },
    "card_specials": {
        "385": {
            "bonus_view_id1": "0",
            "bonus_view_id2": "0",
            "card_costume_condition_id": "0",
            "causality_conditions": "",
            "eball_num_start": "12",
            "lv_start": "0",
            "priority": "0",
            "special_asset_id": "",
            "special_bonus_id1": "0",
            "special_bonus_id2": "0",
            "special_bonus_lv1": "0",
            "special_bonus_lv2": "0",
            "special_set_id": "85",
            "style": "Normal",
            "view_id": "385"
        }
    },
    "categories": [
        {
            "id": "7"
        },
        {
            "id": "20"
        },
        {
            "id": "21"
        },
        {
            "id": "23"
        },
        {
            "id": "26"
        },
        {
            "id": "32"
        },
        {
            "id": "38"
        },
        {
            "id": "39"
        },
        {
            "id": "48"
        },
        {
            "id": "66"
        },
        {
            "id": "69"
        },
        {
            "id": "78"
        },
        {
            "id": "80"
        },
        {
            "id": "82"
        },
        {
            "id": "83"
        },
        {
            "id": "91"
        }
    ],
    "leader_skill": {
        "description": "ATK +25% for all Types",
        "id": "100169",
        "name": "Terror Perfected",
        "skills": [
            {
                "calc_option": "2",
                "causality_conditions": "",
                "efficacy_type": "1",
                "efficacy_values": "[25, 0, 0]",
                "exec_timing_type": "1",
                "sub_target_type_set_id": "0",
                "target_type": "2"
            },
            {
                "calc_option": "0",
                "causality_conditions": "",
                "efficacy_type": "0",
                "efficacy_values": "[0, 0, 0]",
                "exec_timing_type": "1",
                "sub_target_type_set_id": "0",
                "target_type": "2"
            },
            {
                "calc_option": "0",
                "causality_conditions": "",
                "efficacy_type": "0",
                "efficacy_values": "[0, 0, 0]",
                "exec_timing_type": "1",
                "sub_target_type_set_id": "0",
                "target_type": "2"
            },
            {
                "calc_option": "0",
                "causality_conditions": "",
                "efficacy_type": "0",
                "efficacy_values": "[0, 0, 0]",
                "exec_timing_type": "1",
                "sub_target_type_set_id": "0",
                "target_type": "2"
            },
            {
                "calc_option": "0",
                "causality_conditions": "",
                "efficacy_type": "0",
                "efficacy_values": "[0, 0, 0]",
                "exec_timing_type": "1",
                "sub_target_type_set_id": "0",
                "target_type": "2"
            }
        ]
    },
    "passive_skill": {
        "id": "176",
        "itemized_description": "*Basic effect(s)*\n- ATK & DEF 25%{passiveImg:up_g}",
        "name": "Perfect Body",
        "skills": [
            {
                "calc_option": "2",
                "causality_conditions": "",
                "eff_value1": "25",
                "eff_value2": "25",
                "eff_value3": "0",
                "efficacy_type": "3",
                "efficacy_values": "{}",
                "exec_timing_type": "1",
                "is_once": "0",
                "passive_skill_effect_id": "",
                "probability": "100",
                "sub_target_type_set_id": "0",
                "target_type": "1",
                "turn": "1"
            }
        ]
    },
    "special_sets": {
        "85": [
            {
                "aim_target": "0",
                "causality_description": "",
                "description": "Causes supreme damage to enemy",
                "increase_rate": "150",
                "is_inactive": "0",
                "lv_bonus": "20",
                "name": "Solar Kamehameha"
            }
        ]
    },
    "specials": {
        "85": [
        ]
    }
}
