{
    "card": {
        "atk_init": "1121",
        "atk_max": "3738",
        "aura_id": "",
        "aura_offset_x": "",
        "aura_offset_y": "",
        "aura_scale": "",
        "awakening_element_type": "1",
        "awakening_number": "",
        "bg_effect_id": "",
        "card_unique_info_id": "214",
        "character_id": "277",
        "collectable_type": "1",
        "cost": "10",
        "def_init": "10",
        "def_max": "350",
        "eball_mod_max": "115",
        "eball_mod_max_num": "12",
        "eball_mod_mid": "0",
        "eball_mod_mid_num": "0",
        "eball_mod_min": "35",
        "eball_mod_num100": "5",
        "element": "4",
        "exp_type": "4",
        "face_x": "336",
        "face_y": "769",
        "grow_type": "23",
        "hp_init": "2364",
        "hp_max": "7880",
        "id": "1002410",
        "is_aura_front": "0",
        "is_selling_only": "0",
        "leader_skill_set_id": "100241",
        "link_skill1_id": "47",
        "link_skill2_id": "22",
        "link_skill3_id": "52",
        "link_skill4_id": "113",
        "link_skill5_id": "112",
        "link_skill6_id": "",
        "link_skill7_id": "",
        "lv_max": "60",
        "max_level_reward_id": "1",
        "max_level_reward_type": "1",
        "name": "Veku",
        "optimal_awakening_grow_type": "",
        "passive_skill_set_id": "455",
        "potential_board_id": "",
        "price": "3386",
        "rarity": "2",
        "resource_id": "",
        "selling_exchange_point": "100",
        "skill_lv_max": "10",
        "special_motion": "1",
        "training_exp": "2765"
    },
    "card_specials": {
        "973": {
            "bonus_view_id1": "0",
            "bonus_view_id2": "0",
            "card_costume_condition_id": "0",
            "causality_conditions": "",
            "eball_num_start": "12",
            "lv_start": "0",
            "priority": "0",
            "special_asset_id": "",
            "special_bonus_id1": "0",
            "special_bonus_id2": "0",
            "special_bonus_lv1": "0",
            "special_bonus_lv2": "0",
            "special_set_id": "137",
            "style": "Normal",
            "view_id": "973"
        }
    },
    "categories": [
        {
            "id": "1"
        },
        {
            "id": "29"
        },
        {
            "id": "39"
        },
        {
            "id": "44"
        },
        {
            "id": "75"
        },
        {
            "id": "85"
        }
    ],
    "leader_skill": {
        "description": "PHY Type HP & ATK & DEF + 20%",
        "id": "100241",
        "name": "Unpredictable Paunch",
        "skills": [
            {
                "calc_option": "2",
                "causality_conditions": "",
                "efficacy_type": "18",
                "efficacy_values": "[4, 20, 20]",
                "exec_timing_type": "1",
                "sub_target_type_set_id": "0",
                "target_type": "2"
            },
            {
                "calc_option": "2",
                "causality_conditions": "",
                "efficacy_type": "19",
                "efficacy_values": "[4, 20, 0]",
                "exec_timing_type": "1",
                "sub_target_type_set_id": "0",
                "target_type": "2"
            },
            {
                "calc_option": "0",
                "causality_conditions": "",
                "efficacy_type": "0",
                "efficacy_values": "[0, 0, 0]",
                "exec_timing_type": "1",
                "sub_target_type_set_id": "0",
                "target_type": "2"
            },
            {
                "calc_option": "0",
                "causality_conditions": "",
                "efficacy_type": "0",
                "efficacy_values": "[0, 0, 0]",
                "exec_timing_type": "1",
                "sub_target_type_set_id": "0",
                "target_type": "2"
            },
            {
                "calc_option": "0",
                "causality_conditions": "",
                "efficacy_type": "0",
                "efficacy_values": "[0, 0, 0]",
                "exec_timing_type": "1",
                "sub_target_type_set_id": "0",
                "target_type": "2"
            }
        ]
    },
    "passive_skill": {
        "id": "455",
        "itemized_description": "*When receiving an attack*\r\n- High chance of damage reduction rate 50%{passiveImg:up_g} within the\r\nturn",
        "name": "Unforeseen Movement",
        "skills": [
            {
                "calc_option": "2",
                "causality_conditions": "",
                "eff_value1": "50",
                "eff_value2": "0",
                "eff_value3": "0",
                "efficacy_type": "13",
                "efficacy_values": "{}",
                "exec_timing_type": "6",
                "is_once": "0",
                "passive_skill_effect_id": "",
                "probability": "50",
                "sub_target_type_set_id": "0",
                "target_type": "1",
                "turn": "1"
            }
        ]
    },
    "special_sets": {
        "137": [
            {
                "aim_target": "0",
                "causality_description": "",
                "description": "Causes huge damage to enemy",
                "increase_rate": "100",
                "is_inactive": "0",
                "lv_bonus": "10",
                "name": "Kamehameha"
            }
        ]
    },
    "specials": {
        "137": [
        ]
    }
}
