{
    "card": {
        "atk_init": "5988",
        "atk_max": "7177",
        "aura_id": "",
        "aura_offset_x": "",
        "aura_offset_y": "",
        "aura_scale": "",
        "awakening_element_type": "2",
        "awakening_number": "",
        "bg_effect_id": "",
        "card_unique_info_id": "165",
        "character_id": "262",
        "collectable_type": "1",
        "cost": "26",
        "def_init": "2759",
        "def_max": "3252",
        "eball_mod_max": "130",
        "eball_mod_max_num": "12",
        "eball_mod_mid": "0",
        "eball_mod_mid_num": "0",
        "eball_mod_min": "50",
        "eball_mod_num100": "5",
        "element": "22",
        "exp_type": "5",
        "face_x": "336",
        "face_y": "769",
        "grow_type": "40",
        "hp_init": "7844",
        "hp_max": "9479",
        "id": "1002261",
        "is_aura_front": "0",
        "is_selling_only": "0",
        "leader_skill_set_id": "100226",
        "link_skill1_id": "65",
        "link_skill2_id": "6",
        "link_skill3_id": "84",
        "link_skill4_id": "90",
        "link_skill5_id": "102",
        "link_skill6_id": "119",
        "link_skill7_id": "",
        "lv_max": "100",
        "max_level_reward_id": "1",
        "max_level_reward_type": "1",
        "name": "Demon King Piccolo (Elder)",
        "optimal_awakening_grow_type": "",
        "passive_skill_set_id": "325",
        "potential_board_id": "12",
        "price": "29466",
        "rarity": "4",
        "resource_id": "",
        "selling_exchange_point": "1500",
        "skill_lv_max": "10",
        "special_motion": "1",
        "training_exp": "6045"
    },
    "card_specials": {
        "692": {
            "bonus_view_id1": "0",
            "bonus_view_id2": "0",
            "card_costume_condition_id": "0",
            "causality_conditions": "",
            "eball_num_start": "12",
            "lv_start": "0",
            "priority": "0",
            "special_asset_id": "",
            "special_bonus_id1": "0",
            "special_bonus_id2": "0",
            "special_bonus_lv1": "0",
            "special_bonus_lv2": "0",
            "special_set_id": "194",
            "style": "Normal",
            "view_id": "692"
        }
    },
    "categories": [
        {
            "id": "7"
        },
        {
            "id": "18"
        },
        {
            "id": "25"
        },
        {
            "id": "26"
        },
        {
            "id": "34"
        },
        {
            "id": "41"
        },
        {
            "id": "68"
        },
        {
            "id": "71"
        },
        {
            "id": "78"
        },
        {
            "id": "77"
        },
        {
            "id": "82"
        },
        {
            "id": "93"
        },
        {
            "id": "96"
        },
        {
            "id": "7466"
        }
    ],
    "leader_skill": {
        "description": "All Types Ki +2",
        "id": "100226",
        "name": "Terror Strikes Again",
        "skills": [
            {
                "calc_option": "0",
                "causality_conditions": "",
                "efficacy_type": "5",
                "efficacy_values": "[2, 0, 0]",
                "exec_timing_type": "1",
                "sub_target_type_set_id": "0",
                "target_type": "2"
            },
            {
                "calc_option": "0",
                "causality_conditions": "",
                "efficacy_type": "0",
                "efficacy_values": "[0, 0, 0]",
                "exec_timing_type": "1",
                "sub_target_type_set_id": "0",
                "target_type": "2"
            },
            {
                "calc_option": "0",
                "causality_conditions": "",
                "efficacy_type": "0",
                "efficacy_values": "[0, 0, 0]",
                "exec_timing_type": "1",
                "sub_target_type_set_id": "0",
                "target_type": "2"
            },
            {
                "calc_option": "0",
                "causality_conditions": "",
                "efficacy_type": "0",
                "efficacy_values": "[0, 0, 0]",
                "exec_timing_type": "1",
                "sub_target_type_set_id": "0",
                "target_type": "2"
            },
            {
                "calc_option": "0",
                "causality_conditions": "",
                "efficacy_type": "0",
                "efficacy_values": "[0, 0, 0]",
                "exec_timing_type": "1",
                "sub_target_type_set_id": "0",
                "target_type": "2"
            }
        ]
    },
    "passive_skill": {
        "id": "325",
        "itemized_description": "*Basic effect(s)*\r\n- All enemies' ATK 12%{passiveImg:down_y}",
        "name": "Martial Massacre",
        "skills": [
            {
                "calc_option": "3",
                "causality_conditions": "",
                "eff_value1": "12",
                "eff_value2": "0",
                "eff_value3": "0",
                "efficacy_type": "1",
                "efficacy_values": "{}",
                "exec_timing_type": "1",
                "is_once": "0",
                "passive_skill_effect_id": "",
                "probability": "100",
                "sub_target_type_set_id": "0",
                "target_type": "4",
                "turn": "1"
            }
        ]
    },
    "special_sets": {
        "194": [
            {
                "aim_target": "0",
                "causality_description": "",
                "description": "Causes extreme damage to enemy \r\nand lowers DEF",
                "increase_rate": "120",
                "is_inactive": "0",
                "lv_bonus": "15",
                "name": "Makosen"
            }
        ]
    },
    "specials": {
        "194": [
            {
                "calc_option": "3",
                "causality_conditions": "",
                "eff_value1": "20",
                "eff_value2": "0",
                "eff_value3": "0",
                "efficacy_type": "2",
                "prob": "100",
                "target_type": "3",
                "turn": "3",
                "type": "Special::NormalEfficacySpecial"
            }
        ]
    }
}
