{
    "card": {
        "atk_init": "3129",
        "atk_max": "6160",
        "aura_id": "",
        "aura_offset_x": "",
        "aura_offset_y": "",
        "aura_scale": "",
        "awakening_element_type": "2",
        "awakening_number": "",
        "bg_effect_id": "",
        "card_unique_info_id": "135",
        "character_id": "289",
        "collectable_type": "1",
        "cost": "17",
        "def_init": "1320",
        "def_max": "3258",
        "eball_mod_max": "140",
        "eball_mod_max_num": "12",
        "eball_mod_mid": "0",
        "eball_mod_mid_num": "0",
        "eball_mod_min": "40",
        "eball_mod_num100": "5",
        "element": "21",
        "exp_type": "5",
        "face_x": "336",
        "face_y": "769",
        "grow_type": "33",
        "hp_init": "4800",
        "hp_max": "7333",
        "id": "1002530",
        "is_aura_front": "0",
        "is_selling_only": "0",
        "leader_skill_set_id": "100253",
        "link_skill1_id": "55",
        "link_skill2_id": "35",
        "link_skill3_id": "52",
        "link_skill4_id": "28",
        "link_skill5_id": "119",
        "link_skill6_id": "120",
        "link_skill7_id": "",
        "lv_max": "80",
        "max_level_reward_id": "1",
        "max_level_reward_type": "1",
        "name": "Fusion Android #13",
        "optimal_awakening_grow_type": "",
        "passive_skill_set_id": "250",
        "potential_board_id": "",
        "price": "13825",
        "rarity": "3",
        "resource_id": "",
        "selling_exchange_point": "120",
        "skill_lv_max": "10",
        "special_motion": "1",
        "training_exp": "4320"
    },
    "card_specials": {
        "548": {
            "bonus_view_id1": "0",
            "bonus_view_id2": "0",
            "card_costume_condition_id": "0",
            "causality_conditions": "",
            "eball_num_start": "12",
            "lv_start": "0",
            "priority": "0",
            "special_asset_id": "",
            "special_bonus_id1": "0",
            "special_bonus_id2": "0",
            "special_bonus_lv1": "0",
            "special_bonus_lv2": "0",
            "special_set_id": "145",
            "style": "Normal",
            "view_id": "548"
        }
    },
    "categories": [
        {
            "id": "16"
        },
        {
            "id": "21"
        },
        {
            "id": "32"
        },
        {
            "id": "43"
        },
        {
            "id": "59"
        },
        {
            "id": "85"
        },
        {
            "id": "97"
        }
    ],
    "leader_skill": {
        "description": "TEQ, STR, PHY Type ATK & DEF +20%",
        "id": "100253",
        "name": "Deadliest Fusion Power",
        "skills": [
            {
                "calc_option": "2",
                "causality_conditions": "",
                "efficacy_type": "18",
                "efficacy_values": "[1, 20, 20]",
                "exec_timing_type": "1",
                "sub_target_type_set_id": "0",
                "target_type": "2"
            },
            {
                "calc_option": "2",
                "causality_conditions": "",
                "efficacy_type": "18",
                "efficacy_values": "[3, 20, 20]",
                "exec_timing_type": "1",
                "sub_target_type_set_id": "0",
                "target_type": "2"
            },
            {
                "calc_option": "2",
                "causality_conditions": "",
                "efficacy_type": "18",
                "efficacy_values": "[4, 20, 20]",
                "exec_timing_type": "1",
                "sub_target_type_set_id": "0",
                "target_type": "2"
            },
            {
                "calc_option": "0",
                "causality_conditions": "",
                "efficacy_type": "0",
                "efficacy_values": "[0, 0, 0]",
                "exec_timing_type": "1",
                "sub_target_type_set_id": "0",
                "target_type": "2"
            },
            {
                "calc_option": "0",
                "causality_conditions": "",
                "efficacy_type": "0",
                "efficacy_values": "[0, 0, 0]",
                "exec_timing_type": "1",
                "sub_target_type_set_id": "0",
                "target_type": "2"
            }
        ]
    },
    "passive_skill": {
        "id": "250",
        "itemized_description": "*When attacking with 8 or more Ki*\n- ATK 50%{passiveImg:up_g}",
        "name": "Parts Absorption",
        "skills": [
            {
                "calc_option": "2",
                "causality_conditions": "{\"source\": \"20\", \"compiled\": 20}",
                "eff_value1": "50",
                "eff_value2": "0",
                "eff_value3": "0",
                "efficacy_type": "1",
                "efficacy_values": "{}",
                "exec_timing_type": "4",
                "is_once": "0",
                "passive_skill_effect_id": "",
                "probability": "100",
                "sub_target_type_set_id": "0",
                "target_type": "1",
                "turn": "1"
            }
        ]
    },
    "special_sets": {
        "145": [
            {
                "aim_target": "0",
                "causality_description": "",
                "description": "Causes extreme damage to enemy",
                "increase_rate": "120",
                "is_inactive": "0",
                "lv_bonus": "15",
                "name": "Full Power S.S. Deadly Bomber"
            }
        ]
    },
    "specials": {
        "145": [
        ]
    }
}
