{
    "card": {
        "atk_init": "3865",
        "atk_max": "5899",
        "aura_id": "",
        "aura_offset_x": "",
        "aura_offset_y": "",
        "aura_scale": "",
        "awakening_element_type": "1",
        "awakening_number": "",
        "bg_effect_id": "",
        "card_unique_info_id": "99",
        "character_id": "253",
        "collectable_type": "1",
        "cost": "14",
        "def_init": "3126",
        "def_max": "3692",
        "eball_mod_max": "130",
        "eball_mod_max_num": "12",
        "eball_mod_mid": "0",
        "eball_mod_mid_num": "0",
        "eball_mod_min": "30",
        "eball_mod_num100": "5",
        "element": "13",
        "exp_type": "5",
        "face_x": "336",
        "face_y": "769",
        "grow_type": "30",
        "hp_init": "4994",
        "hp_max": "5954",
        "id": "1002221",
        "is_aura_front": "0",
        "is_selling_only": "0",
        "leader_skill_set_id": "100222",
        "link_skill1_id": "27",
        "link_skill2_id": "36",
        "link_skill3_id": "47",
        "link_skill4_id": "16",
        "link_skill5_id": "68",
        "link_skill6_id": "",
        "link_skill7_id": "",
        "lv_max": "80",
        "max_level_reward_id": "1",
        "max_level_reward_type": "1",
        "name": "Master Roshi (Max Power)",
        "optimal_awakening_grow_type": "",
        "passive_skill_set_id": "199",
        "potential_board_id": "23",
        "price": "13358",
        "rarity": "3",
        "resource_id": "",
        "selling_exchange_point": "600",
        "skill_lv_max": "10",
        "special_motion": "1",
        "training_exp": "4280"
    },
    "card_specials": {
        "431": {
            "bonus_view_id1": "0",
            "bonus_view_id2": "0",
            "card_costume_condition_id": "0",
            "causality_conditions": "",
            "eball_num_start": "12",
            "lv_start": "0",
            "priority": "0",
            "special_asset_id": "",
            "special_bonus_id1": "0",
            "special_bonus_id2": "0",
            "special_bonus_lv1": "0",
            "special_bonus_lv2": "0",
            "special_set_id": "95",
            "style": "Normal",
            "view_id": "431"
        }
    },
    "categories": [
        {
            "id": "20"
        },
        {
            "id": "29"
        },
        {
            "id": "39"
        },
        {
            "id": "40"
        },
        {
            "id": "51"
        },
        {
            "id": "58"
        },
        {
            "id": "65"
        },
        {
            "id": "89"
        }
    ],
    "leader_skill": {
        "description": "HP + 25%",
        "id": "100222",
        "name": "Miraculous Frontline Return",
        "skills": [
            {
                "calc_option": "2",
                "causality_conditions": "",
                "efficacy_type": "19",
                "efficacy_values": "[0, 25, 0]",
                "exec_timing_type": "1",
                "sub_target_type_set_id": "0",
                "target_type": "2"
            },
            {
                "calc_option": "2",
                "causality_conditions": "",
                "efficacy_type": "19",
                "efficacy_values": "[1, 25, 0]",
                "exec_timing_type": "1",
                "sub_target_type_set_id": "0",
                "target_type": "2"
            },
            {
                "calc_option": "2",
                "causality_conditions": "",
                "efficacy_type": "19",
                "efficacy_values": "[2, 25, 0]",
                "exec_timing_type": "1",
                "sub_target_type_set_id": "0",
                "target_type": "2"
            },
            {
                "calc_option": "2",
                "causality_conditions": "",
                "efficacy_type": "19",
                "efficacy_values": "[3, 25, 0]",
                "exec_timing_type": "1",
                "sub_target_type_set_id": "0",
                "target_type": "2"
            },
            {
                "calc_option": "2",
                "causality_conditions": "",
                "efficacy_type": "19",
                "efficacy_values": "[4, 25, 0]",
                "exec_timing_type": "1",
                "sub_target_type_set_id": "0",
                "target_type": "2"
            }
        ]
    },
    "passive_skill": {
        "id": "199",
        "itemized_description": "*When attacking with 12 or more Ki*\r\n- ATK 70%{passiveImg:up_g}",
        "name": "MAX Power",
        "skills": [
            {
                "calc_option": "2",
                "causality_conditions": "{\"source\": \"48\", \"compiled\": 48}",
                "eff_value1": "70",
                "eff_value2": "0",
                "eff_value3": "0",
                "efficacy_type": "1",
                "efficacy_values": "{}",
                "exec_timing_type": "4",
                "is_once": "0",
                "passive_skill_effect_id": "",
                "probability": "100",
                "sub_target_type_set_id": "0",
                "target_type": "1",
                "turn": "1"
            }
        ]
    },
    "special_sets": {
        "95": [
            {
                "aim_target": "0",
                "causality_description": "",
                "description": "Causes extreme damage to enemy",
                "increase_rate": "120",
                "is_inactive": "0",
                "lv_bonus": "15",
                "name": "Kamehameha"
            }
        ]
    },
    "specials": {
        "95": [
        ]
    }
}
