{
    "card": {
        "atk_init": "3460",
        "atk_max": "5587",
        "aura_id": "",
        "aura_offset_x": "",
        "aura_offset_y": "",
        "aura_scale": "",
        "awakening_element_type": "2",
        "awakening_number": "",
        "bg_effect_id": "",
        "card_unique_info_id": "106",
        "character_id": "238",
        "collectable_type": "1",
        "cost": "12",
        "def_init": "3327",
        "def_max": "4192",
        "eball_mod_max": "123",
        "eball_mod_max_num": "12",
        "eball_mod_mid": "0",
        "eball_mod_mid_num": "0",
        "eball_mod_min": "50",
        "eball_mod_num100": "5",
        "element": "22",
        "exp_type": "5",
        "face_x": "336",
        "face_y": "769",
        "grow_type": "30",
        "hp_init": "4185",
        "hp_max": "5284",
        "id": "1002051",
        "is_aura_front": "0",
        "is_selling_only": "0",
        "leader_skill_set_id": "100205",
        "link_skill1_id": "18",
        "link_skill2_id": "76",
        "link_skill3_id": "77",
        "link_skill4_id": "",
        "link_skill5_id": "",
        "link_skill6_id": "",
        "link_skill7_id": "",
        "lv_max": "80",
        "max_level_reward_id": "1",
        "max_level_reward_type": "1",
        "name": "Babidi",
        "optimal_awakening_grow_type": "",
        "passive_skill_set_id": "206",
        "potential_board_id": "",
        "price": "13332",
        "rarity": "3",
        "resource_id": "",
        "selling_exchange_point": "600",
        "skill_lv_max": "10",
        "special_motion": "1",
        "training_exp": "4280"
    },
    "card_specials": {
        "447": {
            "bonus_view_id1": "0",
            "bonus_view_id2": "0",
            "card_costume_condition_id": "0",
            "causality_conditions": "",
            "eball_num_start": "12",
            "lv_start": "0",
            "priority": "0",
            "special_asset_id": "",
            "special_bonus_id1": "0",
            "special_bonus_id2": "0",
            "special_bonus_lv1": "0",
            "special_bonus_lv2": "0",
            "special_set_id": "112",
            "style": "Normal",
            "view_id": "447"
        }
    },
    "categories": [
        {
            "id": "9"
        },
        {
            "id": "41"
        },
        {
            "id": "50"
        },
        {
            "id": "82"
        },
        {
            "id": "93"
        }
    ],
    "leader_skill": {
        "description": "AGL, INT and PHY Type Ki +1",
        "id": "100205",
        "name": "Malevolent Magician",
        "skills": [
            {
                "calc_option": "0",
                "causality_conditions": "",
                "efficacy_type": "20",
                "efficacy_values": "[0, 1, 0]",
                "exec_timing_type": "1",
                "sub_target_type_set_id": "0",
                "target_type": "2"
            },
            {
                "calc_option": "0",
                "causality_conditions": "",
                "efficacy_type": "20",
                "efficacy_values": "[2, 1, 0]",
                "exec_timing_type": "1",
                "sub_target_type_set_id": "0",
                "target_type": "2"
            },
            {
                "calc_option": "0",
                "causality_conditions": "",
                "efficacy_type": "20",
                "efficacy_values": "[4, 1, 0]",
                "exec_timing_type": "1",
                "sub_target_type_set_id": "0",
                "target_type": "2"
            },
            {
                "calc_option": "0",
                "causality_conditions": "",
                "efficacy_type": "0",
                "efficacy_values": "[0, 0, 0]",
                "exec_timing_type": "1",
                "sub_target_type_set_id": "0",
                "target_type": "2"
            },
            {
                "calc_option": "0",
                "causality_conditions": "",
                "efficacy_type": "0",
                "efficacy_values": "[0, 0, 0]",
                "exec_timing_type": "1",
                "sub_target_type_set_id": "0",
                "target_type": "2"
            }
        ]
    },
    "passive_skill": {
        "id": "206",
        "itemized_description": "*When HP is 50% or more*\n- All allies' ATK 10%{passiveImg:up_g}",
        "name": "Sorcery",
        "skills": [
            {
                "calc_option": "2",
                "causality_conditions": "{\"source\": \"21\", \"compiled\": 21}",
                "eff_value1": "10",
                "eff_value2": "0",
                "eff_value3": "0",
                "efficacy_type": "1",
                "efficacy_values": "{}",
                "exec_timing_type": "1",
                "is_once": "0",
                "passive_skill_effect_id": "",
                "probability": "100",
                "sub_target_type_set_id": "0",
                "target_type": "2",
                "turn": "1"
            }
        ]
    },
    "special_sets": {
        "112": [
            {
                "aim_target": "0",
                "causality_description": "",
                "description": "Huge damage \nand high chance to stun the enemy",
                "increase_rate": "100",
                "is_inactive": "0",
                "lv_bonus": "10",
                "name": "Demon Eye"
            }
        ]
    },
    "specials": {
        "112": [
            {
                "calc_option": "0",
                "causality_conditions": "",
                "eff_value1": "0",
                "eff_value2": "0",
                "eff_value3": "0",
                "efficacy_type": "9",
                "prob": "50",
                "target_type": "3",
                "turn": "2",
                "type": "Special::ExtraEfficacySpecial"
            }
        ]
    }
}
