{
    "card": {
        "atk_init": "2048",
        "atk_max": "6595",
        "aura_id": "1",
        "aura_offset_x": "",
        "aura_offset_y": "45",
        "aura_scale": "2",
        "awakening_element_type": "2",
        "awakening_number": "",
        "bg_effect_id": "",
        "card_unique_info_id": "88",
        "character_id": "241",
        "collectable_type": "1",
        "cost": "17",
        "def_init": "1225",
        "def_max": "4125",
        "eball_mod_max": "123",
        "eball_mod_max_num": "12",
        "eball_mod_mid": "0",
        "eball_mod_mid_num": "0",
        "eball_mod_min": "50",
        "eball_mod_num100": "4",
        "element": "2",
        "exp_type": "5",
        "face_x": "336",
        "face_y": "769",
        "grow_type": "33",
        "hp_init": "2238",
        "hp_max": "7580",
        "id": "1002100",
        "is_aura_front": "0",
        "is_selling_only": "0",
        "leader_skill_set_id": "100210",
        "link_skill1_id": "26",
        "link_skill2_id": "59",
        "link_skill3_id": "65",
        "link_skill4_id": "71",
        "link_skill5_id": "68",
        "link_skill6_id": "",
        "link_skill7_id": "",
        "lv_max": "80",
        "max_level_reward_id": "1",
        "max_level_reward_type": "1",
        "name": "Golden Frieza",
        "optimal_awakening_grow_type": "",
        "passive_skill_set_id": "185",
        "potential_board_id": "",
        "price": "13737",
        "rarity": "3",
        "resource_id": "",
        "selling_exchange_point": "10000",
        "skill_lv_max": "10",
        "special_motion": "1",
        "training_exp": "4297"
    },
    "card_specials": {
        "406": {
            "bonus_view_id1": "0",
            "bonus_view_id2": "0",
            "card_costume_condition_id": "0",
            "causality_conditions": "",
            "eball_num_start": "12",
            "lv_start": "0",
            "priority": "0",
            "special_asset_id": "",
            "special_bonus_id1": "0",
            "special_bonus_id2": "0",
            "special_bonus_lv1": "0",
            "special_bonus_lv2": "0",
            "special_set_id": "93",
            "style": "Normal",
            "view_id": "406"
        }
    },
    "categories": [
        {
            "id": "7"
        },
        {
            "id": "16"
        },
        {
            "id": "20"
        },
        {
            "id": "23"
        },
        {
            "id": "24"
        },
        {
            "id": "41"
        },
        {
            "id": "43"
        },
        {
            "id": "48"
        },
        {
            "id": "50"
        },
        {
            "id": "68"
        },
        {
            "id": "69"
        },
        {
            "id": "76"
        },
        {
            "id": "78"
        },
        {
            "id": "83"
        },
        {
            "id": "90"
        },
        {
            "id": "96"
        },
        {
            "id": "7462"
        }
    ],
    "leader_skill": {
        "description": "TEQ, INT & STR Types HP & ATK +20%",
        "id": "100210",
        "name": "Fear's Ultimate Form",
        "skills": [
            {
                "calc_option": "2",
                "causality_conditions": "",
                "efficacy_type": "44",
                "efficacy_values": "[1, 20, 20]",
                "exec_timing_type": "1",
                "sub_target_type_set_id": "0",
                "target_type": "2"
            },
            {
                "calc_option": "2",
                "causality_conditions": "",
                "efficacy_type": "44",
                "efficacy_values": "[2, 20, 20]",
                "exec_timing_type": "1",
                "sub_target_type_set_id": "0",
                "target_type": "2"
            },
            {
                "calc_option": "2",
                "causality_conditions": "",
                "efficacy_type": "44",
                "efficacy_values": "[3, 20, 20]",
                "exec_timing_type": "1",
                "sub_target_type_set_id": "0",
                "target_type": "2"
            },
            {
                "calc_option": "0",
                "causality_conditions": "",
                "efficacy_type": "0",
                "efficacy_values": "[0, 0, 0]",
                "exec_timing_type": "1",
                "sub_target_type_set_id": "0",
                "target_type": "2"
            },
            {
                "calc_option": "0",
                "causality_conditions": "",
                "efficacy_type": "0",
                "efficacy_values": "[0, 0, 0]",
                "exec_timing_type": "1",
                "sub_target_type_set_id": "0",
                "target_type": "2"
            }
        ]
    },
    "passive_skill": {
        "id": "185",
        "itemized_description": "*Basic effect(s)*\r\n- ATK 40%{passiveImg:up_g}",
        "name": "Supreme Evolution",
        "skills": [
            {
                "calc_option": "2",
                "causality_conditions": "",
                "eff_value1": "40",
                "eff_value2": "0",
                "eff_value3": "0",
                "efficacy_type": "1",
                "efficacy_values": "{}",
                "exec_timing_type": "1",
                "is_once": "0",
                "passive_skill_effect_id": "",
                "probability": "100",
                "sub_target_type_set_id": "0",
                "target_type": "1",
                "turn": "1"
            }
        ]
    },
    "special_sets": {
        "93": [
            {
                "aim_target": "0",
                "causality_description": "",
                "description": "Causes supreme damage to enemy",
                "increase_rate": "150",
                "is_inactive": "0",
                "lv_bonus": "20",
                "name": "Earth Breaker"
            }
        ]
    },
    "specials": {
        "93": [
        ]
    }
}
