{
    "card": {
        "atk_init": "1891",
        "atk_max": "6302",
        "aura_id": "",
        "aura_offset_x": "",
        "aura_offset_y": "",
        "aura_scale": "",
        "awakening_element_type": "1",
        "awakening_number": "",
        "bg_effect_id": "",
        "card_unique_info_id": "198",
        "character_id": "276",
        "collectable_type": "1",
        "cost": "18",
        "def_init": "950",
        "def_max": "3165",
        "eball_mod_max": "120",
        "eball_mod_max_num": "12",
        "eball_mod_mid": "0",
        "eball_mod_mid_num": "0",
        "eball_mod_min": "50",
        "eball_mod_num100": "4",
        "element": "0",
        "exp_type": "5",
        "face_x": "336",
        "face_y": "769",
        "grow_type": "33",
        "hp_init": "1940",
        "hp_max": "6465",
        "id": "1002400",
        "is_aura_front": "0",
        "is_selling_only": "0",
        "leader_skill_set_id": "100240",
        "link_skill1_id": "22",
        "link_skill2_id": "34",
        "link_skill3_id": "4",
        "link_skill4_id": "60",
        "link_skill5_id": "112",
        "link_skill6_id": "1003",
        "link_skill7_id": "",
        "lv_max": "80",
        "max_level_reward_id": "1",
        "max_level_reward_type": "1",
        "name": "Gotenks",
        "optimal_awakening_grow_type": "",
        "passive_skill_set_id": "388",
        "potential_board_id": "",
        "price": "13737",
        "rarity": "3",
        "resource_id": "",
        "selling_exchange_point": "10000",
        "skill_lv_max": "10",
        "special_motion": "1",
        "training_exp": "4297"
    },
    "card_specials": {
        "637": {
            "bonus_view_id1": "0",
            "bonus_view_id2": "0",
            "card_costume_condition_id": "0",
            "causality_conditions": "",
            "eball_num_start": "12",
            "lv_start": "0",
            "priority": "0",
            "special_asset_id": "",
            "special_bonus_id1": "0",
            "special_bonus_id2": "0",
            "special_bonus_lv1": "0",
            "special_bonus_lv2": "0",
            "special_set_id": "226",
            "style": "Normal",
            "view_id": "637"
        }
    },
    "categories": [
        {
            "id": "1"
        },
        {
            "id": "5"
        },
        {
            "id": "9"
        },
        {
            "id": "33"
        },
        {
            "id": "52"
        },
        {
            "id": "54"
        },
        {
            "id": "63"
        },
        {
            "id": "68"
        },
        {
            "id": "74"
        },
        {
            "id": "75"
        },
        {
            "id": "81"
        },
        {
            "id": "85"
        },
        {
            "id": "89"
        }
    ],
    "leader_skill": {
        "description": "All Types Ki +2",
        "id": "100240",
        "name": "Double the Power",
        "skills": [
            {
                "calc_option": "0",
                "causality_conditions": "",
                "efficacy_type": "5",
                "efficacy_values": "[2, 0, 0]",
                "exec_timing_type": "1",
                "sub_target_type_set_id": "0",
                "target_type": "2"
            },
            {
                "calc_option": "0",
                "causality_conditions": "",
                "efficacy_type": "0",
                "efficacy_values": "[0, 0, 0]",
                "exec_timing_type": "1",
                "sub_target_type_set_id": "0",
                "target_type": "2"
            },
            {
                "calc_option": "0",
                "causality_conditions": "",
                "efficacy_type": "0",
                "efficacy_values": "[0, 0, 0]",
                "exec_timing_type": "1",
                "sub_target_type_set_id": "0",
                "target_type": "2"
            },
            {
                "calc_option": "0",
                "causality_conditions": "",
                "efficacy_type": "0",
                "efficacy_values": "[0, 0, 0]",
                "exec_timing_type": "1",
                "sub_target_type_set_id": "0",
                "target_type": "2"
            },
            {
                "calc_option": "0",
                "causality_conditions": "",
                "efficacy_type": "0",
                "efficacy_values": "[0, 0, 0]",
                "exec_timing_type": "1",
                "sub_target_type_set_id": "0",
                "target_type": "2"
            }
        ]
    },
    "passive_skill": {
        "id": "388",
        "itemized_description": "*For every Ki Sphere obtained*\n- ATK 10%{passiveImg:up_g}",
        "name": "Full of Confidence",
        "skills": [
            {
                "calc_option": "2",
                "causality_conditions": "",
                "eff_value1": "10",
                "eff_value2": "0",
                "eff_value3": "0",
                "efficacy_type": "59",
                "efficacy_values": "{}",
                "exec_timing_type": "1",
                "is_once": "0",
                "passive_skill_effect_id": "",
                "probability": "100",
                "sub_target_type_set_id": "0",
                "target_type": "1",
                "turn": "1"
            }
        ]
    },
    "special_sets": {
        "226": [
            {
                "aim_target": "0",
                "causality_description": "",
                "description": "Causes supreme damage to enemy",
                "increase_rate": "150",
                "is_inactive": "0",
                "lv_bonus": "20",
                "name": "Victory Cannon"
            }
        ]
    },
    "specials": {
        "226": [
        ]
    }
}
