{
    "card": {
        "atk_init": "4087",
        "atk_max": "6227",
        "aura_id": "",
        "aura_offset_x": "",
        "aura_offset_y": "",
        "aura_scale": "",
        "awakening_element_type": "1",
        "awakening_number": "",
        "bg_effect_id": "",
        "card_unique_info_id": "97",
        "character_id": "251",
        "collectable_type": "1",
        "cost": "14",
        "def_init": "2981",
        "def_max": "3514",
        "eball_mod_max": "140",
        "eball_mod_max_num": "12",
        "eball_mod_mid": "0",
        "eball_mod_mid_num": "0",
        "eball_mod_min": "40",
        "eball_mod_num100": "5",
        "element": "14",
        "exp_type": "5",
        "face_x": "336",
        "face_y": "769",
        "grow_type": "30",
        "hp_init": "5369",
        "hp_max": "6512",
        "id": "1002201",
        "is_aura_front": "0",
        "is_selling_only": "0",
        "leader_skill_set_id": "100220",
        "link_skill1_id": "9",
        "link_skill2_id": "29",
        "link_skill3_id": "47",
        "link_skill4_id": "74",
        "link_skill5_id": "68",
        "link_skill6_id": "",
        "link_skill7_id": "",
        "lv_max": "80",
        "max_level_reward_id": "1",
        "max_level_reward_type": "1",
        "name": "Super Saiyan Gohan (Teen)",
        "optimal_awakening_grow_type": "",
        "passive_skill_set_id": "197",
        "potential_board_id": "24",
        "price": "13332",
        "rarity": "3",
        "resource_id": "",
        "selling_exchange_point": "600",
        "skill_lv_max": "10",
        "special_motion": "1",
        "training_exp": "4280"
    },
    "card_specials": {
        "427": {
            "bonus_view_id1": "0",
            "bonus_view_id2": "0",
            "card_costume_condition_id": "0",
            "causality_conditions": "",
            "eball_num_start": "12",
            "lv_start": "0",
            "priority": "0",
            "special_asset_id": "",
            "special_bonus_id1": "0",
            "special_bonus_id2": "0",
            "special_bonus_lv1": "0",
            "special_bonus_lv2": "0",
            "special_set_id": "94",
            "style": "Normal",
            "view_id": "427"
        }
    },
    "categories": [
        {
            "id": "5"
        },
        {
            "id": "29"
        },
        {
            "id": "30"
        },
        {
            "id": "36"
        },
        {
            "id": "35"
        },
        {
            "id": "39"
        },
        {
            "id": "87"
        },
        {
            "id": "89"
        },
        {
            "id": "93"
        },
        {
            "id": "7462"
        },
        {
            "id": "7466"
        }
    ],
    "leader_skill": {
        "description": "AGL & PHY Type ATK +25%",
        "id": "100220",
        "name": "Indomitable Sense of Justice",
        "skills": [
            {
                "calc_option": "2",
                "causality_conditions": "",
                "efficacy_type": "16",
                "efficacy_values": "[0, 25, 0]",
                "exec_timing_type": "1",
                "sub_target_type_set_id": "0",
                "target_type": "2"
            },
            {
                "calc_option": "2",
                "causality_conditions": "",
                "efficacy_type": "16",
                "efficacy_values": "[4, 25, 0]",
                "exec_timing_type": "1",
                "sub_target_type_set_id": "0",
                "target_type": "2"
            },
            {
                "calc_option": "0",
                "causality_conditions": "",
                "efficacy_type": "0",
                "efficacy_values": "[0, 0, 0]",
                "exec_timing_type": "1",
                "sub_target_type_set_id": "0",
                "target_type": "2"
            },
            {
                "calc_option": "0",
                "causality_conditions": "",
                "efficacy_type": "0",
                "efficacy_values": "[0, 0, 0]",
                "exec_timing_type": "1",
                "sub_target_type_set_id": "0",
                "target_type": "2"
            },
            {
                "calc_option": "0",
                "causality_conditions": "",
                "efficacy_type": "0",
                "efficacy_values": "[0, 0, 0]",
                "exec_timing_type": "1",
                "sub_target_type_set_id": "0",
                "target_type": "2"
            }
        ]
    },
    "passive_skill": {
        "id": "197",
        "itemized_description": "*When HP is 80% or less*\r\n- ATK & DEF 25%{passiveImg:up_g}",
        "name": "In the Zone",
        "skills": [
            {
                "calc_option": "2",
                "causality_conditions": "{\"source\": \"42\", \"compiled\": 42}",
                "eff_value1": "25",
                "eff_value2": "25",
                "eff_value3": "0",
                "efficacy_type": "3",
                "efficacy_values": "{}",
                "exec_timing_type": "1",
                "is_once": "0",
                "passive_skill_effect_id": "",
                "probability": "100",
                "sub_target_type_set_id": "0",
                "target_type": "1",
                "turn": "1"
            }
        ]
    },
    "special_sets": {
        "94": [
            {
                "aim_target": "0",
                "causality_description": "",
                "description": "Causes extreme damage to enemy",
                "increase_rate": "120",
                "is_inactive": "0",
                "lv_bonus": "15",
                "name": "Super Kamehameha"
            }
        ]
    },
    "specials": {
        "94": [
        ]
    }
}
