{
    "card": {
        "atk_init": "2125",
        "atk_max": "6974",
        "aura_id": "4",
        "aura_offset_x": "",
        "aura_offset_y": "45",
        "aura_scale": "2",
        "awakening_element_type": "1",
        "awakening_number": "",
        "bg_effect_id": "",
        "card_unique_info_id": "86",
        "character_id": "239",
        "collectable_type": "1",
        "cost": "17",
        "def_init": "1108",
        "def_max": "3625",
        "eball_mod_max": "125",
        "eball_mod_max_num": "12",
        "eball_mod_mid": "0",
        "eball_mod_mid_num": "0",
        "eball_mod_min": "35",
        "eball_mod_num100": "3",
        "element": "0",
        "exp_type": "5",
        "face_x": "336",
        "face_y": "769",
        "grow_type": "33",
        "hp_init": "2272",
        "hp_max": "7724",
        "id": "1002080",
        "is_aura_front": "0",
        "is_selling_only": "0",
        "leader_skill_set_id": "100208",
        "link_skill1_id": "29",
        "link_skill2_id": "70",
        "link_skill3_id": "47",
        "link_skill4_id": "71",
        "link_skill5_id": "68",
        "link_skill6_id": "",
        "link_skill7_id": "",
        "lv_max": "80",
        "max_level_reward_id": "1",
        "max_level_reward_type": "1",
        "name": "Super Saiyan God SS Goku",
        "optimal_awakening_grow_type": "",
        "passive_skill_set_id": "183",
        "potential_board_id": "",
        "price": "13737",
        "rarity": "3",
        "resource_id": "",
        "selling_exchange_point": "10000",
        "skill_lv_max": "10",
        "special_motion": "1",
        "training_exp": "4297"
    },
    "card_specials": {
        "402": {
            "bonus_view_id1": "0",
            "bonus_view_id2": "0",
            "card_costume_condition_id": "0",
            "causality_conditions": "",
            "eball_num_start": "12",
            "lv_start": "0",
            "priority": "0",
            "special_asset_id": "",
            "special_bonus_id1": "0",
            "special_bonus_id2": "0",
            "special_bonus_lv1": "0",
            "special_bonus_lv2": "0",
            "special_set_id": "115",
            "style": "Normal",
            "view_id": "402"
        }
    },
    "categories": [
        {
            "id": "8"
        },
        {
            "id": "17"
        },
        {
            "id": "29"
        },
        {
            "id": "30"
        },
        {
            "id": "39"
        },
        {
            "id": "40"
        },
        {
            "id": "65"
        },
        {
            "id": "76"
        },
        {
            "id": "79"
        },
        {
            "id": "80"
        },
        {
            "id": "83"
        },
        {
            "id": "84"
        },
        {
            "id": "87"
        },
        {
            "id": "89"
        },
        {
            "id": "95"
        }
    ],
    "leader_skill": {
        "description": "AGL, STR & PHY Types ATK +30%",
        "id": "100208",
        "name": "A God Evolved",
        "skills": [
            {
                "calc_option": "2",
                "causality_conditions": "",
                "efficacy_type": "16",
                "efficacy_values": "[0, 30, 0]",
                "exec_timing_type": "1",
                "sub_target_type_set_id": "0",
                "target_type": "2"
            },
            {
                "calc_option": "2",
                "causality_conditions": "",
                "efficacy_type": "16",
                "efficacy_values": "[3, 30, 0]",
                "exec_timing_type": "1",
                "sub_target_type_set_id": "0",
                "target_type": "2"
            },
            {
                "calc_option": "2",
                "causality_conditions": "",
                "efficacy_type": "16",
                "efficacy_values": "[4, 30, 0]",
                "exec_timing_type": "1",
                "sub_target_type_set_id": "0",
                "target_type": "2"
            },
            {
                "calc_option": "0",
                "causality_conditions": "",
                "efficacy_type": "0",
                "efficacy_values": "[0, 0, 0]",
                "exec_timing_type": "1",
                "sub_target_type_set_id": "0",
                "target_type": "2"
            },
            {
                "calc_option": "0",
                "causality_conditions": "",
                "efficacy_type": "0",
                "efficacy_values": "[0, 0, 0]",
                "exec_timing_type": "1",
                "sub_target_type_set_id": "0",
                "target_type": "2"
            }
        ]
    },
    "passive_skill": {
        "id": "183",
        "itemized_description": "*When attacking with 12 or more Ki*\n- ATK 80%{passiveImg:up_g}",
        "name": "Divine Strength",
        "skills": [
            {
                "calc_option": "2",
                "causality_conditions": "{\"source\": \"46\", \"compiled\": 46}",
                "eff_value1": "80",
                "eff_value2": "0",
                "eff_value3": "0",
                "efficacy_type": "1",
                "efficacy_values": "{}",
                "exec_timing_type": "4",
                "is_once": "0",
                "passive_skill_effect_id": "",
                "probability": "100",
                "sub_target_type_set_id": "0",
                "target_type": "1",
                "turn": "1"
            }
        ]
    },
    "special_sets": {
        "115": [
            {
                "aim_target": "0",
                "causality_description": "",
                "description": "Causes supreme damage to enemy",
                "increase_rate": "150",
                "is_inactive": "0",
                "lv_bonus": "20",
                "name": "Kamehameha"
            }
        ]
    },
    "specials": {
        "115": [
        ]
    }
}
