{
    "card": {
        "atk_init": "4256",
        "atk_max": "6780",
        "aura_id": "",
        "aura_offset_x": "",
        "aura_offset_y": "",
        "aura_scale": "",
        "awakening_element_type": "2",
        "awakening_number": "",
        "bg_effect_id": "",
        "card_unique_info_id": "123",
        "character_id": "293",
        "collectable_type": "1",
        "cost": "17",
        "def_init": "3025",
        "def_max": "3497",
        "eball_mod_max": "133",
        "eball_mod_max_num": "12",
        "eball_mod_mid": "0",
        "eball_mod_mid_num": "0",
        "eball_mod_min": "40",
        "eball_mod_num100": "5",
        "element": "23",
        "exp_type": "5",
        "face_x": "336",
        "face_y": "769",
        "grow_type": "33",
        "hp_init": "4172",
        "hp_max": "6573",
        "id": "1002560",
        "is_aura_front": "0",
        "is_selling_only": "0",
        "leader_skill_set_id": "100256",
        "link_skill1_id": "87",
        "link_skill2_id": "88",
        "link_skill3_id": "50",
        "link_skill4_id": "86",
        "link_skill5_id": "32",
        "link_skill6_id": "1004",
        "link_skill7_id": "",
        "lv_max": "80",
        "max_level_reward_id": "1",
        "max_level_reward_type": "1",
        "name": "Full Power Boujack",
        "optimal_awakening_grow_type": "",
        "passive_skill_set_id": "239",
        "potential_board_id": "23",
        "price": "13825",
        "rarity": "3",
        "resource_id": "",
        "selling_exchange_point": "120",
        "skill_lv_max": "10",
        "special_motion": "1",
        "training_exp": "4320"
    },
    "card_specials": {
        "516": {
            "bonus_view_id1": "0",
            "bonus_view_id2": "0",
            "card_costume_condition_id": "0",
            "causality_conditions": "",
            "eball_num_start": "12",
            "lv_start": "0",
            "priority": "0",
            "special_asset_id": "",
            "special_bonus_id1": "0",
            "special_bonus_id2": "0",
            "special_bonus_lv1": "0",
            "special_bonus_lv2": "0",
            "special_set_id": "132",
            "style": "Normal",
            "view_id": "516"
        }
    },
    "categories": [
        {
            "id": "7"
        },
        {
            "id": "16"
        },
        {
            "id": "20"
        },
        {
            "id": "26"
        },
        {
            "id": "41"
        },
        {
            "id": "50"
        },
        {
            "id": "62"
        },
        {
            "id": "71"
        },
        {
            "id": "77"
        },
        {
            "id": "91"
        }
    ],
    "leader_skill": {
        "description": "STR Type ATK +50%",
        "id": "100256",
        "name": "Full Strength Tremor",
        "skills": [
            {
                "calc_option": "2",
                "causality_conditions": "",
                "efficacy_type": "16",
                "efficacy_values": "[3, 50, 0]",
                "exec_timing_type": "1",
                "sub_target_type_set_id": "0",
                "target_type": "2"
            },
            {
                "calc_option": "0",
                "causality_conditions": "",
                "efficacy_type": "0",
                "efficacy_values": "[0, 0, 0]",
                "exec_timing_type": "1",
                "sub_target_type_set_id": "0",
                "target_type": "2"
            },
            {
                "calc_option": "0",
                "causality_conditions": "",
                "efficacy_type": "0",
                "efficacy_values": "[0, 0, 0]",
                "exec_timing_type": "1",
                "sub_target_type_set_id": "0",
                "target_type": "2"
            },
            {
                "calc_option": "0",
                "causality_conditions": "",
                "efficacy_type": "0",
                "efficacy_values": "[0, 0, 0]",
                "exec_timing_type": "1",
                "sub_target_type_set_id": "0",
                "target_type": "2"
            },
            {
                "calc_option": "0",
                "causality_conditions": "",
                "efficacy_type": "0",
                "efficacy_values": "[0, 0, 0]",
                "exec_timing_type": "1",
                "sub_target_type_set_id": "0",
                "target_type": "2"
            }
        ]
    },
    "passive_skill": {
        "id": "239",
        "itemized_description": "*When attacking with 12 or more Ki*\r\n- ATK 75%{passiveImg:up_g}",
        "name": "Brutal Blow",
        "skills": [
            {
                "calc_option": "2",
                "causality_conditions": "{\"source\": \"48\", \"compiled\": 48}",
                "eff_value1": "75",
                "eff_value2": "0",
                "eff_value3": "0",
                "efficacy_type": "1",
                "efficacy_values": "{}",
                "exec_timing_type": "4",
                "is_once": "0",
                "passive_skill_effect_id": "",
                "probability": "100",
                "sub_target_type_set_id": "0",
                "target_type": "1",
                "turn": "1"
            }
        ]
    },
    "special_sets": {
        "132": [
            {
                "aim_target": "0",
                "causality_description": "",
                "description": "Causes extreme damage to enemy \r\nand lowers DEF",
                "increase_rate": "120",
                "is_inactive": "0",
                "lv_bonus": "15",
                "name": "Galactic Buster"
            }
        ]
    },
    "specials": {
        "132": [
            {
                "calc_option": "3",
                "causality_conditions": "",
                "eff_value1": "20",
                "eff_value2": "0",
                "eff_value3": "0",
                "efficacy_type": "2",
                "prob": "100",
                "target_type": "3",
                "turn": "3",
                "type": "Special::NormalEfficacySpecial"
            }
        ]
    }
}
