{
    "card": {
        "atk_init": "2875",
        "atk_max": "3750",
        "aura_id": "",
        "aura_offset_x": "",
        "aura_offset_y": "",
        "aura_scale": "",
        "awakening_element_type": "1",
        "awakening_number": "",
        "bg_effect_id": "",
        "card_unique_info_id": "132",
        "character_id": "268",
        "collectable_type": "1",
        "cost": "8",
        "def_init": "2150",
        "def_max": "2730",
        "eball_mod_max": "120",
        "eball_mod_max_num": "12",
        "eball_mod_mid": "0",
        "eball_mod_mid_num": "0",
        "eball_mod_min": "40",
        "eball_mod_num100": "5",
        "element": "13",
        "exp_type": "2",
        "face_x": "336",
        "face_y": "769",
        "grow_type": "23",
        "hp_init": "3024",
        "hp_max": "4576",
        "id": "1002320",
        "is_aura_front": "0",
        "is_selling_only": "0",
        "leader_skill_set_id": "100232",
        "link_skill1_id": "4",
        "link_skill2_id": "64",
        "link_skill3_id": "90",
        "link_skill4_id": "",
        "link_skill5_id": "",
        "link_skill6_id": "",
        "link_skill7_id": "",
        "lv_max": "60",
        "max_level_reward_id": "1",
        "max_level_reward_type": "1",
        "name": "Chi-Chi (Youth)",
        "optimal_awakening_grow_type": "",
        "passive_skill_set_id": "264",
        "potential_board_id": "23",
        "price": "3261",
        "rarity": "2",
        "resource_id": "",
        "selling_exchange_point": "12",
        "skill_lv_max": "10",
        "special_motion": "1",
        "training_exp": "2765"
    },
    "card_specials": {
        "542": {
            "bonus_view_id1": "0",
            "bonus_view_id2": "0",
            "card_costume_condition_id": "0",
            "causality_conditions": "",
            "eball_num_start": "12",
            "lv_start": "0",
            "priority": "0",
            "special_asset_id": "",
            "special_bonus_id1": "0",
            "special_bonus_id2": "0",
            "special_bonus_lv1": "0",
            "special_bonus_lv2": "0",
            "special_set_id": "142",
            "style": "Normal",
            "view_id": "542"
        }
    },
    "categories": [
        {
            "id": "4"
        },
        {
            "id": "3"
        },
        {
            "id": "33"
        },
        {
            "id": "34"
        },
        {
            "id": "51"
        },
        {
            "id": "87"
        },
        {
            "id": "89"
        }
    ],
    "leader_skill": {
        "description": "Damage received reduced by 15%",
        "id": "100232",
        "name": "A Girl's Rage",
        "skills": [
            {
                "calc_option": "3",
                "causality_conditions": "",
                "efficacy_type": "13",
                "efficacy_values": "[85, 0, 0]",
                "exec_timing_type": "1",
                "sub_target_type_set_id": "0",
                "target_type": "2"
            },
            {
                "calc_option": "0",
                "causality_conditions": "",
                "efficacy_type": "0",
                "efficacy_values": "[0, 0, 0]",
                "exec_timing_type": "1",
                "sub_target_type_set_id": "0",
                "target_type": "2"
            },
            {
                "calc_option": "0",
                "causality_conditions": "",
                "efficacy_type": "0",
                "efficacy_values": "[0, 0, 0]",
                "exec_timing_type": "1",
                "sub_target_type_set_id": "0",
                "target_type": "2"
            },
            {
                "calc_option": "0",
                "causality_conditions": "",
                "efficacy_type": "0",
                "efficacy_values": "[0, 0, 0]",
                "exec_timing_type": "1",
                "sub_target_type_set_id": "0",
                "target_type": "2"
            },
            {
                "calc_option": "0",
                "causality_conditions": "",
                "efficacy_type": "0",
                "efficacy_values": "[0, 0, 0]",
                "exec_timing_type": "1",
                "sub_target_type_set_id": "0",
                "target_type": "2"
            }
        ]
    },
    "passive_skill": {
        "id": "264",
        "itemized_description": "*Basic effect(s)*\r\n- Medium chance of stunning the attacked enemy",
        "name": "Immaculate Innocence",
        "skills": [
            {
                "calc_option": "0",
                "causality_conditions": "",
                "eff_value1": "0",
                "eff_value2": "0",
                "eff_value3": "0",
                "efficacy_type": "9",
                "efficacy_values": "{}",
                "exec_timing_type": "5",
                "is_once": "0",
                "passive_skill_effect_id": "",
                "probability": "30",
                "sub_target_type_set_id": "0",
                "target_type": "3",
                "turn": "1"
            }
        ]
    },
    "special_sets": {
        "142": [
            {
                "aim_target": "0",
                "causality_description": "",
                "description": "Causes huge damage to enemy \r\nand lowers ATK",
                "increase_rate": "100",
                "is_inactive": "0",
                "lv_bonus": "10",
                "name": "Stay Away From Me!"
            }
        ]
    },
    "specials": {
        "142": [
            {
                "calc_option": "3",
                "causality_conditions": "",
                "eff_value1": "10",
                "eff_value2": "0",
                "eff_value3": "0",
                "efficacy_type": "1",
                "prob": "100",
                "target_type": "3",
                "turn": "3",
                "type": "Special::NormalEfficacySpecial"
            }
        ]
    }
}
