{
    "card": {
        "atk_init": "1074",
        "atk_max": "3579",
        "aura_id": "",
        "aura_offset_x": "",
        "aura_offset_y": "",
        "aura_scale": "",
        "awakening_element_type": "1",
        "awakening_number": "",
        "bg_effect_id": "",
        "card_unique_info_id": "11",
        "character_id": "257",
        "collectable_type": "1",
        "cost": "8",
        "def_init": "758",
        "def_max": "2526",
        "eball_mod_max": "120",
        "eball_mod_max_num": "12",
        "eball_mod_mid": "0",
        "eball_mod_mid_num": "0",
        "eball_mod_min": "40",
        "eball_mod_num100": "6",
        "element": "3",
        "exp_type": "4",
        "face_x": "338",
        "face_y": "832",
        "grow_type": "10",
        "hp_init": "1316",
        "hp_max": "4388",
        "id": "1002231",
        "is_aura_front": "0",
        "is_selling_only": "0",
        "leader_skill_set_id": "100091",
        "link_skill1_id": "",
        "link_skill2_id": "",
        "link_skill3_id": "",
        "link_skill4_id": "",
        "link_skill5_id": "",
        "link_skill6_id": "",
        "link_skill7_id": "",
        "lv_max": "40",
        "max_level_reward_id": "1",
        "max_level_reward_type": "1",
        "name": "Tien",
        "optimal_awakening_grow_type": "",
        "passive_skill_set_id": "33",
        "potential_board_id": "",
        "price": "1346",
        "rarity": "2",
        "resource_id": "",
        "selling_exchange_point": "100",
        "skill_lv_max": "10",
        "special_motion": "1",
        "training_exp": "2765"
    },
    "card_specials": {
        "319": {
            "bonus_view_id1": "0",
            "bonus_view_id2": "0",
            "card_costume_condition_id": "0",
            "causality_conditions": "",
            "eball_num_start": "12",
            "lv_start": "0",
            "priority": "0",
            "special_asset_id": "",
            "special_bonus_id1": "0",
            "special_bonus_id2": "0",
            "special_bonus_lv1": "0",
            "special_bonus_lv2": "0",
            "special_set_id": "13",
            "style": "Normal",
            "view_id": "319"
        }
    },
    "categories": [
        {
            "id": "37"
        },
        {
            "id": "51"
        },
        {
            "id": "79"
        },
        {
            "id": "89"
        }
    ],
    "leader_skill": {
        "description": "STR Type Ki +2",
        "id": "100091",
        "name": "Respect to the Strong",
        "skills": [
            {
                "calc_option": "0",
                "causality_conditions": "",
                "efficacy_type": "20",
                "efficacy_values": "[3, 2, 0]",
                "exec_timing_type": "1",
                "sub_target_type_set_id": "0",
                "target_type": "2"
            },
            {
                "calc_option": "0",
                "causality_conditions": "",
                "efficacy_type": "0",
                "efficacy_values": "[0, 0, 0]",
                "exec_timing_type": "1",
                "sub_target_type_set_id": "0",
                "target_type": "2"
            },
            {
                "calc_option": "0",
                "causality_conditions": "",
                "efficacy_type": "0",
                "efficacy_values": "[0, 0, 0]",
                "exec_timing_type": "1",
                "sub_target_type_set_id": "0",
                "target_type": "2"
            },
            {
                "calc_option": "0",
                "causality_conditions": "",
                "efficacy_type": "0",
                "efficacy_values": "[0, 0, 0]",
                "exec_timing_type": "1",
                "sub_target_type_set_id": "0",
                "target_type": "2"
            },
            {
                "calc_option": "0",
                "causality_conditions": "",
                "efficacy_type": "0",
                "efficacy_values": "[0, 0, 0]",
                "exec_timing_type": "1",
                "sub_target_type_set_id": "0",
                "target_type": "2"
            }
        ]
    },
    "passive_skill": {
        "id": "33",
        "itemized_description": "*When attacking with 5 or more Ki*\n- ATK 1500{passiveImg:up_g}",
        "name": "Perspiration",
        "skills": [
            {
                "calc_option": "0",
                "causality_conditions": "{\"source\": \"28\", \"compiled\": 28}",
                "eff_value1": "1500",
                "eff_value2": "0",
                "eff_value3": "0",
                "efficacy_type": "1",
                "efficacy_values": "{}",
                "exec_timing_type": "4",
                "is_once": "0",
                "passive_skill_effect_id": "",
                "probability": "100",
                "sub_target_type_set_id": "0",
                "target_type": "1",
                "turn": "1"
            }
        ]
    },
    "special_sets": {
        "13": [
            {
                "aim_target": "0",
                "causality_description": "",
                "description": "Causes extreme damage to enemy",
                "increase_rate": "120",
                "is_inactive": "0",
                "lv_bonus": "15",
                "name": "Tri-Beam"
            }
        ]
    },
    "specials": {
        "13": [
        ]
    }
}
