{
    "card": {
        "atk_init": "3300",
        "atk_max": "5099",
        "aura_id": "",
        "aura_offset_x": "",
        "aura_offset_y": "",
        "aura_scale": "",
        "awakening_element_type": "1",
        "awakening_number": "",
        "bg_effect_id": "",
        "card_unique_info_id": "152",
        "character_id": "270",
        "collectable_type": "1",
        "cost": "12",
        "def_init": "2875",
        "def_max": "3249",
        "eball_mod_max": "130",
        "eball_mod_max_num": "12",
        "eball_mod_mid": "0",
        "eball_mod_mid_num": "0",
        "eball_mod_min": "30",
        "eball_mod_num100": "4",
        "element": "13",
        "exp_type": "2",
        "face_x": "336",
        "face_y": "769",
        "grow_type": "30",
        "hp_init": "5250",
        "hp_max": "5998",
        "id": "1002341",
        "is_aura_front": "0",
        "is_selling_only": "0",
        "leader_skill_set_id": "100234",
        "link_skill1_id": "90",
        "link_skill2_id": "36",
        "link_skill3_id": "2",
        "link_skill4_id": "47",
        "link_skill5_id": "",
        "link_skill6_id": "",
        "link_skill7_id": "",
        "lv_max": "80",
        "max_level_reward_id": "1",
        "max_level_reward_type": "1",
        "name": "Krillin (Youth)",
        "optimal_awakening_grow_type": "",
        "passive_skill_set_id": "291",
        "potential_board_id": "23",
        "price": "13332",
        "rarity": "3",
        "resource_id": "",
        "selling_exchange_point": "120",
        "skill_lv_max": "10",
        "special_motion": "1",
        "training_exp": "4280"
    },
    "card_specials": {
        "634": {
            "bonus_view_id1": "0",
            "bonus_view_id2": "0",
            "card_costume_condition_id": "0",
            "causality_conditions": "",
            "eball_num_start": "12",
            "lv_start": "0",
            "priority": "0",
            "special_asset_id": "",
            "special_bonus_id1": "0",
            "special_bonus_id2": "0",
            "special_bonus_lv1": "0",
            "special_bonus_lv2": "0",
            "special_set_id": "6",
            "style": "Normal",
            "view_id": "634"
        }
    },
    "categories": [
        {
            "id": "3"
        },
        {
            "id": "33"
        },
        {
            "id": "34"
        },
        {
            "id": "39"
        },
        {
            "id": "40"
        },
        {
            "id": "51"
        },
        {
            "id": "58"
        },
        {
            "id": "65"
        },
        {
            "id": "79"
        },
        {
            "id": "89"
        },
        {
            "id": "91"
        },
        {
            "id": "10117000"
        }
    ],
    "leader_skill": {
        "description": "AGL and STR Type ATK +25%",
        "id": "100234",
        "name": "Boundless Ambition",
        "skills": [
            {
                "calc_option": "2",
                "causality_conditions": "",
                "efficacy_type": "16",
                "efficacy_values": "[0, 25, 0]",
                "exec_timing_type": "1",
                "sub_target_type_set_id": "0",
                "target_type": "2"
            },
            {
                "calc_option": "2",
                "causality_conditions": "",
                "efficacy_type": "16",
                "efficacy_values": "[3, 25, 0]",
                "exec_timing_type": "1",
                "sub_target_type_set_id": "0",
                "target_type": "2"
            },
            {
                "calc_option": "0",
                "causality_conditions": "",
                "efficacy_type": "0",
                "efficacy_values": "[0, 0, 0]",
                "exec_timing_type": "1",
                "sub_target_type_set_id": "0",
                "target_type": "2"
            },
            {
                "calc_option": "0",
                "causality_conditions": "",
                "efficacy_type": "0",
                "efficacy_values": "[0, 0, 0]",
                "exec_timing_type": "1",
                "sub_target_type_set_id": "0",
                "target_type": "2"
            },
            {
                "calc_option": "0",
                "causality_conditions": "",
                "efficacy_type": "0",
                "efficacy_values": "[0, 0, 0]",
                "exec_timing_type": "1",
                "sub_target_type_set_id": "0",
                "target_type": "2"
            }
        ]
    },
    "passive_skill": {
        "id": "291",
        "itemized_description": "*When HP is 80% or more*\r\n- Ki +2",
        "name": "Assiduous Application",
        "skills": [
            {
                "calc_option": "0",
                "causality_conditions": "{\"source\": \"50\", \"compiled\": 50}",
                "eff_value1": "2",
                "eff_value2": "0",
                "eff_value3": "0",
                "efficacy_type": "5",
                "efficacy_values": "{}",
                "exec_timing_type": "1",
                "is_once": "0",
                "passive_skill_effect_id": "",
                "probability": "100",
                "sub_target_type_set_id": "0",
                "target_type": "1",
                "turn": "1"
            }
        ]
    },
    "special_sets": {
        "6": [
            {
                "aim_target": "0",
                "causality_description": "",
                "description": "Causes huge damage to enemy",
                "increase_rate": "100",
                "is_inactive": "0",
                "lv_bonus": "10",
                "name": "Kamehameha"
            }
        ]
    },
    "specials": {
        "6": [
        ]
    }
}
