{
    "card": {
        "atk_init": "1134",
        "atk_max": "3779",
        "aura_id": "",
        "aura_offset_x": "",
        "aura_offset_y": "",
        "aura_scale": "",
        "awakening_element_type": "1",
        "awakening_number": "",
        "bg_effect_id": "",
        "card_unique_info_id": "118",
        "character_id": "279",
        "collectable_type": "1",
        "cost": "8",
        "def_init": "900",
        "def_max": "2999",
        "eball_mod_max": "115",
        "eball_mod_max_num": "12",
        "eball_mod_mid": "0",
        "eball_mod_mid_num": "0",
        "eball_mod_min": "40",
        "eball_mod_num100": "4",
        "element": "0",
        "exp_type": "4",
        "face_x": "336",
        "face_y": "769",
        "grow_type": "23",
        "hp_init": "1364",
        "hp_max": "4548",
        "id": "1002580",
        "is_aura_front": "0",
        "is_selling_only": "0",
        "leader_skill_set_id": "100258",
        "link_skill1_id": "9",
        "link_skill2_id": "29",
        "link_skill3_id": "47",
        "link_skill4_id": "45",
        "link_skill5_id": "82",
        "link_skill6_id": "",
        "link_skill7_id": "",
        "lv_max": "60",
        "max_level_reward_id": "1",
        "max_level_reward_type": "1",
        "name": "Super Saiyan Goten (Kid)",
        "optimal_awakening_grow_type": "",
        "passive_skill_set_id": "227",
        "potential_board_id": "",
        "price": "3386",
        "rarity": "2",
        "resource_id": "",
        "selling_exchange_point": "500",
        "skill_lv_max": "10",
        "special_motion": "1",
        "training_exp": "2765"
    },
    "card_specials": {
        "498": {
            "bonus_view_id1": "0",
            "bonus_view_id2": "0",
            "card_costume_condition_id": "0",
            "causality_conditions": "",
            "eball_num_start": "12",
            "lv_start": "0",
            "priority": "0",
            "special_asset_id": "",
            "special_bonus_id1": "0",
            "special_bonus_id2": "0",
            "special_bonus_lv1": "0",
            "special_bonus_lv2": "0",
            "special_set_id": "126",
            "style": "Normal",
            "view_id": "498"
        }
    },
    "categories": [
        {
            "id": "5"
        },
        {
            "id": "9"
        },
        {
            "id": "30"
        },
        {
            "id": "33"
        },
        {
            "id": "36"
        },
        {
            "id": "35"
        },
        {
            "id": "39"
        },
        {
            "id": "68"
        },
        {
            "id": "74"
        },
        {
            "id": "79"
        },
        {
            "id": "81"
        },
        {
            "id": "87"
        },
        {
            "id": "89"
        },
        {
            "id": "7462"
        },
        {
            "id": "7466"
        }
    ],
    "leader_skill": {
        "description": "All Types ATK +15%",
        "id": "100258",
        "name": "Promising Son",
        "skills": [
            {
                "calc_option": "2",
                "causality_conditions": "",
                "efficacy_type": "1",
                "efficacy_values": "[15, 0, 0]",
                "exec_timing_type": "1",
                "sub_target_type_set_id": "0",
                "target_type": "2"
            },
            {
                "calc_option": "0",
                "causality_conditions": "",
                "efficacy_type": "0",
                "efficacy_values": "[0, 0, 0]",
                "exec_timing_type": "1",
                "sub_target_type_set_id": "0",
                "target_type": "2"
            },
            {
                "calc_option": "0",
                "causality_conditions": "",
                "efficacy_type": "0",
                "efficacy_values": "[0, 0, 0]",
                "exec_timing_type": "1",
                "sub_target_type_set_id": "0",
                "target_type": "2"
            },
            {
                "calc_option": "0",
                "causality_conditions": "",
                "efficacy_type": "0",
                "efficacy_values": "[0, 0, 0]",
                "exec_timing_type": "1",
                "sub_target_type_set_id": "0",
                "target_type": "2"
            },
            {
                "calc_option": "0",
                "causality_conditions": "",
                "efficacy_type": "0",
                "efficacy_values": "[0, 0, 0]",
                "exec_timing_type": "1",
                "sub_target_type_set_id": "0",
                "target_type": "2"
            }
        ]
    },
    "passive_skill": {
        "id": "227",
        "itemized_description": "*Basic effect(s)*\r\n- High chance of Ki +3",
        "name": "Latent Ability",
        "skills": [
            {
                "calc_option": "0",
                "causality_conditions": "",
                "eff_value1": "3",
                "eff_value2": "0",
                "eff_value3": "0",
                "efficacy_type": "5",
                "efficacy_values": "{}",
                "exec_timing_type": "1",
                "is_once": "0",
                "passive_skill_effect_id": "",
                "probability": "50",
                "sub_target_type_set_id": "0",
                "target_type": "1",
                "turn": "1"
            }
        ]
    },
    "special_sets": {
        "126": [
            {
                "aim_target": "0",
                "causality_description": "",
                "description": "Causes huge damage to enemy",
                "increase_rate": "100",
                "is_inactive": "0",
                "lv_bonus": "10",
                "name": "Super Kamehameha"
            }
        ]
    },
    "specials": {
        "126": [
        ]
    }
}
