{
    "card": {
        "atk_init": "2576",
        "atk_max": "4723",
        "aura_id": "",
        "aura_offset_x": "",
        "aura_offset_y": "",
        "aura_scale": "",
        "awakening_element_type": "2",
        "awakening_number": "",
        "bg_effect_id": "",
        "card_unique_info_id": "167",
        "character_id": "272",
        "collectable_type": "1",
        "cost": "12",
        "def_init": "1970",
        "def_max": "2779",
        "eball_mod_max": "120",
        "eball_mod_max_num": "12",
        "eball_mod_mid": "0",
        "eball_mod_mid_num": "0",
        "eball_mod_min": "50",
        "eball_mod_num100": "4",
        "element": "20",
        "exp_type": "4",
        "face_x": "336",
        "face_y": "769",
        "grow_type": "30",
        "hp_init": "3440",
        "hp_max": "5058",
        "id": "1002361",
        "is_aura_front": "0",
        "is_selling_only": "0",
        "leader_skill_set_id": "100236",
        "link_skill1_id": "7",
        "link_skill2_id": "27",
        "link_skill3_id": "101",
        "link_skill4_id": "90",
        "link_skill5_id": "102",
        "link_skill6_id": "",
        "link_skill7_id": "",
        "lv_max": "80",
        "max_level_reward_id": "1",
        "max_level_reward_type": "1",
        "name": "Devilman",
        "optimal_awakening_grow_type": "",
        "passive_skill_set_id": "327",
        "potential_board_id": "20",
        "price": "13402",
        "rarity": "3",
        "resource_id": "",
        "selling_exchange_point": "120",
        "skill_lv_max": "10",
        "special_motion": "1",
        "training_exp": "4280"
    },
    "card_specials": {
        "696": {
            "bonus_view_id1": "0",
            "bonus_view_id2": "0",
            "card_costume_condition_id": "0",
            "causality_conditions": "",
            "eball_num_start": "12",
            "lv_start": "0",
            "priority": "0",
            "special_asset_id": "",
            "special_bonus_id1": "0",
            "special_bonus_id2": "0",
            "special_bonus_lv1": "0",
            "special_bonus_lv2": "0",
            "special_set_id": "196",
            "style": "Normal",
            "view_id": "696"
        }
    },
    "categories": [
        {
            "id": "3"
        },
        {
            "id": "34"
        },
        {
            "id": "51"
        },
        {
            "id": "91"
        },
        {
            "id": "93"
        },
        {
            "id": "97"
        }
    ],
    "leader_skill": {
        "description": "ATK + 25% when HP is 30% or below",
        "id": "100236",
        "name": "Devilish Deception",
        "skills": [
            {
                "calc_option": "2",
                "causality_conditions": "{\"source\": \"15\", \"compiled\": 15}",
                "efficacy_type": "1",
                "efficacy_values": "[25, 0, 0]",
                "exec_timing_type": "1",
                "sub_target_type_set_id": "0",
                "target_type": "2"
            },
            {
                "calc_option": "0",
                "causality_conditions": "{\"source\": \"15\", \"compiled\": 15}",
                "efficacy_type": "0",
                "efficacy_values": "[0, 0, 0]",
                "exec_timing_type": "1",
                "sub_target_type_set_id": "0",
                "target_type": "2"
            },
            {
                "calc_option": "0",
                "causality_conditions": "{\"source\": \"15\", \"compiled\": 15}",
                "efficacy_type": "0",
                "efficacy_values": "[0, 0, 0]",
                "exec_timing_type": "1",
                "sub_target_type_set_id": "0",
                "target_type": "2"
            },
            {
                "calc_option": "0",
                "causality_conditions": "{\"source\": \"15\", \"compiled\": 15}",
                "efficacy_type": "0",
                "efficacy_values": "[0, 0, 0]",
                "exec_timing_type": "1",
                "sub_target_type_set_id": "0",
                "target_type": "2"
            },
            {
                "calc_option": "0",
                "causality_conditions": "{\"source\": \"15\", \"compiled\": 15}",
                "efficacy_type": "0",
                "efficacy_values": "[0, 0, 0]",
                "exec_timing_type": "1",
                "sub_target_type_set_id": "0",
                "target_type": "2"
            }
        ]
    },
    "passive_skill": {
        "id": "327",
        "itemized_description": "*When attacking with 12 or more Ki*\r\n- Ultra-rare chance of granting deadly power to attack",
        "name": "Demon from Hell",
        "skills": [
            {
                "calc_option": "2",
                "causality_conditions": "{\"source\": \"47\", \"compiled\": 47}",
                "eff_value1": "1000000",
                "eff_value2": "0",
                "eff_value3": "0",
                "efficacy_type": "1",
                "efficacy_values": "{}",
                "exec_timing_type": "4",
                "is_once": "0",
                "passive_skill_effect_id": "",
                "probability": "1",
                "sub_target_type_set_id": "0",
                "target_type": "1",
                "turn": "1"
            }
        ]
    },
    "special_sets": {
        "196": [
            {
                "aim_target": "0",
                "causality_description": "",
                "description": "Causes huge damage to enemy",
                "increase_rate": "100",
                "is_inactive": "0",
                "lv_bonus": "10",
                "name": "Devilmite Beam"
            }
        ]
    },
    "specials": {
        "196": [
        ]
    }
}
