{
    "card": {
        "atk_init": "706",
        "atk_max": "2352",
        "aura_id": "",
        "aura_offset_x": "",
        "aura_offset_y": "",
        "aura_scale": "",
        "awakening_element_type": "2",
        "awakening_number": "",
        "bg_effect_id": "",
        "card_unique_info_id": "93",
        "character_id": "247",
        "collectable_type": "1",
        "cost": "6",
        "def_init": "835",
        "def_max": "2782",
        "eball_mod_max": "123",
        "eball_mod_max_num": "12",
        "eball_mod_mid": "0",
        "eball_mod_mid_num": "0",
        "eball_mod_min": "50",
        "eball_mod_num100": "5",
        "element": "2",
        "exp_type": "1",
        "face_x": "336",
        "face_y": "769",
        "grow_type": "13",
        "hp_init": "649",
        "hp_max": "2162",
        "id": "1002160",
        "is_aura_front": "0",
        "is_selling_only": "0",
        "leader_skill_set_id": "100216",
        "link_skill1_id": "8",
        "link_skill2_id": "43",
        "link_skill3_id": "72",
        "link_skill4_id": "73",
        "link_skill5_id": "68",
        "link_skill6_id": "",
        "link_skill7_id": "",
        "lv_max": "40",
        "max_level_reward_id": "1",
        "max_level_reward_type": "1",
        "name": "Sorbet",
        "optimal_awakening_grow_type": "",
        "passive_skill_set_id": "191",
        "potential_board_id": "",
        "price": "1376",
        "rarity": "1",
        "resource_id": "",
        "selling_exchange_point": "50",
        "skill_lv_max": "10",
        "special_motion": "1",
        "training_exp": "1526"
    },
    "card_specials": {
        "418": {
            "bonus_view_id1": "0",
            "bonus_view_id2": "0",
            "card_costume_condition_id": "0",
            "causality_conditions": "",
            "eball_num_start": "12",
            "lv_start": "0",
            "priority": "0",
            "special_asset_id": "",
            "special_bonus_id1": "0",
            "special_bonus_id2": "0",
            "special_bonus_lv1": "0",
            "special_bonus_lv2": "0",
            "special_set_id": "104",
            "style": "Normal",
            "view_id": "418"
        }
    },
    "categories": [
        {
            "id": "25"
        },
        {
            "id": "41"
        },
        {
            "id": "62"
        },
        {
            "id": "97"
        }
    ],
    "leader_skill": {
        "description": "ATK + 500 for all Types",
        "id": "100216",
        "name": "3rd Stellar Region Officer",
        "skills": [
            {
                "calc_option": "0",
                "causality_conditions": "",
                "efficacy_type": "1",
                "efficacy_values": "[500, 0, 0]",
                "exec_timing_type": "1",
                "sub_target_type_set_id": "0",
                "target_type": "2"
            },
            {
                "calc_option": "0",
                "causality_conditions": "",
                "efficacy_type": "0",
                "efficacy_values": "[0, 0, 0]",
                "exec_timing_type": "1",
                "sub_target_type_set_id": "0",
                "target_type": "2"
            },
            {
                "calc_option": "0",
                "causality_conditions": "",
                "efficacy_type": "0",
                "efficacy_values": "[0, 0, 0]",
                "exec_timing_type": "1",
                "sub_target_type_set_id": "0",
                "target_type": "2"
            },
            {
                "calc_option": "0",
                "causality_conditions": "",
                "efficacy_type": "0",
                "efficacy_values": "[0, 0, 0]",
                "exec_timing_type": "1",
                "sub_target_type_set_id": "0",
                "target_type": "2"
            },
            {
                "calc_option": "0",
                "causality_conditions": "",
                "efficacy_type": "0",
                "efficacy_values": "[0, 0, 0]",
                "exec_timing_type": "1",
                "sub_target_type_set_id": "0",
                "target_type": "2"
            }
        ]
    },
    "passive_skill": {
        "id": "191",
        "itemized_description": "*Basic effect(s)*\n- Very rare chance of all allies' ATK & DEF 30%{passiveImg:up_g}",
        "name": "Advanced Tactics",
        "skills": [
            {
                "calc_option": "2",
                "causality_conditions": "",
                "eff_value1": "30",
                "eff_value2": "30",
                "eff_value3": "0",
                "efficacy_type": "3",
                "efficacy_values": "{}",
                "exec_timing_type": "1",
                "is_once": "0",
                "passive_skill_effect_id": "",
                "probability": "3",
                "sub_target_type_set_id": "0",
                "target_type": "2",
                "turn": "1"
            }
        ]
    },
    "special_sets": {
        "104": [
            {
                "aim_target": "0",
                "causality_description": "",
                "description": "Causes damage to enemy \nand seals Super Attack",
                "increase_rate": "70",
                "is_inactive": "0",
                "lv_bonus": "10",
                "name": "Bad Ring Laser"
            }
        ]
    },
    "specials": {
        "104": [
            {
                "calc_option": "0",
                "causality_conditions": "",
                "eff_value1": "0",
                "eff_value2": "0",
                "eff_value3": "0",
                "efficacy_type": "48",
                "prob": "100",
                "target_type": "3",
                "turn": "2",
                "type": "Special::ExtraEfficacySpecial"
            }
        ]
    }
}
