{
    "card": {
        "atk_init": "4061",
        "atk_max": "6052",
        "aura_id": "",
        "aura_offset_x": "",
        "aura_offset_y": "",
        "aura_scale": "",
        "awakening_element_type": "2",
        "awakening_number": "",
        "bg_effect_id": "",
        "card_unique_info_id": "134",
        "character_id": "288",
        "collectable_type": "1",
        "cost": "12",
        "def_init": "2759",
        "def_max": "3168",
        "eball_mod_max": "140",
        "eball_mod_max_num": "12",
        "eball_mod_mid": "0",
        "eball_mod_mid_num": "0",
        "eball_mod_min": "40",
        "eball_mod_num100": "5",
        "element": "21",
        "exp_type": "2",
        "face_x": "336",
        "face_y": "769",
        "grow_type": "30",
        "hp_init": "6085",
        "hp_max": "7108",
        "id": "1002521",
        "is_aura_front": "0",
        "is_selling_only": "0",
        "leader_skill_set_id": "100252",
        "link_skill1_id": "55",
        "link_skill2_id": "35",
        "link_skill3_id": "52",
        "link_skill4_id": "39",
        "link_skill5_id": "",
        "link_skill6_id": "",
        "link_skill7_id": "",
        "lv_max": "80",
        "max_level_reward_id": "1",
        "max_level_reward_type": "1",
        "name": "Android #13",
        "optimal_awakening_grow_type": "",
        "passive_skill_set_id": "249",
        "potential_board_id": "",
        "price": "13332",
        "rarity": "3",
        "resource_id": "",
        "selling_exchange_point": "120",
        "skill_lv_max": "10",
        "special_motion": "1",
        "training_exp": "4280"
    },
    "card_specials": {
        "547": {
            "bonus_view_id1": "0",
            "bonus_view_id2": "0",
            "card_costume_condition_id": "0",
            "causality_conditions": "",
            "eball_num_start": "12",
            "lv_start": "0",
            "priority": "0",
            "special_asset_id": "",
            "special_bonus_id1": "0",
            "special_bonus_id2": "0",
            "special_bonus_lv1": "0",
            "special_bonus_lv2": "0",
            "special_set_id": "144",
            "style": "Normal",
            "view_id": "547"
        }
    },
    "categories": [
        {
            "id": "16"
        },
        {
            "id": "21"
        },
        {
            "id": "32"
        },
        {
            "id": "43"
        },
        {
            "id": "97"
        }
    ],
    "leader_skill": {
        "description": "TEQ, STR, PHY Type ATK & DEF +15%",
        "id": "100252",
        "name": "Evil-Borne Monster",
        "skills": [
            {
                "calc_option": "2",
                "causality_conditions": "",
                "efficacy_type": "18",
                "efficacy_values": "[1, 15, 15]",
                "exec_timing_type": "1",
                "sub_target_type_set_id": "0",
                "target_type": "2"
            },
            {
                "calc_option": "2",
                "causality_conditions": "",
                "efficacy_type": "18",
                "efficacy_values": "[3, 15, 15]",
                "exec_timing_type": "1",
                "sub_target_type_set_id": "0",
                "target_type": "2"
            },
            {
                "calc_option": "2",
                "causality_conditions": "",
                "efficacy_type": "18",
                "efficacy_values": "[4, 15, 15]",
                "exec_timing_type": "1",
                "sub_target_type_set_id": "0",
                "target_type": "2"
            },
            {
                "calc_option": "0",
                "causality_conditions": "",
                "efficacy_type": "0",
                "efficacy_values": "[0, 0, 0]",
                "exec_timing_type": "1",
                "sub_target_type_set_id": "0",
                "target_type": "2"
            },
            {
                "calc_option": "0",
                "causality_conditions": "",
                "efficacy_type": "0",
                "efficacy_values": "[0, 0, 0]",
                "exec_timing_type": "1",
                "sub_target_type_set_id": "0",
                "target_type": "2"
            }
        ]
    },
    "passive_skill": {
        "id": "249",
        "itemized_description": "*When attacking with 8 or more Ki*\n- ATK 40%{passiveImg:up_g}",
        "name": "Abhorrent Android",
        "skills": [
            {
                "calc_option": "2",
                "causality_conditions": "{\"source\": \"20\", \"compiled\": 20}",
                "eff_value1": "40",
                "eff_value2": "0",
                "eff_value3": "0",
                "efficacy_type": "1",
                "efficacy_values": "{}",
                "exec_timing_type": "4",
                "is_once": "0",
                "passive_skill_effect_id": "",
                "probability": "100",
                "sub_target_type_set_id": "0",
                "target_type": "1",
                "turn": "1"
            }
        ]
    },
    "special_sets": {
        "144": [
            {
                "aim_target": "0",
                "causality_description": "",
                "description": "Causes huge damage to enemy",
                "increase_rate": "100",
                "is_inactive": "0",
                "lv_bonus": "10",
                "name": "S.S. Deadly Bomber"
            }
        ]
    },
    "specials": {
        "144": [
        ]
    }
}
