{
    "card": {
        "atk_init": "4015",
        "atk_max": "6078",
        "aura_id": "",
        "aura_offset_x": "",
        "aura_offset_y": "",
        "aura_scale": "",
        "awakening_element_type": "2",
        "awakening_number": "",
        "bg_effect_id": "",
        "card_unique_info_id": "63",
        "character_id": "68",
        "collectable_type": "1",
        "cost": "12",
        "def_init": "2476",
        "def_max": "2890",
        "eball_mod_max": "115",
        "eball_mod_max_num": "12",
        "eball_mod_mid": "0",
        "eball_mod_mid_num": "0",
        "eball_mod_min": "50",
        "eball_mod_num100": "4",
        "element": "20",
        "exp_type": "4",
        "face_x": "336",
        "face_y": "769",
        "grow_type": "30",
        "hp_init": "5972",
        "hp_max": "6473",
        "id": "1002151",
        "is_aura_front": "0",
        "is_selling_only": "0",
        "leader_skill_set_id": "100215",
        "link_skill1_id": "26",
        "link_skill2_id": "59",
        "link_skill3_id": "60",
        "link_skill4_id": "65",
        "link_skill5_id": "85",
        "link_skill6_id": "",
        "link_skill7_id": "",
        "lv_max": "80",
        "max_level_reward_id": "1",
        "max_level_reward_type": "1",
        "name": "Frieza (Final Form)",
        "optimal_awakening_grow_type": "",
        "passive_skill_set_id": "190",
        "potential_board_id": "20",
        "price": "13472",
        "rarity": "3",
        "resource_id": "",
        "selling_exchange_point": "120",
        "skill_lv_max": "10",
        "special_motion": "2",
        "training_exp": "4340"
    },
    "card_specials": {
        "417": {
            "bonus_view_id1": "0",
            "bonus_view_id2": "0",
            "card_costume_condition_id": "0",
            "causality_conditions": "",
            "eball_num_start": "12",
            "lv_start": "0",
            "priority": "0",
            "special_asset_id": "",
            "special_bonus_id1": "0",
            "special_bonus_id2": "0",
            "special_bonus_lv1": "0",
            "special_bonus_lv2": "0",
            "special_set_id": "103",
            "style": "Normal",
            "view_id": "417"
        }
    },
    "categories": [
        {
            "id": "7"
        },
        {
            "id": "16"
        },
        {
            "id": "23"
        },
        {
            "id": "24"
        },
        {
            "id": "41"
        },
        {
            "id": "43"
        },
        {
            "id": "48"
        },
        {
            "id": "50"
        },
        {
            "id": "68"
        },
        {
            "id": "69"
        },
        {
            "id": "78"
        },
        {
            "id": "90"
        },
        {
            "id": "96"
        },
        {
            "id": "7462"
        }
    ],
    "leader_skill": {
        "description": "AGL Type Ki +2",
        "id": "100215",
        "name": "The Nightmare Returns",
        "skills": [
            {
                "calc_option": "0",
                "causality_conditions": "",
                "efficacy_type": "20",
                "efficacy_values": "[0, 2, 0]",
                "exec_timing_type": "1",
                "sub_target_type_set_id": "0",
                "target_type": "2"
            },
            {
                "calc_option": "0",
                "causality_conditions": "",
                "efficacy_type": "0",
                "efficacy_values": "[0, 0, 0]",
                "exec_timing_type": "1",
                "sub_target_type_set_id": "0",
                "target_type": "2"
            },
            {
                "calc_option": "0",
                "causality_conditions": "",
                "efficacy_type": "0",
                "efficacy_values": "[0, 0, 0]",
                "exec_timing_type": "1",
                "sub_target_type_set_id": "0",
                "target_type": "2"
            },
            {
                "calc_option": "0",
                "causality_conditions": "",
                "efficacy_type": "0",
                "efficacy_values": "[0, 0, 0]",
                "exec_timing_type": "1",
                "sub_target_type_set_id": "0",
                "target_type": "2"
            },
            {
                "calc_option": "0",
                "causality_conditions": "",
                "efficacy_type": "0",
                "efficacy_values": "[0, 0, 0]",
                "exec_timing_type": "1",
                "sub_target_type_set_id": "0",
                "target_type": "2"
            }
        ]
    },
    "passive_skill": {
        "id": "190",
        "itemized_description": "*Basic effect(s)*\r\n- High chance of all enemies' DEF 25%{passiveImg:down_y}",
        "name": "Nightmare",
        "skills": [
            {
                "calc_option": "3",
                "causality_conditions": "",
                "eff_value1": "25",
                "eff_value2": "0",
                "eff_value3": "0",
                "efficacy_type": "2",
                "efficacy_values": "{}",
                "exec_timing_type": "1",
                "is_once": "0",
                "passive_skill_effect_id": "",
                "probability": "50",
                "sub_target_type_set_id": "0",
                "target_type": "4",
                "turn": "1"
            }
        ]
    },
    "special_sets": {
        "103": [
            {
                "aim_target": "0",
                "causality_description": "",
                "description": "Causes huge damage to enemy \r\nand lowers ATK",
                "increase_rate": "100",
                "is_inactive": "0",
                "lv_bonus": "10",
                "name": "Barrage Death Beam"
            }
        ]
    },
    "specials": {
        "103": [
            {
                "calc_option": "3",
                "causality_conditions": "",
                "eff_value1": "10",
                "eff_value2": "0",
                "eff_value3": "0",
                "efficacy_type": "1",
                "prob": "100",
                "target_type": "3",
                "turn": "3",
                "type": "Special::NormalEfficacySpecial"
            }
        ]
    }
}
