{
    "card": {
        "atk_init": "2716",
        "atk_max": "3733",
        "aura_id": "",
        "aura_offset_x": "",
        "aura_offset_y": "",
        "aura_scale": "",
        "awakening_element_type": "2",
        "awakening_number": "",
        "bg_effect_id": "",
        "card_unique_info_id": "110",
        "character_id": "266",
        "collectable_type": "1",
        "cost": "6",
        "def_init": "2037",
        "def_max": "3219",
        "eball_mod_max": "115",
        "eball_mod_max_num": "12",
        "eball_mod_mid": "0",
        "eball_mod_mid_num": "0",
        "eball_mod_min": "40",
        "eball_mod_num100": "3",
        "element": "20",
        "exp_type": "0",
        "face_x": "336",
        "face_y": "769",
        "grow_type": "20",
        "hp_init": "2956",
        "hp_max": "4801",
        "id": "1002301",
        "is_aura_front": "0",
        "is_selling_only": "0",
        "leader_skill_set_id": "100230",
        "link_skill1_id": "55",
        "link_skill2_id": "12",
        "link_skill3_id": "32",
        "link_skill4_id": "90",
        "link_skill5_id": "102",
        "link_skill6_id": "",
        "link_skill7_id": "",
        "lv_max": "60",
        "max_level_reward_id": "1",
        "max_level_reward_type": "1",
        "name": "Murasaki",
        "optimal_awakening_grow_type": "",
        "passive_skill_set_id": "335",
        "potential_board_id": "20",
        "price": "3253",
        "rarity": "2",
        "resource_id": "",
        "selling_exchange_point": "12",
        "skill_lv_max": "10",
        "special_motion": "1",
        "training_exp": "2875"
    },
    "card_specials": {
        "479": {
            "bonus_view_id1": "0",
            "bonus_view_id2": "0",
            "card_costume_condition_id": "0",
            "causality_conditions": "",
            "eball_num_start": "12",
            "lv_start": "0",
            "priority": "0",
            "special_asset_id": "",
            "special_bonus_id1": "0",
            "special_bonus_id2": "0",
            "special_bonus_lv1": "0",
            "special_bonus_lv2": "0",
            "special_set_id": "118",
            "style": "Normal",
            "view_id": "479"
        }
    },
    "categories": [
        {
            "id": "25"
        },
        {
            "id": "34"
        },
        {
            "id": "41"
        },
        {
            "id": "51"
        },
        {
            "id": "89"
        },
        {
            "id": "97"
        }
    ],
    "leader_skill": {
        "description": "AGL Type Ki +1",
        "id": "100230",
        "name": "Impressive Ninja Skills",
        "skills": [
            {
                "calc_option": "0",
                "causality_conditions": "",
                "efficacy_type": "20",
                "efficacy_values": "[0, 1, 0]",
                "exec_timing_type": "1",
                "sub_target_type_set_id": "0",
                "target_type": "2"
            },
            {
                "calc_option": "0",
                "causality_conditions": "",
                "efficacy_type": "0",
                "efficacy_values": "[0, 0, 0]",
                "exec_timing_type": "1",
                "sub_target_type_set_id": "0",
                "target_type": "2"
            },
            {
                "calc_option": "0",
                "causality_conditions": "",
                "efficacy_type": "0",
                "efficacy_values": "[0, 0, 0]",
                "exec_timing_type": "1",
                "sub_target_type_set_id": "0",
                "target_type": "2"
            },
            {
                "calc_option": "0",
                "causality_conditions": "",
                "efficacy_type": "0",
                "efficacy_values": "[0, 0, 0]",
                "exec_timing_type": "1",
                "sub_target_type_set_id": "0",
                "target_type": "2"
            },
            {
                "calc_option": "0",
                "causality_conditions": "",
                "efficacy_type": "0",
                "efficacy_values": "[0, 0, 0]",
                "exec_timing_type": "1",
                "sub_target_type_set_id": "0",
                "target_type": "2"
            }
        ]
    },
    "passive_skill": {
        "id": "335",
        "itemized_description": "*Basic effect(s)*\r\n- Rare chance of Ki +5",
        "name": "Quintuplets",
        "skills": [
            {
                "calc_option": "0",
                "causality_conditions": "",
                "eff_value1": "5",
                "eff_value2": "0",
                "eff_value3": "0",
                "efficacy_type": "5",
                "efficacy_values": "{}",
                "exec_timing_type": "1",
                "is_once": "0",
                "passive_skill_effect_id": "",
                "probability": "7",
                "sub_target_type_set_id": "0",
                "target_type": "1",
                "turn": "1"
            }
        ]
    },
    "special_sets": {
        "118": [
            {
                "aim_target": "0",
                "causality_description": "",
                "description": "Causes damage to enemy \r\nand seals Super Attack",
                "increase_rate": "70",
                "is_inactive": "0",
                "lv_bonus": "10",
                "name": "Ninpo Kasumi Shuriken"
            }
        ]
    },
    "specials": {
        "118": [
            {
                "calc_option": "0",
                "causality_conditions": "",
                "eff_value1": "0",
                "eff_value2": "0",
                "eff_value3": "0",
                "efficacy_type": "48",
                "prob": "100",
                "target_type": "3",
                "turn": "2",
                "type": "Special::ExtraEfficacySpecial"
            }
        ]
    }
}
