{
    "card": {
        "atk_init": "1992",
        "atk_max": "6590",
        "aura_id": "",
        "aura_offset_x": "",
        "aura_offset_y": "",
        "aura_scale": "",
        "awakening_element_type": "1",
        "awakening_number": "",
        "bg_effect_id": "",
        "card_unique_info_id": "149",
        "character_id": "235",
        "collectable_type": "1",
        "cost": "17",
        "def_init": "1118",
        "def_max": "3981",
        "eball_mod_max": "145",
        "eball_mod_max_num": "12",
        "eball_mod_mid": "0",
        "eball_mod_mid_num": "0",
        "eball_mod_min": "50",
        "eball_mod_num100": "5",
        "element": "4",
        "exp_type": "5",
        "face_x": "336",
        "face_y": "769",
        "grow_type": "33",
        "hp_init": "2253",
        "hp_max": "7011",
        "id": "1002020",
        "is_aura_front": "0",
        "is_selling_only": "0",
        "leader_skill_set_id": "100202",
        "link_skill1_id": "23",
        "link_skill2_id": "34",
        "link_skill3_id": "47",
        "link_skill4_id": "60",
        "link_skill5_id": "103",
        "link_skill6_id": "1003",
        "link_skill7_id": "",
        "lv_max": "80",
        "max_level_reward_id": "1",
        "max_level_reward_type": "1",
        "name": "Ultimate Gohan",
        "optimal_awakening_grow_type": "",
        "passive_skill_set_id": "283",
        "potential_board_id": "",
        "price": "13825",
        "rarity": "3",
        "resource_id": "",
        "selling_exchange_point": "10000",
        "skill_lv_max": "10",
        "special_motion": "1",
        "training_exp": "4320"
    },
    "card_specials": {
        "617": {
            "bonus_view_id1": "0",
            "bonus_view_id2": "0",
            "card_costume_condition_id": "0",
            "causality_conditions": "",
            "eball_num_start": "12",
            "lv_start": "0",
            "priority": "0",
            "special_asset_id": "",
            "special_bonus_id1": "0",
            "special_bonus_id2": "0",
            "special_bonus_lv1": "0",
            "special_bonus_lv2": "0",
            "special_set_id": "166",
            "style": "Normal",
            "view_id": "617"
        }
    },
    "categories": [
        {
            "id": "5"
        },
        {
            "id": "9"
        },
        {
            "id": "30"
        },
        {
            "id": "35"
        },
        {
            "id": "39"
        },
        {
            "id": "48"
        },
        {
            "id": "54"
        },
        {
            "id": "57"
        },
        {
            "id": "67"
        },
        {
            "id": "81"
        },
        {
            "id": "87"
        },
        {
            "id": "89"
        },
        {
            "id": "90"
        },
        {
            "id": "93"
        }
    ],
    "leader_skill": {
        "description": "All Types Ki +2",
        "id": "100202",
        "name": "Power Awakened",
        "skills": [
            {
                "calc_option": "0",
                "causality_conditions": "",
                "efficacy_type": "5",
                "efficacy_values": "[2, 0, 0]",
                "exec_timing_type": "1",
                "sub_target_type_set_id": "0",
                "target_type": "2"
            },
            {
                "calc_option": "0",
                "causality_conditions": "",
                "efficacy_type": "0",
                "efficacy_values": "[0, 0, 0]",
                "exec_timing_type": "1",
                "sub_target_type_set_id": "0",
                "target_type": "2"
            },
            {
                "calc_option": "0",
                "causality_conditions": "",
                "efficacy_type": "0",
                "efficacy_values": "[0, 0, 0]",
                "exec_timing_type": "1",
                "sub_target_type_set_id": "0",
                "target_type": "2"
            },
            {
                "calc_option": "0",
                "causality_conditions": "",
                "efficacy_type": "0",
                "efficacy_values": "[0, 0, 0]",
                "exec_timing_type": "1",
                "sub_target_type_set_id": "0",
                "target_type": "2"
            },
            {
                "calc_option": "0",
                "causality_conditions": "",
                "efficacy_type": "0",
                "efficacy_values": "[0, 0, 0]",
                "exec_timing_type": "1",
                "sub_target_type_set_id": "0",
                "target_type": "2"
            }
        ]
    },
    "passive_skill": {
        "id": "283",
        "itemized_description": "*When HP is 50% or more*\n- ATK 70%{passiveImg:up_g}",
        "name": "Perfected Prowess",
        "skills": [
            {
                "calc_option": "2",
                "causality_conditions": "{\"source\": \"21\", \"compiled\": 21}",
                "eff_value1": "70",
                "eff_value2": "0",
                "eff_value3": "0",
                "efficacy_type": "1",
                "efficacy_values": "{}",
                "exec_timing_type": "1",
                "is_once": "0",
                "passive_skill_effect_id": "",
                "probability": "100",
                "sub_target_type_set_id": "0",
                "target_type": "1",
                "turn": "1"
            }
        ]
    },
    "special_sets": {
        "166": [
            {
                "aim_target": "0",
                "causality_description": "",
                "description": "Causes supreme damage \nand raises ATK for 3 turns",
                "increase_rate": "100",
                "is_inactive": "0",
                "lv_bonus": "20",
                "name": "Super Kamehameha"
            }
        ]
    },
    "specials": {
        "166": [
            {
                "calc_option": "2",
                "causality_conditions": "",
                "eff_value1": "50",
                "eff_value2": "0",
                "eff_value3": "0",
                "efficacy_type": "1",
                "prob": "100",
                "target_type": "1",
                "turn": "3",
                "type": "Special::NormalEfficacySpecial"
            }
        ]
    }
}
