{
    "card": {
        "atk_init": "1970",
        "atk_max": "6566",
        "aura_id": "",
        "aura_offset_x": "",
        "aura_offset_y": "",
        "aura_scale": "",
        "awakening_element_type": "1",
        "awakening_number": "",
        "bg_effect_id": "",
        "card_unique_info_id": "4",
        "character_id": "282",
        "collectable_type": "1",
        "cost": "18",
        "def_init": "1010",
        "def_max": "3368",
        "eball_mod_max": "130",
        "eball_mod_max_num": "12",
        "eball_mod_mid": "0",
        "eball_mod_mid_num": "0",
        "eball_mod_min": "50",
        "eball_mod_num100": "5",
        "element": "2",
        "exp_type": "5",
        "face_x": "336",
        "face_y": "769",
        "grow_type": "33",
        "hp_init": "2077",
        "hp_max": "6922",
        "id": "1002460",
        "is_aura_front": "0",
        "is_selling_only": "0",
        "leader_skill_set_id": "100246",
        "link_skill1_id": "22",
        "link_skill2_id": "40",
        "link_skill3_id": "63",
        "link_skill4_id": "26",
        "link_skill5_id": "97",
        "link_skill6_id": "1002",
        "link_skill7_id": "1003",
        "lv_max": "80",
        "max_level_reward_id": "1",
        "max_level_reward_type": "1",
        "name": "Vegeta",
        "optimal_awakening_grow_type": "",
        "passive_skill_set_id": "411",
        "potential_board_id": "",
        "price": "13825",
        "rarity": "3",
        "resource_id": "",
        "selling_exchange_point": "10000",
        "skill_lv_max": "10",
        "special_motion": "1",
        "training_exp": "4320"
    },
    "card_specials": {
        "861": {
            "bonus_view_id1": "0",
            "bonus_view_id2": "0",
            "card_costume_condition_id": "0",
            "causality_conditions": "",
            "eball_num_start": "12",
            "lv_start": "0",
            "priority": "0",
            "special_asset_id": "",
            "special_bonus_id1": "0",
            "special_bonus_id2": "0",
            "special_bonus_lv1": "0",
            "special_bonus_lv2": "0",
            "special_set_id": "98",
            "style": "Normal",
            "view_id": "861"
        }
    },
    "categories": [
        {
            "id": "9"
        },
        {
            "id": "17"
        },
        {
            "id": "31"
        },
        {
            "id": "37"
        },
        {
            "id": "55"
        },
        {
            "id": "63"
        },
        {
            "id": "68"
        },
        {
            "id": "83"
        },
        {
            "id": "87"
        },
        {
            "id": "96"
        }
    ],
    "leader_skill": {
        "description": "INT & PHY Types HP & ATK +30%",
        "id": "100246",
        "name": "Exerted Ability",
        "skills": [
            {
                "calc_option": "2",
                "causality_conditions": "",
                "efficacy_type": "44",
                "efficacy_values": "[2, 30, 30]",
                "exec_timing_type": "1",
                "sub_target_type_set_id": "0",
                "target_type": "2"
            },
            {
                "calc_option": "2",
                "causality_conditions": "",
                "efficacy_type": "44",
                "efficacy_values": "[4, 30, 30]",
                "exec_timing_type": "1",
                "sub_target_type_set_id": "0",
                "target_type": "2"
            },
            {
                "calc_option": "0",
                "causality_conditions": "",
                "efficacy_type": "0",
                "efficacy_values": "[0, 0, 0]",
                "exec_timing_type": "1",
                "sub_target_type_set_id": "0",
                "target_type": "2"
            },
            {
                "calc_option": "0",
                "causality_conditions": "",
                "efficacy_type": "0",
                "efficacy_values": "[0, 0, 0]",
                "exec_timing_type": "1",
                "sub_target_type_set_id": "0",
                "target_type": "2"
            },
            {
                "calc_option": "0",
                "causality_conditions": "",
                "efficacy_type": "0",
                "efficacy_values": "[0, 0, 0]",
                "exec_timing_type": "1",
                "sub_target_type_set_id": "0",
                "target_type": "2"
            }
        ]
    },
    "passive_skill": {
        "id": "411",
        "itemized_description": "*Basic effect(s)*\n- Recovers HP with sweet treats\n*For every INT Ki Sphere obtained*\n- ATK 15%{passiveImg:up_g}",
        "name": "Message to Earth",
        "skills": [
            {
                "calc_option": "2",
                "causality_conditions": "",
                "eff_value1": "2",
                "eff_value2": "15",
                "eff_value3": "2",
                "efficacy_type": "64",
                "efficacy_values": "{}",
                "exec_timing_type": "1",
                "is_once": "0",
                "passive_skill_effect_id": "",
                "probability": "100",
                "sub_target_type_set_id": "0",
                "target_type": "1",
                "turn": "1"
            },
            {
                "calc_option": "2",
                "causality_conditions": "",
                "eff_value1": "448",
                "eff_value2": "2",
                "eff_value3": "2",
                "efficacy_type": "68",
                "efficacy_values": "{}",
                "exec_timing_type": "1",
                "is_once": "0",
                "passive_skill_effect_id": "",
                "probability": "100",
                "sub_target_type_set_id": "0",
                "target_type": "1",
                "turn": "1"
            }
        ]
    },
    "special_sets": {
        "98": [
            {
                "aim_target": "0",
                "causality_description": "",
                "description": "Causes extreme damage to enemy",
                "increase_rate": "120",
                "is_inactive": "0",
                "lv_bonus": "15",
                "name": "Big Bang Attack"
            }
        ]
    },
    "specials": {
        "98": [
        ]
    }
}
