{
    "card": {
        "atk_init": "783",
        "atk_max": "2609",
        "aura_id": "",
        "aura_offset_x": "",
        "aura_offset_y": "",
        "aura_scale": "",
        "awakening_element_type": "1",
        "awakening_number": "",
        "bg_effect_id": "",
        "card_unique_info_id": "95",
        "character_id": "249",
        "collectable_type": "1",
        "cost": "6",
        "def_init": "588",
        "def_max": "1961",
        "eball_mod_max": "130",
        "eball_mod_max_num": "12",
        "eball_mod_mid": "0",
        "eball_mod_mid_num": "0",
        "eball_mod_min": "40",
        "eball_mod_num100": "5",
        "element": "4",
        "exp_type": "0",
        "face_x": "336",
        "face_y": "769",
        "grow_type": "13",
        "hp_init": "860",
        "hp_max": "2867",
        "id": "1002180",
        "is_aura_front": "0",
        "is_selling_only": "0",
        "leader_skill_set_id": "100218",
        "link_skill1_id": "45",
        "link_skill2_id": "2",
        "link_skill3_id": "1",
        "link_skill4_id": "69",
        "link_skill5_id": "68",
        "link_skill6_id": "",
        "link_skill7_id": "",
        "lv_max": "40",
        "max_level_reward_id": "1",
        "max_level_reward_type": "1",
        "name": "Krillin (Police Officer)",
        "optimal_awakening_grow_type": "",
        "passive_skill_set_id": "193",
        "potential_board_id": "",
        "price": "1376",
        "rarity": "1",
        "resource_id": "",
        "selling_exchange_point": "10",
        "skill_lv_max": "10",
        "special_motion": "1",
        "training_exp": "1526"
    },
    "card_specials": {
        "422": {
            "bonus_view_id1": "0",
            "bonus_view_id2": "0",
            "card_costume_condition_id": "0",
            "causality_conditions": "",
            "eball_num_start": "12",
            "lv_start": "0",
            "priority": "0",
            "special_asset_id": "",
            "special_bonus_id1": "0",
            "special_bonus_id2": "0",
            "special_bonus_lv1": "0",
            "special_bonus_lv2": "0",
            "special_set_id": "96",
            "style": "Normal",
            "view_id": "422"
        }
    },
    "categories": [
        {
            "id": "29"
        },
        {
            "id": "51"
        },
        {
            "id": "58"
        },
        {
            "id": "65"
        },
        {
            "id": "70"
        },
        {
            "id": "79"
        },
        {
            "id": "87"
        },
        {
            "id": "89"
        },
        {
            "id": "97"
        },
        {
            "id": "10117000"
        }
    ],
    "leader_skill": {
        "description": "PHY Type DEF + 25%",
        "id": "100218",
        "name": "Protector of the Peace",
        "skills": [
            {
                "calc_option": "2",
                "causality_conditions": "",
                "efficacy_type": "17",
                "efficacy_values": "[4, 25, 0]",
                "exec_timing_type": "1",
                "sub_target_type_set_id": "0",
                "target_type": "2"
            },
            {
                "calc_option": "0",
                "causality_conditions": "",
                "efficacy_type": "0",
                "efficacy_values": "[0, 0, 0]",
                "exec_timing_type": "1",
                "sub_target_type_set_id": "0",
                "target_type": "2"
            },
            {
                "calc_option": "0",
                "causality_conditions": "",
                "efficacy_type": "0",
                "efficacy_values": "[0, 0, 0]",
                "exec_timing_type": "1",
                "sub_target_type_set_id": "0",
                "target_type": "2"
            },
            {
                "calc_option": "0",
                "causality_conditions": "",
                "efficacy_type": "0",
                "efficacy_values": "[0, 0, 0]",
                "exec_timing_type": "1",
                "sub_target_type_set_id": "0",
                "target_type": "2"
            },
            {
                "calc_option": "0",
                "causality_conditions": "",
                "efficacy_type": "0",
                "efficacy_values": "[0, 0, 0]",
                "exec_timing_type": "1",
                "sub_target_type_set_id": "0",
                "target_type": "2"
            }
        ]
    },
    "passive_skill": {
        "id": "193",
        "itemized_description": "*Basic effect(s)*\r\n- Recovers 1500 HP at the start of turn",
        "name": "Friendship",
        "skills": [
            {
                "calc_option": "0",
                "causality_conditions": "",
                "eff_value1": "1500",
                "eff_value2": "0",
                "eff_value3": "0",
                "efficacy_type": "4",
                "efficacy_values": "{}",
                "exec_timing_type": "1",
                "is_once": "0",
                "passive_skill_effect_id": "",
                "probability": "100",
                "sub_target_type_set_id": "0",
                "target_type": "1",
                "turn": "1"
            }
        ]
    },
    "special_sets": {
        "96": [
            {
                "aim_target": "0",
                "causality_description": "",
                "description": "Causes huge damage to enemy \r\nand lowers DEF",
                "increase_rate": "100",
                "is_inactive": "0",
                "lv_bonus": "10",
                "name": "Destructo-Disc"
            }
        ]
    },
    "specials": {
        "96": [
            {
                "calc_option": "3",
                "causality_conditions": "",
                "eff_value1": "20",
                "eff_value2": "0",
                "eff_value3": "0",
                "efficacy_type": "2",
                "prob": "100",
                "target_type": "3",
                "turn": "3",
                "type": "Special::NormalEfficacySpecial"
            }
        ]
    }
}
