{
    "card": {
        "atk_init": "1005",
        "atk_max": "3350",
        "aura_id": "",
        "aura_offset_x": "",
        "aura_offset_y": "",
        "aura_scale": "",
        "awakening_element_type": "1",
        "awakening_number": "",
        "bg_effect_id": "",
        "card_unique_info_id": "146",
        "character_id": "236",
        "collectable_type": "1",
        "cost": "8",
        "def_init": "911",
        "def_max": "3038",
        "eball_mod_max": "120",
        "eball_mod_max_num": "12",
        "eball_mod_mid": "0",
        "eball_mod_mid_num": "0",
        "eball_mod_min": "40",
        "eball_mod_num100": "5",
        "element": "3",
        "exp_type": "3",
        "face_x": "336",
        "face_y": "769",
        "grow_type": "23",
        "hp_init": "1914",
        "hp_max": "6381",
        "id": "1002030",
        "is_aura_front": "0",
        "is_selling_only": "0",
        "leader_skill_set_id": "100203",
        "link_skill1_id": "42",
        "link_skill2_id": "52",
        "link_skill3_id": "20",
        "link_skill4_id": "65",
        "link_skill5_id": "49",
        "link_skill6_id": "",
        "link_skill7_id": "",
        "lv_max": "60",
        "max_level_reward_id": "1",
        "max_level_reward_type": "1",
        "name": "Uub (Youth)",
        "optimal_awakening_grow_type": "",
        "passive_skill_set_id": "262",
        "potential_board_id": "",
        "price": "3261",
        "rarity": "2",
        "resource_id": "",
        "selling_exchange_point": "100",
        "skill_lv_max": "10",
        "special_motion": "1",
        "training_exp": "2765"
    },
    "card_specials": {
        "572": {
            "bonus_view_id1": "0",
            "bonus_view_id2": "0",
            "card_costume_condition_id": "0",
            "causality_conditions": "",
            "eball_num_start": "12",
            "lv_start": "0",
            "priority": "0",
            "special_asset_id": "",
            "special_bonus_id1": "0",
            "special_bonus_id2": "0",
            "special_bonus_lv1": "0",
            "special_bonus_lv2": "0",
            "special_set_id": "150",
            "style": "Normal",
            "view_id": "572"
        }
    },
    "categories": [
        {
            "id": "3"
        },
        {
            "id": "7"
        },
        {
            "id": "9"
        },
        {
            "id": "33"
        },
        {
            "id": "40"
        },
        {
            "id": "51"
        },
        {
            "id": "89"
        },
        {
            "id": "91"
        }
    ],
    "leader_skill": {
        "description": "ATK + 15% for all Types",
        "id": "100203",
        "name": "Infinite Potential",
        "skills": [
            {
                "calc_option": "2",
                "causality_conditions": "",
                "efficacy_type": "1",
                "efficacy_values": "[15, 0, 0]",
                "exec_timing_type": "1",
                "sub_target_type_set_id": "0",
                "target_type": "2"
            },
            {
                "calc_option": "0",
                "causality_conditions": "",
                "efficacy_type": "0",
                "efficacy_values": "[0, 0, 0]",
                "exec_timing_type": "1",
                "sub_target_type_set_id": "0",
                "target_type": "2"
            },
            {
                "calc_option": "0",
                "causality_conditions": "",
                "efficacy_type": "0",
                "efficacy_values": "[0, 0, 0]",
                "exec_timing_type": "1",
                "sub_target_type_set_id": "0",
                "target_type": "2"
            },
            {
                "calc_option": "0",
                "causality_conditions": "",
                "efficacy_type": "0",
                "efficacy_values": "[0, 0, 0]",
                "exec_timing_type": "1",
                "sub_target_type_set_id": "0",
                "target_type": "2"
            },
            {
                "calc_option": "0",
                "causality_conditions": "",
                "efficacy_type": "0",
                "efficacy_values": "[0, 0, 0]",
                "exec_timing_type": "1",
                "sub_target_type_set_id": "0",
                "target_type": "2"
            }
        ]
    },
    "passive_skill": {
        "id": "262",
        "itemized_description": "*When HP is 80% or less*\n- ATK & DEF 25%{passiveImg:up_g}",
        "name": "Transmigration",
        "skills": [
            {
                "calc_option": "2",
                "causality_conditions": "{\"source\": \"42\", \"compiled\": 42}",
                "eff_value1": "25",
                "eff_value2": "25",
                "eff_value3": "0",
                "efficacy_type": "3",
                "efficacy_values": "{}",
                "exec_timing_type": "1",
                "is_once": "0",
                "passive_skill_effect_id": "",
                "probability": "100",
                "sub_target_type_set_id": "0",
                "target_type": "1",
                "turn": "1"
            }
        ]
    },
    "special_sets": {
        "150": [
            {
                "aim_target": "0",
                "causality_description": "",
                "description": "Causes damage and may stun the enemy",
                "increase_rate": "50",
                "is_inactive": "0",
                "lv_bonus": "10",
                "name": "Ki Blast Cannon"
            }
        ]
    },
    "specials": {
        "150": [
            {
                "calc_option": "0",
                "causality_conditions": "",
                "eff_value1": "0",
                "eff_value2": "0",
                "eff_value3": "0",
                "efficacy_type": "9",
                "prob": "20",
                "target_type": "3",
                "turn": "2",
                "type": "Special::ExtraEfficacySpecial"
            }
        ]
    }
}
