{
    "card": {
        "atk_init": "5883",
        "atk_max": "6971",
        "aura_id": "",
        "aura_offset_x": "",
        "aura_offset_y": "",
        "aura_scale": "",
        "awakening_element_type": "1",
        "awakening_number": "",
        "bg_effect_id": "",
        "card_unique_info_id": "84",
        "character_id": "261",
        "collectable_type": "1",
        "cost": "23",
        "def_init": "3574",
        "def_max": "4174",
        "eball_mod_max": "132",
        "eball_mod_max_num": "12",
        "eball_mod_mid": "0",
        "eball_mod_mid_num": "0",
        "eball_mod_min": "50",
        "eball_mod_num100": "4",
        "element": "13",
        "exp_type": "5",
        "face_x": "336",
        "face_y": "769",
        "grow_type": "40",
        "hp_init": "7303",
        "hp_max": "8638",
        "id": "1002251",
        "is_aura_front": "0",
        "is_selling_only": "0",
        "leader_skill_set_id": "100225",
        "link_skill1_id": "23",
        "link_skill2_id": "36",
        "link_skill3_id": "47",
        "link_skill4_id": "90",
        "link_skill5_id": "102",
        "link_skill6_id": "",
        "link_skill7_id": "",
        "lv_max": "100",
        "max_level_reward_id": "1",
        "max_level_reward_type": "1",
        "name": "Goku (Youth)",
        "optimal_awakening_grow_type": "",
        "passive_skill_set_id": "324",
        "potential_board_id": "13",
        "price": "29466",
        "rarity": "4",
        "resource_id": "",
        "selling_exchange_point": "1500",
        "skill_lv_max": "10",
        "special_motion": "1",
        "training_exp": "6045"
    },
    "card_specials": {
        "690": {
            "bonus_view_id1": "0",
            "bonus_view_id2": "0",
            "card_costume_condition_id": "0",
            "causality_conditions": "",
            "eball_num_start": "12",
            "lv_start": "0",
            "priority": "0",
            "special_asset_id": "",
            "special_bonus_id1": "0",
            "special_bonus_id2": "0",
            "special_bonus_lv1": "0",
            "special_bonus_lv2": "0",
            "special_set_id": "1",
            "style": "Normal",
            "view_id": "690"
        }
    },
    "categories": [
        {
            "id": "3"
        },
        {
            "id": "11"
        },
        {
            "id": "17"
        },
        {
            "id": "25"
        },
        {
            "id": "30"
        },
        {
            "id": "33"
        },
        {
            "id": "34"
        },
        {
            "id": "39"
        },
        {
            "id": "40"
        },
        {
            "id": "65"
        },
        {
            "id": "79"
        },
        {
            "id": "87"
        },
        {
            "id": "89"
        },
        {
            "id": "91"
        }
    ],
    "leader_skill": {
        "description": "ATK + 25% for all Types",
        "id": "100225",
        "name": "An Exciting Adventure",
        "skills": [
            {
                "calc_option": "2",
                "causality_conditions": "",
                "efficacy_type": "1",
                "efficacy_values": "[25, 0, 0]",
                "exec_timing_type": "1",
                "sub_target_type_set_id": "0",
                "target_type": "2"
            },
            {
                "calc_option": "0",
                "causality_conditions": "",
                "efficacy_type": "0",
                "efficacy_values": "[0, 0, 0]",
                "exec_timing_type": "1",
                "sub_target_type_set_id": "0",
                "target_type": "2"
            },
            {
                "calc_option": "0",
                "causality_conditions": "",
                "efficacy_type": "0",
                "efficacy_values": "[0, 0, 0]",
                "exec_timing_type": "1",
                "sub_target_type_set_id": "0",
                "target_type": "2"
            },
            {
                "calc_option": "0",
                "causality_conditions": "",
                "efficacy_type": "0",
                "efficacy_values": "[0, 0, 0]",
                "exec_timing_type": "1",
                "sub_target_type_set_id": "0",
                "target_type": "2"
            },
            {
                "calc_option": "0",
                "causality_conditions": "",
                "efficacy_type": "0",
                "efficacy_values": "[0, 0, 0]",
                "exec_timing_type": "1",
                "sub_target_type_set_id": "0",
                "target_type": "2"
            }
        ]
    },
    "passive_skill": {
        "id": "324",
        "itemized_description": "*When facing 3 or more enemies*\n- ATK 70%{passiveImg:up_g}",
        "name": "A Good Run",
        "skills": [
            {
                "calc_option": "2",
                "causality_conditions": "{\"source\": \"18\", \"compiled\": 18}",
                "eff_value1": "70",
                "eff_value2": "0",
                "eff_value3": "0",
                "efficacy_type": "1",
                "efficacy_values": "{}",
                "exec_timing_type": "1",
                "is_once": "0",
                "passive_skill_effect_id": "",
                "probability": "100",
                "sub_target_type_set_id": "0",
                "target_type": "1",
                "turn": "1"
            }
        ]
    },
    "special_sets": {
        "1": [
            {
                "aim_target": "0",
                "causality_description": "",
                "description": "Causes extreme damage to enemy",
                "increase_rate": "120",
                "is_inactive": "0",
                "lv_bonus": "15",
                "name": "Kamehameha"
            }
        ]
    },
    "specials": {
        "1": [
        ]
    }
}
