{
    "card": {
        "atk_init": "812",
        "atk_max": "2705",
        "aura_id": "",
        "aura_offset_x": "",
        "aura_offset_y": "",
        "aura_scale": "",
        "awakening_element_type": "2",
        "awakening_number": "",
        "bg_effect_id": "",
        "card_unique_info_id": "173",
        "character_id": "274",
        "collectable_type": "1",
        "cost": "6",
        "def_init": "551",
        "def_max": "1836",
        "eball_mod_max": "120",
        "eball_mod_max_num": "12",
        "eball_mod_mid": "0",
        "eball_mod_mid_num": "0",
        "eball_mod_min": "50",
        "eball_mod_num100": "5",
        "element": "3",
        "exp_type": "2",
        "face_x": "336",
        "face_y": "769",
        "grow_type": "13",
        "hp_init": "1016",
        "hp_max": "3386",
        "id": "1002380",
        "is_aura_front": "0",
        "is_selling_only": "0",
        "leader_skill_set_id": "100238",
        "link_skill1_id": "28",
        "link_skill2_id": "12",
        "link_skill3_id": "101",
        "link_skill4_id": "90",
        "link_skill5_id": "102",
        "link_skill6_id": "",
        "link_skill7_id": "",
        "lv_max": "40",
        "max_level_reward_id": "1",
        "max_level_reward_type": "1",
        "name": "Dracula Man",
        "optimal_awakening_grow_type": "",
        "passive_skill_set_id": "333",
        "potential_board_id": "",
        "price": "1376",
        "rarity": "1",
        "resource_id": "",
        "selling_exchange_point": "10",
        "skill_lv_max": "10",
        "special_motion": "1",
        "training_exp": "1526"
    },
    "card_specials": {
        "707": {
            "bonus_view_id1": "0",
            "bonus_view_id2": "0",
            "card_costume_condition_id": "0",
            "causality_conditions": "",
            "eball_num_start": "12",
            "lv_start": "0",
            "priority": "0",
            "special_asset_id": "",
            "special_bonus_id1": "0",
            "special_bonus_id2": "0",
            "special_bonus_lv1": "0",
            "special_bonus_lv2": "0",
            "special_set_id": "189",
            "style": "Normal",
            "view_id": "707"
        }
    },
    "categories": [
        {
            "id": "34"
        },
        {
            "id": "51"
        },
        {
            "id": "97"
        }
    ],
    "leader_skill": {
        "description": "Immune to negative effects",
        "id": "100238",
        "name": "Unusual Battle Skills",
        "skills": [
            {
                "calc_option": "0",
                "causality_conditions": "",
                "efficacy_type": "50",
                "efficacy_values": "[0, 0, 0]",
                "exec_timing_type": "1",
                "sub_target_type_set_id": "0",
                "target_type": "2"
            },
            {
                "calc_option": "0",
                "causality_conditions": "",
                "efficacy_type": "0",
                "efficacy_values": "[0, 0, 0]",
                "exec_timing_type": "1",
                "sub_target_type_set_id": "0",
                "target_type": "2"
            },
            {
                "calc_option": "0",
                "causality_conditions": "",
                "efficacy_type": "0",
                "efficacy_values": "[0, 0, 0]",
                "exec_timing_type": "1",
                "sub_target_type_set_id": "0",
                "target_type": "2"
            },
            {
                "calc_option": "0",
                "causality_conditions": "",
                "efficacy_type": "0",
                "efficacy_values": "[0, 0, 0]",
                "exec_timing_type": "1",
                "sub_target_type_set_id": "0",
                "target_type": "2"
            },
            {
                "calc_option": "0",
                "causality_conditions": "",
                "efficacy_type": "0",
                "efficacy_values": "[0, 0, 0]",
                "exec_timing_type": "1",
                "sub_target_type_set_id": "0",
                "target_type": "2"
            }
        ]
    },
    "passive_skill": {
        "id": "333",
        "itemized_description": "*Basic effect(s)*\r\n- Recovers 7% of damage dealt as HP",
        "name": "Life Stealing",
        "skills": [
            {
                "calc_option": "2",
                "causality_conditions": "",
                "eff_value1": "7",
                "eff_value2": "0",
                "eff_value3": "0",
                "efficacy_type": "28",
                "efficacy_values": "{}",
                "exec_timing_type": "5",
                "is_once": "0",
                "passive_skill_effect_id": "",
                "probability": "100",
                "sub_target_type_set_id": "0",
                "target_type": "1",
                "turn": "1"
            }
        ]
    },
    "special_sets": {
        "189": [
            {
                "aim_target": "0",
                "causality_description": "",
                "description": "Causes damage and seals Super Attack",
                "increase_rate": "70",
                "is_inactive": "0",
                "lv_bonus": "10",
                "name": "Blood-Sucking"
            }
        ]
    },
    "specials": {
        "189": [
            {
                "calc_option": "0",
                "causality_conditions": "",
                "eff_value1": "0",
                "eff_value2": "0",
                "eff_value3": "0",
                "efficacy_type": "48",
                "prob": "100",
                "target_type": "3",
                "turn": "2",
                "type": "Special::ExtraEfficacySpecial"
            }
        ]
    }
}
