{
    "card": {
        "atk_init": "1005",
        "atk_max": "3351",
        "aura_id": "",
        "aura_offset_x": "",
        "aura_offset_y": "",
        "aura_scale": "",
        "awakening_element_type": "2",
        "awakening_number": "",
        "bg_effect_id": "",
        "card_unique_info_id": "143",
        "character_id": "285",
        "collectable_type": "1",
        "cost": "8",
        "def_init": "1002",
        "def_max": "3341",
        "eball_mod_max": "120",
        "eball_mod_max_num": "12",
        "eball_mod_mid": "0",
        "eball_mod_mid_num": "0",
        "eball_mod_min": "50",
        "eball_mod_num100": "4",
        "element": "0",
        "exp_type": "4",
        "face_x": "336",
        "face_y": "769",
        "grow_type": "23",
        "hp_init": "1734",
        "hp_max": "5780",
        "id": "1002490",
        "is_aura_front": "0",
        "is_selling_only": "0",
        "leader_skill_set_id": "100249",
        "link_skill1_id": "92",
        "link_skill2_id": "91",
        "link_skill3_id": "73",
        "link_skill4_id": "39",
        "link_skill5_id": "",
        "link_skill6_id": "",
        "link_skill7_id": "",
        "lv_max": "60",
        "max_level_reward_id": "1",
        "max_level_reward_type": "1",
        "name": "Thouser",
        "optimal_awakening_grow_type": "",
        "passive_skill_set_id": "271",
        "potential_board_id": "",
        "price": "3261",
        "rarity": "2",
        "resource_id": "",
        "selling_exchange_point": "500",
        "skill_lv_max": "10",
        "special_motion": "1",
        "training_exp": "2765"
    },
    "card_specials": {
        "588": {
            "bonus_view_id1": "0",
            "bonus_view_id2": "0",
            "card_costume_condition_id": "0",
            "causality_conditions": "",
            "eball_num_start": "12",
            "lv_start": "0",
            "priority": "0",
            "special_asset_id": "",
            "special_bonus_id1": "0",
            "special_bonus_id2": "0",
            "special_bonus_lv1": "0",
            "special_bonus_lv2": "0",
            "special_set_id": "158",
            "style": "Normal",
            "view_id": "588"
        }
    },
    "categories": [
        {
            "id": "41"
        },
        {
            "id": "43"
        },
        {
            "id": "52"
        },
        {
            "id": "62"
        },
        {
            "id": "97"
        }
    ],
    "leader_skill": {
        "description": "All Types Ki +1",
        "id": "100249",
        "name": "Ruthless Intellect",
        "skills": [
            {
                "calc_option": "0",
                "causality_conditions": "",
                "efficacy_type": "5",
                "efficacy_values": "[1, 0, 0]",
                "exec_timing_type": "1",
                "sub_target_type_set_id": "0",
                "target_type": "2"
            },
            {
                "calc_option": "0",
                "causality_conditions": "",
                "efficacy_type": "0",
                "efficacy_values": "[0, 0, 0]",
                "exec_timing_type": "1",
                "sub_target_type_set_id": "0",
                "target_type": "2"
            },
            {
                "calc_option": "0",
                "causality_conditions": "",
                "efficacy_type": "0",
                "efficacy_values": "[0, 0, 0]",
                "exec_timing_type": "1",
                "sub_target_type_set_id": "0",
                "target_type": "2"
            },
            {
                "calc_option": "0",
                "causality_conditions": "",
                "efficacy_type": "0",
                "efficacy_values": "[0, 0, 0]",
                "exec_timing_type": "1",
                "sub_target_type_set_id": "0",
                "target_type": "2"
            },
            {
                "calc_option": "0",
                "causality_conditions": "",
                "efficacy_type": "0",
                "efficacy_values": "[0, 0, 0]",
                "exec_timing_type": "1",
                "sub_target_type_set_id": "0",
                "target_type": "2"
            }
        ]
    },
    "passive_skill": {
        "id": "271",
        "itemized_description": "*Basic effect(s)*\n- AGL & TEQ Type allies' Ki +1",
        "name": "Loyal to Cooler",
        "skills": [
            {
                "calc_option": "0",
                "causality_conditions": "",
                "eff_value1": "0",
                "eff_value2": "1",
                "eff_value3": "0",
                "efficacy_type": "20",
                "efficacy_values": "{}",
                "exec_timing_type": "1",
                "is_once": "0",
                "passive_skill_effect_id": "",
                "probability": "100",
                "sub_target_type_set_id": "0",
                "target_type": "2",
                "turn": "1"
            },
            {
                "calc_option": "0",
                "causality_conditions": "",
                "eff_value1": "1",
                "eff_value2": "1",
                "eff_value3": "0",
                "efficacy_type": "20",
                "efficacy_values": "{}",
                "exec_timing_type": "1",
                "is_once": "0",
                "passive_skill_effect_id": "",
                "probability": "100",
                "sub_target_type_set_id": "0",
                "target_type": "2",
                "turn": "1"
            }
        ]
    },
    "special_sets": {
        "158": [
            {
                "aim_target": "0",
                "causality_description": "",
                "description": "Causes huge damage to enemy",
                "increase_rate": "100",
                "is_inactive": "0",
                "lv_bonus": "10",
                "name": "Thouser Blade"
            }
        ]
    },
    "specials": {
        "158": [
        ]
    }
}
