{
    "card": {
        "atk_init": "6628",
        "atk_max": "7925",
        "aura_id": "4",
        "aura_offset_x": "",
        "aura_offset_y": "45",
        "aura_scale": "2",
        "awakening_element_type": "1",
        "awakening_number": "",
        "bg_effect_id": "",
        "card_unique_info_id": "87",
        "character_id": "240",
        "collectable_type": "1",
        "cost": "25",
        "def_init": "4074",
        "def_max": "4498",
        "eball_mod_max": "130",
        "eball_mod_max_num": "12",
        "eball_mod_mid": "0",
        "eball_mod_mid_num": "0",
        "eball_mod_min": "40",
        "eball_mod_num100": "4",
        "element": "13",
        "exp_type": "5",
        "face_x": "336",
        "face_y": "769",
        "grow_type": "40",
        "hp_init": "7356",
        "hp_max": "8256",
        "id": "1002091",
        "is_aura_front": "0",
        "is_selling_only": "0",
        "leader_skill_set_id": "100209",
        "link_skill1_id": "29",
        "link_skill2_id": "70",
        "link_skill3_id": "26",
        "link_skill4_id": "71",
        "link_skill5_id": "68",
        "link_skill6_id": "",
        "link_skill7_id": "",
        "lv_max": "100",
        "max_level_reward_id": "1",
        "max_level_reward_type": "1",
        "name": "Super Saiyan God SS Vegeta",
        "optimal_awakening_grow_type": "",
        "passive_skill_set_id": "184",
        "potential_board_id": "23",
        "price": "29215",
        "rarity": "4",
        "resource_id": "",
        "selling_exchange_point": "15000",
        "skill_lv_max": "10",
        "special_motion": "1",
        "training_exp": "5996"
    },
    "card_specials": {
        "405": {
            "bonus_view_id1": "0",
            "bonus_view_id2": "0",
            "card_costume_condition_id": "0",
            "causality_conditions": "",
            "eball_num_start": "12",
            "lv_start": "0",
            "priority": "0",
            "special_asset_id": "",
            "special_bonus_id1": "0",
            "special_bonus_id2": "0",
            "special_bonus_lv1": "0",
            "special_bonus_lv2": "0",
            "special_set_id": "98",
            "style": "Normal",
            "view_id": "405"
        }
    },
    "categories": [
        {
            "id": "8"
        },
        {
            "id": "17"
        },
        {
            "id": "29"
        },
        {
            "id": "31"
        },
        {
            "id": "35"
        },
        {
            "id": "37"
        },
        {
            "id": "40"
        },
        {
            "id": "68"
        },
        {
            "id": "76"
        },
        {
            "id": "83"
        },
        {
            "id": "84"
        },
        {
            "id": "87"
        },
        {
            "id": "96"
        }
    ],
    "leader_skill": {
        "description": "AGL, STR, PHY Type ATK & DEF + 25%",
        "id": "100209",
        "name": "To Greater Heights",
        "skills": [
            {
                "calc_option": "2",
                "causality_conditions": "",
                "efficacy_type": "18",
                "efficacy_values": "[0, 25, 25]",
                "exec_timing_type": "1",
                "sub_target_type_set_id": "0",
                "target_type": "2"
            },
            {
                "calc_option": "2",
                "causality_conditions": "",
                "efficacy_type": "18",
                "efficacy_values": "[3, 25, 25]",
                "exec_timing_type": "1",
                "sub_target_type_set_id": "0",
                "target_type": "2"
            },
            {
                "calc_option": "2",
                "causality_conditions": "",
                "efficacy_type": "18",
                "efficacy_values": "[4, 25, 25]",
                "exec_timing_type": "1",
                "sub_target_type_set_id": "0",
                "target_type": "2"
            },
            {
                "calc_option": "0",
                "causality_conditions": "",
                "efficacy_type": "0",
                "efficacy_values": "[0, 0, 0]",
                "exec_timing_type": "1",
                "sub_target_type_set_id": "0",
                "target_type": "2"
            },
            {
                "calc_option": "0",
                "causality_conditions": "",
                "efficacy_type": "0",
                "efficacy_values": "[0, 0, 0]",
                "exec_timing_type": "1",
                "sub_target_type_set_id": "0",
                "target_type": "2"
            }
        ]
    },
    "passive_skill": {
        "id": "184",
        "itemized_description": "*When attacking with 12 or more Ki*\n- ATK 80%{passiveImg:up_g}",
        "name": "Ultimate Power",
        "skills": [
            {
                "calc_option": "2",
                "causality_conditions": "{\"source\": \"47\", \"compiled\": 47}",
                "eff_value1": "80",
                "eff_value2": "0",
                "eff_value3": "0",
                "efficacy_type": "1",
                "efficacy_values": "{}",
                "exec_timing_type": "4",
                "is_once": "0",
                "passive_skill_effect_id": "",
                "probability": "100",
                "sub_target_type_set_id": "0",
                "target_type": "1",
                "turn": "1"
            }
        ]
    },
    "special_sets": {
        "98": [
            {
                "aim_target": "0",
                "causality_description": "",
                "description": "Causes extreme damage to enemy",
                "increase_rate": "120",
                "is_inactive": "0",
                "lv_bonus": "15",
                "name": "Big Bang Attack"
            }
        ]
    },
    "specials": {
        "98": [
        ]
    }
}
