{
    "card": {
        "atk_init": "1587",
        "atk_max": "3899",
        "aura_id": "4",
        "aura_offset_x": "",
        "aura_offset_y": "45",
        "aura_scale": "2",
        "awakening_element_type": "1",
        "awakening_number": "",
        "bg_effect_id": "",
        "card_unique_info_id": "86",
        "character_id": "239",
        "collectable_type": "1",
        "cost": "7",
        "def_init": "772",
        "def_max": "2572",
        "eball_mod_max": "123",
        "eball_mod_max_num": "12",
        "eball_mod_mid": "0",
        "eball_mod_mid_num": "0",
        "eball_mod_min": "50",
        "eball_mod_num100": "5",
        "element": "2",
        "exp_type": "1",
        "face_x": "336",
        "face_y": "769",
        "grow_type": "23",
        "hp_init": "1286",
        "hp_max": "4285",
        "id": "1002420",
        "is_aura_front": "0",
        "is_selling_only": "0",
        "leader_skill_set_id": "100242",
        "link_skill1_id": "29",
        "link_skill2_id": "70",
        "link_skill3_id": "47",
        "link_skill4_id": "71",
        "link_skill5_id": "68",
        "link_skill6_id": "",
        "link_skill7_id": "",
        "lv_max": "60",
        "max_level_reward_id": "1",
        "max_level_reward_type": "1",
        "name": "Super Saiyan God SS Goku",
        "optimal_awakening_grow_type": "",
        "passive_skill_set_id": "200",
        "potential_board_id": "",
        "price": "3335",
        "rarity": "2",
        "resource_id": "",
        "selling_exchange_point": "100",
        "skill_lv_max": "10",
        "special_motion": "1",
        "training_exp": "2765"
    },
    "card_specials": {
        "432": {
            "bonus_view_id1": "0",
            "bonus_view_id2": "0",
            "card_costume_condition_id": "0",
            "causality_conditions": "",
            "eball_num_start": "12",
            "lv_start": "0",
            "priority": "0",
            "special_asset_id": "",
            "special_bonus_id1": "0",
            "special_bonus_id2": "0",
            "special_bonus_lv1": "0",
            "special_bonus_lv2": "0",
            "special_set_id": "97",
            "style": "Normal",
            "view_id": "432"
        }
    },
    "categories": [
        {
            "id": "8"
        },
        {
            "id": "17"
        },
        {
            "id": "29"
        },
        {
            "id": "30"
        },
        {
            "id": "39"
        },
        {
            "id": "40"
        },
        {
            "id": "65"
        },
        {
            "id": "76"
        },
        {
            "id": "79"
        },
        {
            "id": "80"
        },
        {
            "id": "83"
        },
        {
            "id": "84"
        },
        {
            "id": "87"
        },
        {
            "id": "89"
        },
        {
            "id": "95"
        },
        {
            "id": "7462"
        },
        {
            "id": "7466"
        },
        {
            "id": "10117000"
        }
    ],
    "leader_skill": {
        "description": "ATK + 15% for all Types",
        "id": "100242",
        "name": "Divine Evolution",
        "skills": [
            {
                "calc_option": "2",
                "causality_conditions": "",
                "efficacy_type": "1",
                "efficacy_values": "[15, 0, 0]",
                "exec_timing_type": "1",
                "sub_target_type_set_id": "0",
                "target_type": "2"
            },
            {
                "calc_option": "0",
                "causality_conditions": "",
                "efficacy_type": "0",
                "efficacy_values": "[0, 0, 0]",
                "exec_timing_type": "1",
                "sub_target_type_set_id": "0",
                "target_type": "2"
            },
            {
                "calc_option": "0",
                "causality_conditions": "",
                "efficacy_type": "0",
                "efficacy_values": "[0, 0, 0]",
                "exec_timing_type": "1",
                "sub_target_type_set_id": "0",
                "target_type": "2"
            },
            {
                "calc_option": "0",
                "causality_conditions": "",
                "efficacy_type": "0",
                "efficacy_values": "[0, 0, 0]",
                "exec_timing_type": "1",
                "sub_target_type_set_id": "0",
                "target_type": "2"
            },
            {
                "calc_option": "0",
                "causality_conditions": "",
                "efficacy_type": "0",
                "efficacy_values": "[0, 0, 0]",
                "exec_timing_type": "1",
                "sub_target_type_set_id": "0",
                "target_type": "2"
            }
        ]
    },
    "passive_skill": {
        "id": "200",
        "itemized_description": "*Basic effect(s)*\r\n- Super-rare chance of Ki +7 and ATK 2500{passiveImg:up_g}",
        "name": "Limit Break",
        "skills": [
            {
                "calc_option": "0",
                "causality_conditions": "",
                "eff_value1": "7",
                "eff_value2": "0",
                "eff_value3": "0",
                "efficacy_type": "5",
                "efficacy_values": "{}",
                "exec_timing_type": "1",
                "is_once": "0",
                "passive_skill_effect_id": "",
                "probability": "2",
                "sub_target_type_set_id": "0",
                "target_type": "1",
                "turn": "1"
            },
            {
                "calc_option": "0",
                "causality_conditions": "",
                "eff_value1": "2500",
                "eff_value2": "0",
                "eff_value3": "0",
                "efficacy_type": "1",
                "efficacy_values": "{}",
                "exec_timing_type": "1",
                "is_once": "0",
                "passive_skill_effect_id": "",
                "probability": "2",
                "sub_target_type_set_id": "0",
                "target_type": "1",
                "turn": "1"
            }
        ]
    },
    "special_sets": {
        "97": [
            {
                "aim_target": "0",
                "causality_description": "",
                "description": "Causes extreme damage to enemy",
                "increase_rate": "120",
                "is_inactive": "0",
                "lv_bonus": "15",
                "name": "Kamehameha"
            }
        ]
    },
    "specials": {
        "97": [
        ]
    }
}
