{
    "card": {
        "atk_init": "1936",
        "atk_max": "6452",
        "aura_id": "",
        "aura_offset_x": "",
        "aura_offset_y": "",
        "aura_scale": "",
        "awakening_element_type": "1",
        "awakening_number": "",
        "bg_effect_id": "",
        "card_unique_info_id": "182",
        "character_id": "275",
        "collectable_type": "1",
        "cost": "18",
        "def_init": "1159",
        "def_max": "3862",
        "eball_mod_max": "145",
        "eball_mod_max_num": "12",
        "eball_mod_mid": "0",
        "eball_mod_mid_num": "0",
        "eball_mod_min": "40",
        "eball_mod_num100": "3",
        "element": "1",
        "exp_type": "5",
        "face_x": "336",
        "face_y": "769",
        "grow_type": "33",
        "hp_init": "2167",
        "hp_max": "7223",
        "id": "1002390",
        "is_aura_front": "0",
        "is_selling_only": "0",
        "leader_skill_set_id": "100239",
        "link_skill1_id": "22",
        "link_skill2_id": "34",
        "link_skill3_id": "97",
        "link_skill4_id": "103",
        "link_skill5_id": "112",
        "link_skill6_id": "1003",
        "link_skill7_id": "",
        "lv_max": "80",
        "max_level_reward_id": "1",
        "max_level_reward_type": "1",
        "name": "Vegito",
        "optimal_awakening_grow_type": "",
        "passive_skill_set_id": "339",
        "potential_board_id": "",
        "price": "13825",
        "rarity": "3",
        "resource_id": "",
        "selling_exchange_point": "10000",
        "skill_lv_max": "10",
        "special_motion": "1",
        "training_exp": "4320"
    },
    "card_specials": {
        "733": {
            "bonus_view_id1": "0",
            "bonus_view_id2": "0",
            "card_costume_condition_id": "0",
            "causality_conditions": "",
            "eball_num_start": "12",
            "lv_start": "0",
            "priority": "0",
            "special_asset_id": "",
            "special_bonus_id1": "0",
            "special_bonus_id2": "0",
            "special_bonus_lv1": "0",
            "special_bonus_lv2": "0",
            "special_set_id": "199",
            "style": "Normal",
            "view_id": "733"
        }
    },
    "categories": [
        {
            "id": "9"
        },
        {
            "id": "10"
        },
        {
            "id": "46"
        },
        {
            "id": "58"
        },
        {
            "id": "85"
        }
    ],
    "leader_skill": {
        "description": "ATK +25% for all Types",
        "id": "100239",
        "name": "The Miracle of Potara",
        "skills": [
            {
                "calc_option": "2",
                "causality_conditions": "",
                "efficacy_type": "1",
                "efficacy_values": "[25, 0, 0]",
                "exec_timing_type": "1",
                "sub_target_type_set_id": "0",
                "target_type": "2"
            },
            {
                "calc_option": "0",
                "causality_conditions": "",
                "efficacy_type": "0",
                "efficacy_values": "[0, 0, 0]",
                "exec_timing_type": "1",
                "sub_target_type_set_id": "0",
                "target_type": "2"
            },
            {
                "calc_option": "0",
                "causality_conditions": "",
                "efficacy_type": "0",
                "efficacy_values": "[0, 0, 0]",
                "exec_timing_type": "1",
                "sub_target_type_set_id": "0",
                "target_type": "2"
            },
            {
                "calc_option": "0",
                "causality_conditions": "",
                "efficacy_type": "0",
                "efficacy_values": "[0, 0, 0]",
                "exec_timing_type": "1",
                "sub_target_type_set_id": "0",
                "target_type": "2"
            },
            {
                "calc_option": "0",
                "causality_conditions": "",
                "efficacy_type": "0",
                "efficacy_values": "[0, 0, 0]",
                "exec_timing_type": "1",
                "sub_target_type_set_id": "0",
                "target_type": "2"
            }
        ]
    },
    "passive_skill": {
        "id": "339",
        "itemized_description": "*Basic effect(s)*\n- All allies' ATK 25%{passiveImg:up_g}",
        "name": "The Ultimate Fusion",
        "skills": [
            {
                "calc_option": "2",
                "causality_conditions": "",
                "eff_value1": "25",
                "eff_value2": "0",
                "eff_value3": "0",
                "efficacy_type": "1",
                "efficacy_values": "{}",
                "exec_timing_type": "1",
                "is_once": "0",
                "passive_skill_effect_id": "",
                "probability": "100",
                "sub_target_type_set_id": "0",
                "target_type": "2",
                "turn": "1"
            }
        ]
    },
    "special_sets": {
        "199": [
            {
                "aim_target": "0",
                "causality_description": "",
                "description": "Supreme damage \nand allies' ATK +20% for 1 turn",
                "increase_rate": "130",
                "is_inactive": "0",
                "lv_bonus": "20",
                "name": "Big Bang Attack"
            }
        ]
    },
    "specials": {
        "199": [
            {
                "calc_option": "2",
                "causality_conditions": "",
                "eff_value1": "20",
                "eff_value2": "0",
                "eff_value3": "0",
                "efficacy_type": "1",
                "prob": "100",
                "target_type": "2",
                "turn": "1",
                "type": "Special::NormalEfficacySpecial"
            }
        ]
    }
}
