{
    "card": {
        "atk_init": "1005",
        "atk_max": "3349",
        "aura_id": "",
        "aura_offset_x": "",
        "aura_offset_y": "",
        "aura_scale": "",
        "awakening_element_type": "2",
        "awakening_number": "",
        "bg_effect_id": "",
        "card_unique_info_id": "111",
        "character_id": "267",
        "collectable_type": "1",
        "cost": "8",
        "def_init": "957",
        "def_max": "3190",
        "eball_mod_max": "130",
        "eball_mod_max_num": "12",
        "eball_mod_mid": "0",
        "eball_mod_mid_num": "0",
        "eball_mod_min": "50",
        "eball_mod_num100": "5",
        "element": "2",
        "exp_type": "3",
        "face_x": "336",
        "face_y": "769",
        "grow_type": "23",
        "hp_init": "1459",
        "hp_max": "4864",
        "id": "1002310",
        "is_aura_front": "0",
        "is_selling_only": "0",
        "leader_skill_set_id": "100231",
        "link_skill1_id": "55",
        "link_skill2_id": "13",
        "link_skill3_id": "18",
        "link_skill4_id": "90",
        "link_skill5_id": "102",
        "link_skill6_id": "",
        "link_skill7_id": "",
        "lv_max": "60",
        "max_level_reward_id": "1",
        "max_level_reward_type": "1",
        "name": "General Blue",
        "optimal_awakening_grow_type": "",
        "passive_skill_set_id": "336",
        "potential_board_id": "",
        "price": "3176",
        "rarity": "2",
        "resource_id": "",
        "selling_exchange_point": "100",
        "skill_lv_max": "10",
        "special_motion": "1",
        "training_exp": "2487"
    },
    "card_specials": {
        "480": {
            "bonus_view_id1": "0",
            "bonus_view_id2": "0",
            "card_costume_condition_id": "0",
            "causality_conditions": "",
            "eball_num_start": "12",
            "lv_start": "0",
            "priority": "0",
            "special_asset_id": "",
            "special_bonus_id1": "0",
            "special_bonus_id2": "0",
            "special_bonus_lv1": "0",
            "special_bonus_lv2": "0",
            "special_set_id": "119",
            "style": "Normal",
            "view_id": "480"
        }
    },
    "categories": [
        {
            "id": "25"
        },
        {
            "id": "34"
        },
        {
            "id": "41"
        },
        {
            "id": "51"
        },
        {
            "id": "50"
        },
        {
            "id": "89"
        },
        {
            "id": "97"
        }
    ],
    "leader_skill": {
        "description": "AGL and INT Type ATK + 20%",
        "id": "100231",
        "name": "Deep Blue Gaze",
        "skills": [
            {
                "calc_option": "2",
                "causality_conditions": "",
                "efficacy_type": "16",
                "efficacy_values": "[0, 20, 0]",
                "exec_timing_type": "1",
                "sub_target_type_set_id": "0",
                "target_type": "2"
            },
            {
                "calc_option": "2",
                "causality_conditions": "",
                "efficacy_type": "16",
                "efficacy_values": "[2, 20, 0]",
                "exec_timing_type": "1",
                "sub_target_type_set_id": "0",
                "target_type": "2"
            },
            {
                "calc_option": "0",
                "causality_conditions": "",
                "efficacy_type": "0",
                "efficacy_values": "[0, 0, 0]",
                "exec_timing_type": "1",
                "sub_target_type_set_id": "0",
                "target_type": "2"
            },
            {
                "calc_option": "0",
                "causality_conditions": "",
                "efficacy_type": "0",
                "efficacy_values": "[0, 0, 0]",
                "exec_timing_type": "1",
                "sub_target_type_set_id": "0",
                "target_type": "2"
            },
            {
                "calc_option": "0",
                "causality_conditions": "",
                "efficacy_type": "0",
                "efficacy_values": "[0, 0, 0]",
                "exec_timing_type": "1",
                "sub_target_type_set_id": "0",
                "target_type": "2"
            }
        ]
    },
    "passive_skill": {
        "id": "336",
        "itemized_description": "*Basic effect(s)*\r\n- Chance of stunning all enemies",
        "name": "Evil Beam Eyes",
        "skills": [
            {
                "calc_option": "0",
                "causality_conditions": "",
                "eff_value1": "0",
                "eff_value2": "0",
                "eff_value3": "0",
                "efficacy_type": "9",
                "efficacy_values": "{}",
                "exec_timing_type": "1",
                "is_once": "0",
                "passive_skill_effect_id": "",
                "probability": "10",
                "sub_target_type_set_id": "0",
                "target_type": "4",
                "turn": "1"
            }
        ]
    },
    "special_sets": {
        "119": [
            {
                "aim_target": "0",
                "causality_description": "",
                "description": "Low damage \r\nand great chance to stun the enemy",
                "increase_rate": "30",
                "is_inactive": "0",
                "lv_bonus": "10",
                "name": "Telekinesis"
            }
        ]
    },
    "specials": {
        "119": [
            {
                "calc_option": "0",
                "causality_conditions": "",
                "eff_value1": "0",
                "eff_value2": "0",
                "eff_value3": "0",
                "efficacy_type": "9",
                "prob": "70",
                "target_type": "3",
                "turn": "2",
                "type": "Special::ExtraEfficacySpecial"
            }
        ]
    }
}
