{
    "card": {
        "atk_init": "3839",
        "atk_max": "6092",
        "aura_id": "",
        "aura_offset_x": "",
        "aura_offset_y": "",
        "aura_scale": "",
        "awakening_element_type": "2",
        "awakening_number": "",
        "bg_effect_id": "",
        "card_unique_info_id": "119",
        "character_id": "264",
        "collectable_type": "1",
        "cost": "14",
        "def_init": "3152",
        "def_max": "3966",
        "eball_mod_max": "130",
        "eball_mod_max_num": "12",
        "eball_mod_mid": "0",
        "eball_mod_mid_num": "0",
        "eball_mod_min": "35",
        "eball_mod_num100": "6",
        "element": "24",
        "exp_type": "5",
        "face_x": "336",
        "face_y": "769",
        "grow_type": "30",
        "hp_init": "4714",
        "hp_max": "5990",
        "id": "1002281",
        "is_aura_front": "0",
        "is_selling_only": "0",
        "leader_skill_set_id": "100228",
        "link_skill1_id": "50",
        "link_skill2_id": "57",
        "link_skill3_id": "52",
        "link_skill4_id": "6",
        "link_skill5_id": "84",
        "link_skill6_id": "",
        "link_skill7_id": "",
        "lv_max": "80",
        "max_level_reward_id": "1",
        "max_level_reward_type": "1",
        "name": "Piccolo Jr.",
        "optimal_awakening_grow_type": "",
        "passive_skill_set_id": "228",
        "potential_board_id": "",
        "price": "13472",
        "rarity": "3",
        "resource_id": "",
        "selling_exchange_point": "120",
        "skill_lv_max": "10",
        "special_motion": "1",
        "training_exp": "4340"
    },
    "card_specials": {
        "501": {
            "bonus_view_id1": "0",
            "bonus_view_id2": "0",
            "card_costume_condition_id": "0",
            "causality_conditions": "",
            "eball_num_start": "12",
            "lv_start": "0",
            "priority": "0",
            "special_asset_id": "",
            "special_bonus_id1": "0",
            "special_bonus_id2": "0",
            "special_bonus_lv1": "0",
            "special_bonus_lv2": "0",
            "special_set_id": "127",
            "style": "Normal",
            "view_id": "501"
        }
    },
    "categories": [
        {
            "id": "3"
        },
        {
            "id": "18"
        },
        {
            "id": "41"
        },
        {
            "id": "43"
        },
        {
            "id": "48"
        },
        {
            "id": "68"
        },
        {
            "id": "81"
        },
        {
            "id": "82"
        },
        {
            "id": "83"
        },
        {
            "id": "89"
        },
        {
            "id": "91"
        },
        {
            "id": "93"
        },
        {
            "id": "96"
        }
    ],
    "leader_skill": {
        "description": "PHY Type Ki +3",
        "id": "100228",
        "name": "Heir to the Evil King",
        "skills": [
            {
                "calc_option": "0",
                "causality_conditions": "",
                "efficacy_type": "20",
                "efficacy_values": "[4, 3, 0]",
                "exec_timing_type": "1",
                "sub_target_type_set_id": "0",
                "target_type": "2"
            },
            {
                "calc_option": "0",
                "causality_conditions": "",
                "efficacy_type": "0",
                "efficacy_values": "[0, 0, 0]",
                "exec_timing_type": "1",
                "sub_target_type_set_id": "0",
                "target_type": "2"
            },
            {
                "calc_option": "0",
                "causality_conditions": "",
                "efficacy_type": "0",
                "efficacy_values": "[0, 0, 0]",
                "exec_timing_type": "1",
                "sub_target_type_set_id": "0",
                "target_type": "2"
            },
            {
                "calc_option": "0",
                "causality_conditions": "",
                "efficacy_type": "0",
                "efficacy_values": "[0, 0, 0]",
                "exec_timing_type": "1",
                "sub_target_type_set_id": "0",
                "target_type": "2"
            },
            {
                "calc_option": "0",
                "causality_conditions": "",
                "efficacy_type": "0",
                "efficacy_values": "[0, 0, 0]",
                "exec_timing_type": "1",
                "sub_target_type_set_id": "0",
                "target_type": "2"
            }
        ]
    },
    "passive_skill": {
        "id": "228",
        "itemized_description": "*Basic effect(s)*\n- Rare chance of stunning all enemies",
        "name": "Demon King's Alter Ego",
        "skills": [
            {
                "calc_option": "0",
                "causality_conditions": "",
                "eff_value1": "0",
                "eff_value2": "0",
                "eff_value3": "0",
                "efficacy_type": "9",
                "efficacy_values": "{}",
                "exec_timing_type": "1",
                "is_once": "0",
                "passive_skill_effect_id": "",
                "probability": "7",
                "sub_target_type_set_id": "0",
                "target_type": "4",
                "turn": "1"
            }
        ]
    },
    "special_sets": {
        "127": [
            {
                "aim_target": "0",
                "causality_description": "",
                "description": "Causes huge damage to enemy",
                "increase_rate": "100",
                "is_inactive": "0",
                "lv_bonus": "10",
                "name": "Super Explosive Wave"
            }
        ]
    },
    "specials": {
        "127": [
        ]
    }
}
