{
    "card": {
        "atk_init": "1083",
        "atk_max": "3611",
        "aura_id": "",
        "aura_offset_x": "",
        "aura_offset_y": "",
        "aura_scale": "",
        "awakening_element_type": "1",
        "awakening_number": "",
        "bg_effect_id": "",
        "card_unique_info_id": "4",
        "character_id": "245",
        "collectable_type": "1",
        "cost": "8",
        "def_init": "986",
        "def_max": "3288",
        "eball_mod_max": "130",
        "eball_mod_max_num": "12",
        "eball_mod_mid": "0",
        "eball_mod_mid_num": "0",
        "eball_mod_min": "40",
        "eball_mod_num100": "4",
        "element": "4",
        "exp_type": "4",
        "face_x": "336",
        "face_y": "769",
        "grow_type": "23",
        "hp_init": "1402",
        "hp_max": "4672",
        "id": "1002140",
        "is_aura_front": "0",
        "is_selling_only": "0",
        "leader_skill_set_id": "100214",
        "link_skill1_id": "22",
        "link_skill2_id": "40",
        "link_skill3_id": "50",
        "link_skill4_id": "26",
        "link_skill5_id": "68",
        "link_skill6_id": "",
        "link_skill7_id": "",
        "lv_max": "60",
        "max_level_reward_id": "1",
        "max_level_reward_type": "1",
        "name": "Vegeta",
        "optimal_awakening_grow_type": "",
        "passive_skill_set_id": "189",
        "potential_board_id": "",
        "price": "3715",
        "rarity": "2",
        "resource_id": "",
        "selling_exchange_point": "500",
        "skill_lv_max": "10",
        "special_motion": "1",
        "training_exp": "2672"
    },
    "card_specials": {
        "414": {
            "bonus_view_id1": "0",
            "bonus_view_id2": "0",
            "card_costume_condition_id": "0",
            "causality_conditions": "",
            "eball_num_start": "12",
            "lv_start": "0",
            "priority": "0",
            "special_asset_id": "",
            "special_bonus_id1": "0",
            "special_bonus_id2": "0",
            "special_bonus_lv1": "0",
            "special_bonus_lv2": "0",
            "special_set_id": "102",
            "style": "Normal",
            "view_id": "414"
        }
    },
    "categories": [
        {
            "id": "17"
        },
        {
            "id": "29"
        },
        {
            "id": "31"
        },
        {
            "id": "35"
        },
        {
            "id": "37"
        },
        {
            "id": "40"
        },
        {
            "id": "68"
        },
        {
            "id": "87"
        },
        {
            "id": "96"
        }
    ],
    "leader_skill": {
        "description": "PHY Type ATK +30%",
        "id": "100214",
        "name": "Tireless Training",
        "skills": [
            {
                "calc_option": "2",
                "causality_conditions": "",
                "efficacy_type": "16",
                "efficacy_values": "[4, 30, 0]",
                "exec_timing_type": "1",
                "sub_target_type_set_id": "0",
                "target_type": "2"
            },
            {
                "calc_option": "0",
                "causality_conditions": "",
                "efficacy_type": "0",
                "efficacy_values": "[0, 0, 0]",
                "exec_timing_type": "1",
                "sub_target_type_set_id": "0",
                "target_type": "2"
            },
            {
                "calc_option": "0",
                "causality_conditions": "",
                "efficacy_type": "0",
                "efficacy_values": "[0, 0, 0]",
                "exec_timing_type": "1",
                "sub_target_type_set_id": "0",
                "target_type": "2"
            },
            {
                "calc_option": "0",
                "causality_conditions": "",
                "efficacy_type": "0",
                "efficacy_values": "[0, 0, 0]",
                "exec_timing_type": "1",
                "sub_target_type_set_id": "0",
                "target_type": "2"
            },
            {
                "calc_option": "0",
                "causality_conditions": "",
                "efficacy_type": "0",
                "efficacy_values": "[0, 0, 0]",
                "exec_timing_type": "1",
                "sub_target_type_set_id": "0",
                "target_type": "2"
            }
        ]
    },
    "passive_skill": {
        "id": "189",
        "itemized_description": "*When attacking with 8 or more Ki*\n- ATK & DEF 30%{passiveImg:up_g}",
        "name": "Proof of Genius",
        "skills": [
            {
                "calc_option": "2",
                "causality_conditions": "{\"source\": \"31\", \"compiled\": 31}",
                "eff_value1": "30",
                "eff_value2": "30",
                "eff_value3": "0",
                "efficacy_type": "3",
                "efficacy_values": "{}",
                "exec_timing_type": "4",
                "is_once": "0",
                "passive_skill_effect_id": "",
                "probability": "100",
                "sub_target_type_set_id": "0",
                "target_type": "1",
                "turn": "1"
            }
        ]
    },
    "special_sets": {
        "102": [
            {
                "aim_target": "0",
                "causality_description": "",
                "description": "Causes huge damage to enemy",
                "increase_rate": "100",
                "is_inactive": "0",
                "lv_bonus": "10",
                "name": "Big Bang Attack"
            }
        ]
    },
    "specials": {
        "102": [
        ]
    }
}
