{
    "card": {
        "atk_init": "869",
        "atk_max": "2896",
        "aura_id": "",
        "aura_offset_x": "",
        "aura_offset_y": "",
        "aura_scale": "",
        "awakening_element_type": "1",
        "awakening_number": "",
        "bg_effect_id": "",
        "card_unique_info_id": "109",
        "character_id": "225",
        "collectable_type": "1",
        "cost": "6",
        "def_init": "592",
        "def_max": "1974",
        "eball_mod_max": "115",
        "eball_mod_max_num": "12",
        "eball_mod_mid": "0",
        "eball_mod_mid_num": "0",
        "eball_mod_min": "40",
        "eball_mod_num100": "3",
        "element": "0",
        "exp_type": "0",
        "face_x": "336",
        "face_y": "769",
        "grow_type": "13",
        "hp_init": "1008",
        "hp_max": "3360",
        "id": "1002000",
        "is_aura_front": "0",
        "is_selling_only": "0",
        "leader_skill_set_id": "100200",
        "link_skill1_id": "4",
        "link_skill2_id": "23",
        "link_skill3_id": "47",
        "link_skill4_id": "1003",
        "link_skill5_id": "",
        "link_skill6_id": "",
        "link_skill7_id": "",
        "lv_max": "40",
        "max_level_reward_id": "1",
        "max_level_reward_type": "1",
        "name": "Goten (Kid)",
        "optimal_awakening_grow_type": "",
        "passive_skill_set_id": "221",
        "potential_board_id": "",
        "price": "1376",
        "rarity": "1",
        "resource_id": "",
        "selling_exchange_point": "50",
        "skill_lv_max": "10",
        "special_motion": "1",
        "training_exp": "1526"
    },
    "card_specials": {
        "476": {
            "bonus_view_id1": "0",
            "bonus_view_id2": "0",
            "card_costume_condition_id": "0",
            "causality_conditions": "",
            "eball_num_start": "12",
            "lv_start": "0",
            "priority": "0",
            "special_asset_id": "",
            "special_bonus_id1": "0",
            "special_bonus_id2": "0",
            "special_bonus_lv1": "0",
            "special_bonus_lv2": "0",
            "special_set_id": "116",
            "style": "Normal",
            "view_id": "476"
        }
    },
    "categories": [
        {
            "id": "3"
        },
        {
            "id": "5"
        },
        {
            "id": "9"
        },
        {
            "id": "30"
        },
        {
            "id": "33"
        },
        {
            "id": "35"
        },
        {
            "id": "39"
        },
        {
            "id": "68"
        },
        {
            "id": "79"
        },
        {
            "id": "87"
        },
        {
            "id": "89"
        },
        {
            "id": "91"
        }
    ],
    "leader_skill": {
        "description": "AGL Type Ki +1",
        "id": "100200",
        "name": "Fighting Prodigy",
        "skills": [
            {
                "calc_option": "0",
                "causality_conditions": "",
                "efficacy_type": "20",
                "efficacy_values": "[0, 1, 0]",
                "exec_timing_type": "1",
                "sub_target_type_set_id": "0",
                "target_type": "2"
            },
            {
                "calc_option": "0",
                "causality_conditions": "",
                "efficacy_type": "0",
                "efficacy_values": "[0, 0, 0]",
                "exec_timing_type": "1",
                "sub_target_type_set_id": "0",
                "target_type": "2"
            },
            {
                "calc_option": "0",
                "causality_conditions": "",
                "efficacy_type": "0",
                "efficacy_values": "[0, 0, 0]",
                "exec_timing_type": "1",
                "sub_target_type_set_id": "0",
                "target_type": "2"
            },
            {
                "calc_option": "0",
                "causality_conditions": "",
                "efficacy_type": "0",
                "efficacy_values": "[0, 0, 0]",
                "exec_timing_type": "1",
                "sub_target_type_set_id": "0",
                "target_type": "2"
            },
            {
                "calc_option": "0",
                "causality_conditions": "",
                "efficacy_type": "0",
                "efficacy_values": "[0, 0, 0]",
                "exec_timing_type": "1",
                "sub_target_type_set_id": "0",
                "target_type": "2"
            }
        ]
    },
    "passive_skill": {
        "id": "221",
        "itemized_description": "*Basic effect(s)*\r\n- All allies' ATK 500{passiveImg:up_g}",
        "name": "Surge",
        "skills": [
            {
                "calc_option": "0",
                "causality_conditions": "",
                "eff_value1": "500",
                "eff_value2": "0",
                "eff_value3": "0",
                "efficacy_type": "1",
                "efficacy_values": "{}",
                "exec_timing_type": "1",
                "is_once": "0",
                "passive_skill_effect_id": "",
                "probability": "100",
                "sub_target_type_set_id": "0",
                "target_type": "2",
                "turn": "1"
            }
        ]
    },
    "special_sets": {
        "116": [
            {
                "aim_target": "0",
                "causality_description": "",
                "description": "Causes huge damage to enemy",
                "increase_rate": "100",
                "is_inactive": "0",
                "lv_bonus": "10",
                "name": "Kamekameha"
            }
        ]
    },
    "specials": {
        "116": [
        ]
    }
}
